"transaction_id","merchant_id","customer_id","payment_method","bank","failure_code","failure_stage","amount","timestamp","retry_count","is_recurring","recovery_probability","recovery_status"
"1","MERCH041","CUST0115","UPI","ICICI","INSUFFICIENT_FUNDS","BANK_AUTHORIZATION","2386","2026-08-06 23:24:55","1","False","0.4","recovered"
"2","MERCH028","CUST0033","UPI","SBI","INSUFFICIENT_FUNDS","BANK_AUTHORIZATION","8379","2026-08-31 05:24:09","0","True","0.48","unknown"
"3","MERCH042","CUST0719","CARD","HDFC","PROCESSING_ERROR","PAYMENT_PROCESSING","4657","2026-08-02 07:34:17","1","True","0.53","recovered"
"4","MERCH018","CUST0160","UPI","ICICI","INSUFFICIENT_FUNDS","BANK_AUTHORIZATION","6324","2026-08-06 16:40:57","0","False","0.45","recovered"
"5","MERCH003","CUST0748","CARD","SBI","CARD_BLOCKED","CARD_AUTHORIZATION","6301","2026-08-05 19:48:31","1","False","0.0","not_recovered"
"6","MERCH024","CUST0592","UPI","SBI","INSUFFICIENT_FUNDS","BANK_AUTHORIZATION","3833","2026-08-16 01:09:41","3","False","0.3","not_recovered"
"7","MERCH025","CUST0285","CARD","ICICI","INSUFFICIENT_FUNDS","BANK_AUTHORIZATION","5920","2026-08-12 04:05:36","1","False","0.4","not_recovered"
"8","MERCH005","CUST0624","UPI","HDFC","INSUFFICIENT_FUNDS","BANK_AUTHORIZATION","6316","2026-08-15 02:30:43","3","False","0.3","not_recovered"
"9","MERCH044","CUST0333","UPI","HDFC","CUSTOMER_ACTION_REQUIRED","CUSTOMER_AUTHENTICATION","5268","2026-08-21 11:23:27","0","False","0.4","not_recovered"
"10","MERCH046","CUST0323","UPI","AXIS","PROCESSING_ERROR","PAYMENT_PROCESSING","7617","2026-08-08 22:27:26","0","False","0.55","not_recovered"
"11","MERCH017","CUST0765","CARD","AXIS","PROCESSING_ERROR","PAYMENT_PROCESSING","2366","2026-08-26 17:38:28","0","False","0.55","not_recovered"
"12","MERCH010","CUST0643","UPI","AXIS","PROCESSING_ERROR","PAYMENT_PROCESSING","6404","2026-08-20 12:37:07","1","False","0.5","recovered"
"13","MERCH036","CUST0882","UPI","SBI","BANK_TIMEOUT","BANK_RESPONSE","8897","2026-08-14 22:52:25","1","False","0.45","recovered"
"14","MERCH011","CUST0465","UPI","ICICI","CARD_BLOCKED","CARD_AUTHORIZATION","3027","2026-08-26 15:29:31","2","False","0.0","not_recovered"
"15","MERCH041","CUST0520","UPI","HDFC","PROCESSING_ERROR","PAYMENT_PROCESSING","2746","2026-08-28 04:25:19","3","False","0.4","not_recovered"
"16","MERCH039","CUST0332","CARD","SBI","INSUFFICIENT_FUNDS","BANK_AUTHORIZATION","6047","2026-08-16 22:16:47","0","False","0.45","not_recovered"
"17","MERCH006","CUST0088","CARD","SBI","CARD_BLOCKED","CARD_AUTHORIZATION","8827","2026-08-08 02:31:17","0","False","0.05","not_recovered"
"18","MERCH017","CUST0541","CARD","HDFC","CARD_BLOCKED","CARD_AUTHORIZATION","3395","2026-08-17 03:10:32","0","False","0.05","not_recovered"
"19","MERCH034","CUST0463","UPI","HDFC","INSUFFICIENT_FUNDS","BANK_AUTHORIZATION","5639","2026-08-03 00:30:24","1","False","0.4","recovered"
"20","MERCH005","CUST0725","UPI","HDFC","INSUFFICIENT_FUNDS","BANK_AUTHORIZATION","614","2026-08-18 00:58:37","0","False","0.45","not_recovered"
"21","MERCH014","CUST0553","UPI","AXIS","INSUFFICIENT_FUNDS","BANK_AUTHORIZATION","7849","2026-08-21 18:15:33","0","True","0.48","recovered"
"22","MERCH028","CUST0421","CARD","SBI","BANK_TIMEOUT","BANK_RESPONSE","1712","2026-08-04 22:37:07","0","False","0.5","not_recovered"
"23","MERCH016","CUST0197","UPI","AXIS","INSUFFICIENT_FUNDS","BANK_AUTHORIZATION","3106","2026-08-15 12:31:43","0","False","0.45","recovered"
"24","MERCH036","CUST0101","UPI","SBI","CARD_BLOCKED","CARD_AUTHORIZATION","3972","2026-08-10 01:45:59","0","False","0.05","not_recovered"
"25","MERCH004","CUST0169","CARD","SBI","CARD_BLOCKED","CARD_AUTHORIZATION","4445","2026-08-24 02:07:23","0","False","0.05","not_recovered"
"26","MERCH036","CUST0678","CARD","HDFC","INSUFFICIENT_FUNDS","BANK_AUTHORIZATION","3666","2026-08-04 20:08:16","1","False","0.4","not_recovered"
"27","MERCH004","CUST0052","CARD","HDFC","INSUFFICIENT_FUNDS","BANK_AUTHORIZATION","8420","2026-08-05 21:20:11","2","True","0.38","recovered"
"28","MERCH016","CUST0414","UPI","HDFC","PROCESSING_ERROR","PAYMENT_PROCESSING","751","2026-08-05 23:31:03","0","False","0.55","recovered"
"29","MERCH017","CUST0210","CARD","HDFC","INSUFFICIENT_FUNDS","BANK_AUTHORIZATION","2244","2026-08-16 13:31:18","0","False","0.45","not_recovered"
"30","MERCH001","CUST0470","UPI","SBI","PROCESSING_ERROR","PAYMENT_PROCESSING","8388","2026-08-14 20:58:51","0","False","0.55","recovered"
"31","MERCH016","CUST0379","CARD","HDFC","PROCESSING_ERROR","PAYMENT_PROCESSING","9000","2026-08-16 16:27:28","1","False","0.5","not_recovered"
"32","MERCH001","CUST0684","CARD","SBI","CARD_BLOCKED","CARD_AUTHORIZATION","2300","2026-08-14 20:07:30","0","True","0.08","not_recovered"
"33","MERCH018","CUST0289","UPI","ICICI","INSUFFICIENT_FUNDS","BANK_AUTHORIZATION","4425","2026-08-26 12:50:39","0","False","0.45","not_recovered"
"34","MERCH006","CUST0650","CARD","ICICI","INSUFFICIENT_FUNDS","BANK_AUTHORIZATION","5564","2026-08-08 08:24:57","1","False","0.4","not_recovered"
"35","MERCH036","CUST0723","CARD","SBI","INSUFFICIENT_FUNDS","BANK_AUTHORIZATION","2542","2026-08-28 11:39:31","0","False","0.45","not_recovered"
"36","MERCH028","CUST0131","UPI","ICICI","PROCESSING_ERROR","PAYMENT_PROCESSING","753","2026-08-19 08:52:40","0","False","0.55","recovered"
"37","MERCH050","CUST0574","CARD","HDFC","CARD_BLOCKED","CARD_AUTHORIZATION","3978","2026-08-09 21:19:41","3","False","0.0","not_recovered"
"38","MERCH002","CUST0184","CARD","AXIS","CUSTOMER_ACTION_REQUIRED","CUSTOMER_AUTHENTICATION","4165","2026-08-14 22:51:04","0","False","0.4","recovered"
"39","MERCH003","CUST0880","CARD","HDFC","INSUFFICIENT_FUNDS","BANK_AUTHORIZATION","7641","2026-08-18 23:22:53","0","False","0.45","recovered"
"40","MERCH002","CUST0676","UPI","AXIS","INSUFFICIENT_FUNDS","BANK_AUTHORIZATION","1237","2026-08-15 13:12:15","0","False","0.45","not_recovered"
"41","MERCH035","CUST0340","UPI","SBI","CUSTOMER_ACTION_REQUIRED","CUSTOMER_AUTHENTICATION","4379","2026-08-10 16:02:47","1","False","0.35","recovered"
"42","MERCH039","CUST0445","CARD","ICICI","PROCESSING_ERROR","PAYMENT_PROCESSING","8479","2026-08-07 14:44:13","0","False","0.55","recovered"
"43","MERCH046","CUST0447","UPI","HDFC","PROCESSING_ERROR","PAYMENT_PROCESSING","1246","2026-08-18 00:42:39","1","False","0.5","recovered"
"44","MERCH020","CUST0520","CARD","AXIS","INSUFFICIENT_FUNDS","BANK_AUTHORIZATION","4944","2026-08-28 21:56:14","0","False","0.45","not_recovered"
"45","MERCH044","CUST0767","UPI","ICICI","PROCESSING_ERROR","PAYMENT_PROCESSING","106","2026-08-16 18:02:23","0","False","0.55","not_recovered"
"46","MERCH042","CUST0330","CARD","AXIS","PROCESSING_ERROR","PAYMENT_PROCESSING","3601","2026-08-26 19:33:39","0","False","0.55","not_recovered"
"47","MERCH011","CUST0675","UPI","ICICI","PROCESSING_ERROR","PAYMENT_PROCESSING","5591","2026-08-06 12:48:14","2","False","0.45","not_recovered"
"48","MERCH015","CUST0826","UPI","HDFC","INSUFFICIENT_FUNDS","BANK_AUTHORIZATION","4111","2026-08-25 01:34:26","1","False","0.4","not_recovered"
"49","MERCH041","CUST0590","UPI","AXIS","PROCESSING_ERROR","PAYMENT_PROCESSING","4097","2026-08-09 03:55:59","1","True","0.53","not_recovered"
"50","MERCH050","CUST0907","UPI","AXIS","INSUFFICIENT_FUNDS","BANK_AUTHORIZATION","8586","2026-08-24 13:14:23","0","False","0.45","not_recovered"
"51","MERCH030","CUST0137","CARD","ICICI","CARD_BLOCKED","CARD_AUTHORIZATION","7351","2026-08-31 17:47:30","2","False","0.0","unknown"
"52","MERCH028","CUST0851","CARD","HDFC","BANK_TIMEOUT","BANK_RESPONSE","7877","2026-08-23 20:22:09","0","False","0.5","not_recovered"
"53","MERCH050","CUST0797","CARD","HDFC","INSUFFICIENT_FUNDS","BANK_AUTHORIZATION","1369","2026-08-15 20:53:50","0","False","0.45","not_recovered"
"54","MERCH006","CUST0142","UPI","HDFC","PROCESSING_ERROR","PAYMENT_PROCESSING","2603","2026-08-12 09:16:23","0","False","0.55","recovered"
"55","MERCH027","CUST0064","UPI","AXIS","PROCESSING_ERROR","PAYMENT_PROCESSING","9669","2026-08-02 22:45:22","2","False","0.45","recovered"
"56","MERCH001","CUST0966","CARD","ICICI","BANK_TIMEOUT","BANK_RESPONSE","6965","2026-08-28 03:04:20","1","False","0.45","not_recovered"
"57","MERCH015","CUST0500","UPI","ICICI","PROCESSING_ERROR","PAYMENT_PROCESSING","575","2026-08-20 21:03:05","0","False","0.55","recovered"
"58","MERCH011","CUST0861","CARD","HDFC","CARD_BLOCKED","CARD_AUTHORIZATION","8851","2026-08-03 07:25:05","2","False","0.0","not_recovered"
"59","MERCH006","CUST0659","CARD","HDFC","CUSTOMER_ACTION_REQUIRED","CUSTOMER_AUTHENTICATION","3077","2026-08-04 10:35:09","0","False","0.4","not_recovered"
"60","MERCH022","CUST0780","CARD","ICICI","BANK_TIMEOUT","BANK_RESPONSE","7006","2026-08-14 05:55:03","2","False","0.4","not_recovered"
"61","MERCH004","CUST0975","CARD","HDFC","BANK_TIMEOUT","BANK_RESPONSE","759","2026-08-03 12:09:09","3","True","0.38","recovered"
"62","MERCH010","CUST0245","UPI","AXIS","BANK_TIMEOUT","BANK_RESPONSE","9340","2026-08-12 13:56:49","0","False","0.5","recovered"
"63","MERCH039","CUST0622","UPI","HDFC","CARD_BLOCKED","CARD_AUTHORIZATION","1871","2026-08-30 02:12:59","0","False","0.05","unknown"
"64","MERCH044","CUST0930","CARD","AXIS","CARD_BLOCKED","CARD_AUTHORIZATION","3349","2026-08-05 16:32:32","1","False","0.0","not_recovered"
"65","MERCH045","CUST0792","CARD","SBI","BANK_TIMEOUT","BANK_RESPONSE","9372","2026-08-03 23:50:56","0","False","0.5","recovered"
"66","MERCH033","CUST0664","CARD","SBI","CUSTOMER_ACTION_REQUIRED","CUSTOMER_AUTHENTICATION","8131","2026-08-07 02:57:42","0","False","0.4","not_recovered"
"67","MERCH030","CUST0725","UPI","AXIS","INSUFFICIENT_FUNDS","BANK_AUTHORIZATION","8648","2026-08-15 02:40:07","1","False","0.4","not_recovered"
"68","MERCH030","CUST0447","CARD","ICICI","CUSTOMER_ACTION_REQUIRED","CUSTOMER_AUTHENTICATION","1519","2026-08-15 12:58:29","2","False","0.3","not_recovered"
"69","MERCH040","CUST0685","CARD","ICICI","INSUFFICIENT_FUNDS","BANK_AUTHORIZATION","5425","2026-08-10 19:51:31","0","False","0.45","recovered"
"70","MERCH018","CUST0902","CARD","SBI","PROCESSING_ERROR","PAYMENT_PROCESSING","3230","2026-08-06 03:44:46","0","False","0.55","not_recovered"
"71","MERCH016","CUST0708","CARD","AXIS","PROCESSING_ERROR","PAYMENT_PROCESSING","382","2026-08-06 12:24:54","0","False","0.55","recovered"
"72","MERCH043","CUST0596","CARD","AXIS","PROCESSING_ERROR","PAYMENT_PROCESSING","5732","2026-08-22 15:44:52","3","False","0.4","recovered"
"73","MERCH030","CUST0278","CARD","ICICI","INSUFFICIENT_FUNDS","BANK_AUTHORIZATION","3255","2026-08-17 07:38:24","0","False","0.45","not_recovered"
"74","MERCH012","CUST0197","UPI","AXIS","INSUFFICIENT_FUNDS","BANK_AUTHORIZATION","9759","2026-08-27 11:14:46","1","False","0.4","not_recovered"
"75","MERCH019","CUST0233","CARD","HDFC","INSUFFICIENT_FUNDS","BANK_AUTHORIZATION","8851","2026-08-08 03:28:47","0","False","0.45","not_recovered"
"76","MERCH045","CUST0967","UPI","AXIS","INSUFFICIENT_FUNDS","BANK_AUTHORIZATION","300","2026-08-29 20:49:59","0","False","0.45","recovered"
"77","MERCH004","CUST0259","CARD","SBI","CUSTOMER_ACTION_REQUIRED","CUSTOMER_AUTHENTICATION","6665","2026-08-25 20:55:34","0","False","0.4","recovered"
"78","MERCH010","CUST0831","CARD","SBI","CARD_BLOCKED","CARD_AUTHORIZATION","2040","2026-08-29 02:12:07","1","False","0.0","not_recovered"
"79","MERCH015","CUST0795","CARD","AXIS","CUSTOMER_ACTION_REQUIRED","CUSTOMER_AUTHENTICATION","4971","2026-08-30 13:40:53","3","False","0.25","unknown"
"80","MERCH040","CUST0062","UPI","HDFC","BANK_TIMEOUT","BANK_RESPONSE","4435","2026-08-05 22:35:24","0","True","0.53","recovered"
"81","MERCH001","CUST0419","CARD","AXIS","INSUFFICIENT_FUNDS","BANK_AUTHORIZATION","3892","2026-08-15 23:39:59","1","False","0.4","not_recovered"
"82","MERCH044","CUST0240","CARD","HDFC","PROCESSING_ERROR","PAYMENT_PROCESSING","9022","2026-08-12 21:55:19","1","False","0.5","not_recovered"
"83","MERCH005","CUST0062","UPI","ICICI","PROCESSING_ERROR","PAYMENT_PROCESSING","9425","2026-08-16 00:15:20","0","False","0.55","recovered"
"84","MERCH026","CUST0966","CARD","AXIS","PROCESSING_ERROR","PAYMENT_PROCESSING","9898","2026-08-03 22:26:28","2","False","0.45","not_recovered"
"85","MERCH002","CUST0094","UPI","SBI","CARD_BLOCKED","CARD_AUTHORIZATION","4515","2026-08-29 23:22:35","0","False","0.05","not_recovered"
"86","MERCH042","CUST0453","CARD","HDFC","CARD_BLOCKED","CARD_AUTHORIZATION","7241","2026-08-25 20:54:07","3","False","0.0","not_recovered"
"87","MERCH021","CUST0687","UPI","HDFC","INSUFFICIENT_FUNDS","BANK_AUTHORIZATION","8217","2026-08-15 23:47:53","1","False","0.4","not_recovered"
"88","MERCH003","CUST0466","UPI","ICICI","INSUFFICIENT_FUNDS","BANK_AUTHORIZATION","1999","2026-08-21 14:53:53","2","False","0.35","recovered"
"89","MERCH035","CUST0474","CARD","SBI","INSUFFICIENT_FUNDS","BANK_AUTHORIZATION","6027","2026-08-26 04:47:11","1","False","0.4","recovered"
"90","MERCH036","CUST0135","CARD","AXIS","CUSTOMER_ACTION_REQUIRED","CUSTOMER_AUTHENTICATION","8041","2026-08-07 21:28:17","0","False","0.4","not_recovered"
"91","MERCH046","CUST0163","CARD","SBI","PROCESSING_ERROR","PAYMENT_PROCESSING","1627","2026-08-12 21:47:42","3","False","0.4","not_recovered"
"92","MERCH008","CUST0664","UPI","AXIS","CARD_BLOCKED","CARD_AUTHORIZATION","4881","2026-08-26 16:52:43","1","False","0.0","not_recovered"
"93","MERCH031","CUST0250","CARD","HDFC","PROCESSING_ERROR","PAYMENT_PROCESSING","9920","2026-08-26 16:08:36","1","True","0.53","recovered"
"94","MERCH050","CUST0809","CARD","ICICI","CARD_BLOCKED","CARD_AUTHORIZATION","8418","2026-08-14 23:16:43","2","False","0.0","not_recovered"
"95","MERCH038","CUST0594","CARD","HDFC","PROCESSING_ERROR","PAYMENT_PROCESSING","8035","2026-08-18 18:05:54","0","False","0.55","recovered"
"96","MERCH021","CUST0891","UPI","HDFC","PROCESSING_ERROR","PAYMENT_PROCESSING","3926","2026-08-21 22:35:15","0","False","0.55","not_recovered"
"97","MERCH025","CUST0396","UPI","AXIS","CARD_BLOCKED","CARD_AUTHORIZATION","2168","2026-08-26 09:12:41","3","False","0.0","not_recovered"
"98","MERCH029","CUST0103","CARD","SBI","BANK_TIMEOUT","BANK_RESPONSE","6817","2026-08-09 11:50:37","0","False","0.5","recovered"
"99","MERCH040","CUST0710","CARD","SBI","CUSTOMER_ACTION_REQUIRED","CUSTOMER_AUTHENTICATION","8842","2026-08-20 10:44:34","3","False","0.25","not_recovered"
"100","MERCH032","CUST0894","UPI","SBI","INSUFFICIENT_FUNDS","BANK_AUTHORIZATION","4808","2026-08-13 01:02:26","1","False","0.4","recovered"
"101","MERCH041","CUST0721","UPI","AXIS","INSUFFICIENT_FUNDS","BANK_AUTHORIZATION","5006","2026-08-03 09:43:33","0","False","0.45","recovered"
"102","MERCH024","CUST0442","UPI","HDFC","PROCESSING_ERROR","PAYMENT_PROCESSING","9372","2026-08-10 17:46:53","0","True","0.58","not_recovered"
"103","MERCH040","CUST0700","UPI","AXIS","CUSTOMER_ACTION_REQUIRED","CUSTOMER_AUTHENTICATION","2444","2026-08-13 06:31:08","0","False","0.4","recovered"
"104","MERCH001","CUST0921","CARD","ICICI","BANK_TIMEOUT","BANK_RESPONSE","2688","2026-08-05 14:03:19","0","False","0.5","not_recovered"
"105","MERCH041","CUST0986","CARD","ICICI","PROCESSING_ERROR","PAYMENT_PROCESSING","5049","2026-08-11 16:06:16","3","False","0.4","recovered"
"106","MERCH025","CUST0586","CARD","ICICI","CARD_BLOCKED","CARD_AUTHORIZATION","4937","2026-08-03 01:33:41","3","False","0.0","not_recovered"
"107","MERCH037","CUST0886","UPI","AXIS","CUSTOMER_ACTION_REQUIRED","CUSTOMER_AUTHENTICATION","4789","2026-08-13 04:06:26","1","False","0.35","not_recovered"
"108","MERCH040","CUST0257","UPI","SBI","CUSTOMER_ACTION_REQUIRED","CUSTOMER_AUTHENTICATION","745","2026-08-16 23:55:58","1","True","0.38","recovered"
"109","MERCH009","CUST0093","CARD","ICICI","BANK_TIMEOUT","BANK_RESPONSE","2977","2026-08-11 17:56:34","0","False","0.5","not_recovered"
"110","MERCH034","CUST0514","CARD","HDFC","INSUFFICIENT_FUNDS","BANK_AUTHORIZATION","7994","2026-08-16 07:51:52","1","False","0.4","recovered"
"111","MERCH005","CUST0145","UPI","AXIS","CARD_BLOCKED","CARD_AUTHORIZATION","9231","2026-08-19 18:09:31","0","False","0.05","not_recovered"
"112","MERCH008","CUST0466","CARD","ICICI","PROCESSING_ERROR","PAYMENT_PROCESSING","6186","2026-08-07 06:13:56","1","False","0.5","not_recovered"
"113","MERCH036","CUST0336","UPI","SBI","BANK_TIMEOUT","BANK_RESPONSE","7706","2026-08-16 16:04:37","1","True","0.48","recovered"
"114","MERCH003","CUST0312","CARD","SBI","INSUFFICIENT_FUNDS","BANK_AUTHORIZATION","8907","2026-08-08 14:03:36","0","False","0.45","not_recovered"
"115","MERCH045","CUST0969","CARD","HDFC","CUSTOMER_ACTION_REQUIRED","CUSTOMER_AUTHENTICATION","1722","2026-08-25 18:07:50","1","False","0.35","recovered"
"116","MERCH045","CUST0380","UPI","AXIS","PROCESSING_ERROR","PAYMENT_PROCESSING","3968","2026-08-19 14:33:35","0","False","0.55","recovered"
"117","MERCH042","CUST0368","UPI","AXIS","INSUFFICIENT_FUNDS","BANK_AUTHORIZATION","2101","2026-08-24 01:47:02","0","False","0.45","not_recovered"
"118","MERCH002","CUST0052","CARD","HDFC","CARD_BLOCKED","CARD_AUTHORIZATION","9350","2026-08-11 23:04:54","0","False","0.05","not_recovered"
"119","MERCH014","CUST0833","UPI","ICICI","BANK_TIMEOUT","BANK_RESPONSE","9864","2026-08-02 03:18:13","0","False","0.5","not_recovered"
"120","MERCH035","CUST0257","UPI","SBI","BANK_TIMEOUT","BANK_RESPONSE","522","2026-08-08 09:33:42","0","False","0.5","recovered"
"121","MERCH021","CUST0017","UPI","ICICI","INSUFFICIENT_FUNDS","BANK_AUTHORIZATION","6997","2026-08-27 12:56:02","0","True","0.48","recovered"
"122","MERCH024","CUST0526","UPI","AXIS","PROCESSING_ERROR","PAYMENT_PROCESSING","810","2026-08-27 07:32:04","0","False","0.55","recovered"
"123","MERCH031","CUST0868","CARD","AXIS","BANK_TIMEOUT","BANK_RESPONSE","8132","2026-08-23 12:47:15","0","True","0.53","not_recovered"
"124","MERCH005","CUST0130","CARD","ICICI","PROCESSING_ERROR","PAYMENT_PROCESSING","9887","2026-08-27 18:08:36","0","False","0.55","recovered"
"125","MERCH045","CUST0118","UPI","AXIS","PROCESSING_ERROR","PAYMENT_PROCESSING","3843","2026-08-22 02:07:39","0","False","0.55","recovered"
"126","MERCH007","CUST0321","CARD","ICICI","BANK_TIMEOUT","BANK_RESPONSE","6232","2026-08-09 09:50:14","1","False","0.45","recovered"
"127","MERCH006","CUST0096","CARD","SBI","BANK_TIMEOUT","BANK_RESPONSE","6205","2026-08-08 07:35:43","1","False","0.45","not_recovered"
"128","MERCH022","CUST0687","UPI","AXIS","PROCESSING_ERROR","PAYMENT_PROCESSING","7029","2026-08-04 11:56:20","3","False","0.4","recovered"
"129","MERCH037","CUST0520","UPI","HDFC","BANK_TIMEOUT","BANK_RESPONSE","3774","2026-08-07 06:05:00","0","False","0.5","recovered"
"130","MERCH018","CUST0588","UPI","AXIS","CUSTOMER_ACTION_REQUIRED","CUSTOMER_AUTHENTICATION","9221","2026-08-03 06:35:16","1","False","0.35","not_recovered"
"131","MERCH002","CUST0185","CARD","ICICI","CARD_BLOCKED","CARD_AUTHORIZATION","5851","2026-08-02 07:06:49","0","True","0.08","not_recovered"
"132","MERCH005","CUST0146","UPI","SBI","BANK_TIMEOUT","BANK_RESPONSE","3624","2026-08-20 06:17:53","0","False","0.5","recovered"
"133","MERCH047","CUST0333","UPI","SBI","INSUFFICIENT_FUNDS","BANK_AUTHORIZATION","915","2026-08-05 23:02:57","0","False","0.45","not_recovered"
"134","MERCH029","CUST0425","CARD","HDFC","BANK_TIMEOUT","BANK_RESPONSE","1964","2026-08-18 18:09:19","0","False","0.5","not_recovered"
"135","MERCH032","CUST0540","CARD","SBI","INSUFFICIENT_FUNDS","BANK_AUTHORIZATION","9919","2026-08-04 15:49:32","0","False","0.45","recovered"
"136","MERCH009","CUST0783","CARD","ICICI","INSUFFICIENT_FUNDS","BANK_AUTHORIZATION","226","2026-08-26 03:29:45","1","True","0.43","recovered"
"137","MERCH046","CUST0236","CARD","SBI","PROCESSING_ERROR","PAYMENT_PROCESSING","793","2026-08-23 04:13:57","0","False","0.55","not_recovered"
"138","MERCH037","CUST0440","CARD","AXIS","INSUFFICIENT_FUNDS","BANK_AUTHORIZATION","6736","2026-08-03 00:17:58","3","True","0.33","not_recovered"
"139","MERCH030","CUST0852","CARD","SBI","PROCESSING_ERROR","PAYMENT_PROCESSING","1834","2026-08-13 19:29:03","0","False","0.55","recovered"
"140","MERCH020","CUST0764","CARD","HDFC","INSUFFICIENT_FUNDS","BANK_AUTHORIZATION","2854","2026-08-05 16:59:18","0","True","0.48","not_recovered"
"141","MERCH050","CUST0358","CARD","HDFC","INSUFFICIENT_FUNDS","BANK_AUTHORIZATION","2499","2026-08-14 10:13:28","0","False","0.45","not_recovered"
"142","MERCH042","CUST0078","UPI","AXIS","PROCESSING_ERROR","PAYMENT_PROCESSING","9336","2026-08-30 03:07:45","0","False","0.55","unknown"
"143","MERCH037","CUST0659","CARD","ICICI","INSUFFICIENT_FUNDS","BANK_AUTHORIZATION","1218","2026-08-24 18:19:57","0","False","0.45","recovered"
"144","MERCH004","CUST0361","UPI","ICICI","PROCESSING_ERROR","PAYMENT_PROCESSING","716","2026-08-04 18:16:54","0","False","0.55","not_recovered"
"145","MERCH006","CUST0630","CARD","AXIS","PROCESSING_ERROR","PAYMENT_PROCESSING","772","2026-08-23 19:58:39","2","False","0.45","recovered"
"146","MERCH039","CUST0488","UPI","SBI","PROCESSING_ERROR","PAYMENT_PROCESSING","5726","2026-08-06 02:15:02","0","True","0.58","recovered"
"147","MERCH029","CUST0450","UPI","ICICI","PROCESSING_ERROR","PAYMENT_PROCESSING","4734","2026-08-20 19:22:22","0","False","0.55","not_recovered"
"148","MERCH041","CUST0663","CARD","SBI","INSUFFICIENT_FUNDS","BANK_AUTHORIZATION","9241","2026-08-20 18:22:47","0","False","0.45","not_recovered"
"149","MERCH039","CUST0895","UPI","ICICI","INSUFFICIENT_FUNDS","BANK_AUTHORIZATION","2417","2026-08-18 23:34:14","0","False","0.45","not_recovered"
"150","MERCH009","CUST0610","UPI","ICICI","PROCESSING_ERROR","PAYMENT_PROCESSING","5481","2026-08-08 04:53:25","1","False","0.5","not_recovered"
"151","MERCH044","CUST0935","UPI","AXIS","PROCESSING_ERROR","PAYMENT_PROCESSING","398","2026-08-19 14:27:24","0","False","0.55","recovered"
"152","MERCH050","CUST0498","UPI","HDFC","CARD_BLOCKED","CARD_AUTHORIZATION","2638","2026-08-05 17:54:13","0","False","0.05","not_recovered"
"153","MERCH035","CUST0856","UPI","ICICI","CUSTOMER_ACTION_REQUIRED","CUSTOMER_AUTHENTICATION","2247","2026-08-30 23:50:33","0","True","0.43","unknown"
"154","MERCH045","CUST0790","UPI","AXIS","INSUFFICIENT_FUNDS","BANK_AUTHORIZATION","6068","2026-08-13 12:44:33","3","False","0.3","not_recovered"
"155","MERCH029","CUST0240","UPI","ICICI","CARD_BLOCKED","CARD_AUTHORIZATION","7784","2026-08-11 10:02:42","0","False","0.05","not_recovered"
"156","MERCH030","CUST0788","CARD","AXIS","PROCESSING_ERROR","PAYMENT_PROCESSING","6959","2026-08-09 20:48:41","2","False","0.45","recovered"
"157","MERCH017","CUST0054","CARD","ICICI","PROCESSING_ERROR","PAYMENT_PROCESSING","1780","2026-08-27 01:04:40","2","False","0.45","not_recovered"
"158","MERCH018","CUST0461","UPI","AXIS","INSUFFICIENT_FUNDS","BANK_AUTHORIZATION","3737","2026-08-23 21:36:07","2","False","0.35","not_recovered"
"159","MERCH026","CUST0515","CARD","HDFC","PROCESSING_ERROR","PAYMENT_PROCESSING","1437","2026-08-20 04:48:17","0","False","0.55","recovered"
"160","MERCH046","CUST0666","CARD","HDFC","INSUFFICIENT_FUNDS","BANK_AUTHORIZATION","4800","2026-08-24 22:26:59","1","True","0.43","not_recovered"
"161","MERCH029","CUST0631","UPI","SBI","INSUFFICIENT_FUNDS","BANK_AUTHORIZATION","3633","2026-08-09 06:12:10","0","False","0.45","not_recovered"
"162","MERCH008","CUST0795","CARD","HDFC","INSUFFICIENT_FUNDS","BANK_AUTHORIZATION","882","2026-08-13 13:48:07","0","False","0.45","not_recovered"
"163","MERCH008","CUST0857","CARD","SBI","BANK_TIMEOUT","BANK_RESPONSE","9521","2026-08-13 17:52:42","1","False","0.45","recovered"
"164","MERCH023","CUST0247","CARD","HDFC","BANK_TIMEOUT","BANK_RESPONSE","1502","2026-08-27 09:54:13","3","True","0.38","not_recovered"
"165","MERCH033","CUST0806","UPI","AXIS","CUSTOMER_ACTION_REQUIRED","CUSTOMER_AUTHENTICATION","813","2026-08-20 18:44:57","3","False","0.25","recovered"
"166","MERCH005","CUST0354","UPI","SBI","BANK_TIMEOUT","BANK_RESPONSE","5547","2026-08-08 11:26:00","0","False","0.5","not_recovered"
"167","MERCH012","CUST0851","CARD","AXIS","BANK_TIMEOUT","BANK_RESPONSE","2309","2026-08-05 01:31:02","1","False","0.45","recovered"
"168","MERCH013","CUST0045","UPI","SBI","INSUFFICIENT_FUNDS","BANK_AUTHORIZATION","5180","2026-08-27 00:27:55","0","False","0.45","not_recovered"
"169","MERCH003","CUST0772","UPI","ICICI","PROCESSING_ERROR","PAYMENT_PROCESSING","883","2026-08-18 02:43:13","0","False","0.55","recovered"
"170","MERCH026","CUST0762","CARD","AXIS","INSUFFICIENT_FUNDS","BANK_AUTHORIZATION","3160","2026-08-26 02:07:07","1","False","0.4","not_recovered"
"171","MERCH018","CUST0821","UPI","AXIS","INSUFFICIENT_FUNDS","BANK_AUTHORIZATION","9970","2026-08-10 18:14:49","0","False","0.45","recovered"
"172","MERCH043","CUST0303","CARD","AXIS","BANK_TIMEOUT","BANK_RESPONSE","7081","2026-08-10 02:09:18","1","False","0.45","recovered"
"173","MERCH023","CUST0630","CARD","ICICI","BANK_TIMEOUT","BANK_RESPONSE","1039","2026-08-05 15:25:45","1","False","0.45","not_recovered"
"174","MERCH048","CUST0696","UPI","SBI","INSUFFICIENT_FUNDS","BANK_AUTHORIZATION","7279","2026-08-03 16:32:37","0","False","0.45","not_recovered"
"175","MERCH024","CUST0393","UPI","HDFC","BANK_TIMEOUT","BANK_RESPONSE","6177","2026-08-20 01:25:37","0","True","0.53","recovered"
"176","MERCH024","CUST0408","CARD","ICICI","INSUFFICIENT_FUNDS","BANK_AUTHORIZATION","1958","2026-08-03 06:11:28","1","False","0.4","recovered"
"177","MERCH036","CUST0121","CARD","ICICI","BANK_TIMEOUT","BANK_RESPONSE","3615","2026-08-31 16:53:18","0","False","0.5","unknown"
"178","MERCH032","CUST0205","UPI","HDFC","CUSTOMER_ACTION_REQUIRED","CUSTOMER_AUTHENTICATION","7506","2026-08-10 09:09:33","2","False","0.3","recovered"
"179","MERCH044","CUST0991","CARD","ICICI","BANK_TIMEOUT","BANK_RESPONSE","9111","2026-08-28 07:40:31","0","False","0.5","recovered"
"180","MERCH046","CUST0950","UPI","ICICI","PROCESSING_ERROR","PAYMENT_PROCESSING","2088","2026-08-11 18:09:32","1","False","0.5","recovered"
"181","MERCH024","CUST0568","CARD","AXIS","CUSTOMER_ACTION_REQUIRED","CUSTOMER_AUTHENTICATION","9138","2026-08-08 07:11:39","1","True","0.38","recovered"
"182","MERCH046","CUST0737","CARD","AXIS","BANK_TIMEOUT","BANK_RESPONSE","9519","2026-08-05 13:55:32","0","False","0.5","recovered"
"183","MERCH030","CUST0697","CARD","HDFC","CUSTOMER_ACTION_REQUIRED","CUSTOMER_AUTHENTICATION","9132","2026-08-30 12:49:13","0","False","0.4","unknown"
"184","MERCH028","CUST0515","UPI","SBI","PROCESSING_ERROR","PAYMENT_PROCESSING","5082","2026-08-09 23:50:21","0","False","0.55","recovered"
"185","MERCH034","CUST0917","CARD","SBI","INSUFFICIENT_FUNDS","BANK_AUTHORIZATION","9124","2026-08-15 07:45:31","0","False","0.45","not_recovered"
"186","MERCH033","CUST0657","UPI","HDFC","INSUFFICIENT_FUNDS","BANK_AUTHORIZATION","5631","2026-08-29 08:39:45","0","False","0.45","recovered"
"187","MERCH042","CUST0790","CARD","HDFC","BANK_TIMEOUT","BANK_RESPONSE","6925","2026-08-03 11:17:08","0","False","0.5","recovered"
"188","MERCH020","CUST0495","UPI","AXIS","INSUFFICIENT_FUNDS","BANK_AUTHORIZATION","1295","2026-08-04 21:48:13","0","False","0.45","not_recovered"
"189","MERCH022","CUST0622","UPI","ICICI","CUSTOMER_ACTION_REQUIRED","CUSTOMER_AUTHENTICATION","5331","2026-08-18 18:23:09","3","True","0.28","not_recovered"
"190","MERCH036","CUST0109","CARD","HDFC","PROCESSING_ERROR","PAYMENT_PROCESSING","4482","2026-08-23 19:49:02","0","True","0.58","recovered"
"191","MERCH025","CUST0885","CARD","HDFC","CARD_BLOCKED","CARD_AUTHORIZATION","2716","2026-08-17 21:29:25","3","False","0.0","not_recovered"
"192","MERCH011","CUST0511","CARD","AXIS","CUSTOMER_ACTION_REQUIRED","CUSTOMER_AUTHENTICATION","8248","2026-08-03 03:00:08","0","False","0.4","not_recovered"
"193","MERCH016","CUST0221","CARD","SBI","INSUFFICIENT_FUNDS","BANK_AUTHORIZATION","8208","2026-08-31 00:09:35","2","False","0.35","unknown"
"194","MERCH031","CUST0293","UPI","SBI","PROCESSING_ERROR","PAYMENT_PROCESSING","4433","2026-08-19 18:09:42","1","False","0.5","recovered"
"195","MERCH037","CUST0576","UPI","ICICI","PROCESSING_ERROR","PAYMENT_PROCESSING","1304","2026-08-20 18:07:44","0","False","0.55","recovered"
"196","MERCH040","CUST0697","UPI","HDFC","CARD_BLOCKED","CARD_AUTHORIZATION","6553","2026-08-20 02:48:27","1","False","0.0","not_recovered"
"197","MERCH049","CUST0148","UPI","AXIS","PROCESSING_ERROR","PAYMENT_PROCESSING","842","2026-08-03 21:20:17","0","False","0.55","recovered"
"198","MERCH030","CUST0153","UPI","ICICI","CARD_BLOCKED","CARD_AUTHORIZATION","5318","2026-08-09 21:19:42","0","False","0.05","not_recovered"
"199","MERCH038","CUST0345","CARD","ICICI","PROCESSING_ERROR","PAYMENT_PROCESSING","372","2026-08-19 21:10:04","0","True","0.58","recovered"
"200","MERCH020","CUST0816","UPI","AXIS","INSUFFICIENT_FUNDS","BANK_AUTHORIZATION","9577","2026-08-30 00:59:34","0","True","0.48","unknown"
"201","MERCH031","CUST0175","CARD","HDFC","CUSTOMER_ACTION_REQUIRED","CUSTOMER_AUTHENTICATION","4068","2026-08-03 12:46:56","1","False","0.35","recovered"
"202","MERCH029","CUST0322","CARD","HDFC","PROCESSING_ERROR","PAYMENT_PROCESSING","3440","2026-08-21 22:07:27","0","False","0.55","recovered"
"203","MERCH048","CUST0745","UPI","HDFC","PROCESSING_ERROR","PAYMENT_PROCESSING","9289","2026-08-17 18:42:36","3","False","0.4","recovered"
"204","MERCH012","CUST0471","CARD","ICICI","BANK_TIMEOUT","BANK_RESPONSE","4431","2026-08-31 14:47:26","0","False","0.5","unknown"
"205","MERCH018","CUST0572","CARD","HDFC","CARD_BLOCKED","CARD_AUTHORIZATION","4976","2026-08-16 00:42:51","1","False","0.0","not_recovered"
"206","MERCH031","CUST0358","CARD","ICICI","INSUFFICIENT_FUNDS","BANK_AUTHORIZATION","8999","2026-08-20 10:22:32","2","False","0.35","recovered"
"207","MERCH050","CUST0824","UPI","ICICI","INSUFFICIENT_FUNDS","BANK_AUTHORIZATION","1394","2026-08-18 19:32:33","2","False","0.35","not_recovered"
"208","MERCH014","CUST0207","CARD","ICICI","INSUFFICIENT_FUNDS","BANK_AUTHORIZATION","9714","2026-08-13 14:47:01","0","False","0.45","not_recovered"
"209","MERCH041","CUST0239","UPI","SBI","PROCESSING_ERROR","PAYMENT_PROCESSING","7839","2026-08-06 21:08:35","1","True","0.53","not_recovered"
"210","MERCH011","CUST0417","CARD","AXIS","BANK_TIMEOUT","BANK_RESPONSE","4806","2026-08-17 14:11:14","0","True","0.53","not_recovered"
"211","MERCH042","CUST0588","UPI","SBI","CUSTOMER_ACTION_REQUIRED","CUSTOMER_AUTHENTICATION","2968","2026-08-22 06:52:16","2","True","0.33","not_recovered"
"212","MERCH026","CUST0807","CARD","HDFC","CARD_BLOCKED","CARD_AUTHORIZATION","4842","2026-08-03 19:39:04","0","False","0.05","not_recovered"
"213","MERCH022","CUST0292","CARD","AXIS","CUSTOMER_ACTION_REQUIRED","CUSTOMER_AUTHENTICATION","2298","2026-08-26 11:27:01","0","True","0.43","recovered"
"214","MERCH011","CUST0749","CARD","ICICI","BANK_TIMEOUT","BANK_RESPONSE","330","2026-08-18 08:45:50","1","False","0.45","not_recovered"
"215","MERCH012","CUST0626","CARD","AXIS","PROCESSING_ERROR","PAYMENT_PROCESSING","1521","2026-08-21 11:00:16","1","True","0.53","recovered"
"216","MERCH021","CUST0959","UPI","SBI","INSUFFICIENT_FUNDS","BANK_AUTHORIZATION","3958","2026-08-23 16:29:04","1","False","0.4","recovered"
"217","MERCH047","CUST0587","UPI","ICICI","BANK_TIMEOUT","BANK_RESPONSE","3971","2026-08-05 00:22:48","1","False","0.45","recovered"
"218","MERCH044","CUST0515","CARD","SBI","BANK_TIMEOUT","BANK_RESPONSE","4933","2026-08-19 20:13:10","1","False","0.45","recovered"
"219","MERCH010","CUST0466","CARD","AXIS","BANK_TIMEOUT","BANK_RESPONSE","7814","2026-08-28 02:15:12","2","False","0.4","not_recovered"
"220","MERCH044","CUST0773","UPI","AXIS","PROCESSING_ERROR","PAYMENT_PROCESSING","6027","2026-08-05 18:59:46","2","True","0.48","not_recovered"
"221","MERCH033","CUST0208","UPI","HDFC","INSUFFICIENT_FUNDS","BANK_AUTHORIZATION","8625","2026-08-23 10:46:53","0","False","0.45","not_recovered"
"222","MERCH006","CUST0921","CARD","SBI","PROCESSING_ERROR","PAYMENT_PROCESSING","8509","2026-08-22 04:00:16","0","True","0.58","recovered"
"223","MERCH020","CUST0741","UPI","AXIS","INSUFFICIENT_FUNDS","BANK_AUTHORIZATION","149","2026-08-12 13:52:24","1","True","0.43","recovered"
"224","MERCH005","CUST0555","UPI","SBI","CARD_BLOCKED","CARD_AUTHORIZATION","7834","2026-08-03 12:58:25","0","True","0.08","not_recovered"
"225","MERCH042","CUST0747","CARD","ICICI","CARD_BLOCKED","CARD_AUTHORIZATION","6366","2026-08-23 18:35:01","2","False","0.0","not_recovered"
"226","MERCH044","CUST0988","UPI","ICICI","INSUFFICIENT_FUNDS","BANK_AUTHORIZATION","8902","2026-08-21 01:56:47","0","False","0.45","recovered"
"227","MERCH001","CUST0775","UPI","ICICI","PROCESSING_ERROR","PAYMENT_PROCESSING","9020","2026-08-22 14:08:41","0","False","0.55","recovered"
"228","MERCH023","CUST0159","CARD","HDFC","CARD_BLOCKED","CARD_AUTHORIZATION","1948","2026-08-03 13:32:09","2","False","0.0","not_recovered"
"229","MERCH002","CUST0247","UPI","SBI","INSUFFICIENT_FUNDS","BANK_AUTHORIZATION","650","2026-08-23 16:08:29","1","False","0.4","recovered"
"230","MERCH048","CUST0046","CARD","AXIS","INSUFFICIENT_FUNDS","BANK_AUTHORIZATION","3659","2026-08-04 17:45:43","0","False","0.45","recovered"
"231","MERCH047","CUST0590","CARD","ICICI","INSUFFICIENT_FUNDS","BANK_AUTHORIZATION","2447","2026-08-27 07:18:05","0","False","0.45","recovered"
"232","MERCH038","CUST0901","UPI","AXIS","PROCESSING_ERROR","PAYMENT_PROCESSING","868","2026-08-18 17:16:20","3","False","0.4","not_recovered"
"233","MERCH021","CUST0714","CARD","AXIS","INSUFFICIENT_FUNDS","BANK_AUTHORIZATION","6267","2026-08-10 22:14:04","1","False","0.4","not_recovered"
"234","MERCH020","CUST0879","UPI","AXIS","CUSTOMER_ACTION_REQUIRED","CUSTOMER_AUTHENTICATION","9314","2026-08-22 00:48:14","3","False","0.25","recovered"
"235","MERCH016","CUST0262","UPI","ICICI","BANK_TIMEOUT","BANK_RESPONSE","7469","2026-08-20 00:20:11","0","False","0.5","recovered"
"236","MERCH018","CUST0387","UPI","SBI","INSUFFICIENT_FUNDS","BANK_AUTHORIZATION","9726","2026-08-29 03:06:28","0","False","0.45","not_recovered"
"237","MERCH020","CUST0980","UPI","HDFC","CARD_BLOCKED","CARD_AUTHORIZATION","2022","2026-08-25 05:58:59","2","False","0.0","not_recovered"
"238","MERCH026","CUST0938","UPI","ICICI","BANK_TIMEOUT","BANK_RESPONSE","6336","2026-08-24 15:13:16","0","False","0.5","recovered"
"239","MERCH033","CUST0904","CARD","AXIS","INSUFFICIENT_FUNDS","BANK_AUTHORIZATION","7792","2026-08-17 13:05:55","2","False","0.35","not_recovered"
"240","MERCH037","CUST0885","UPI","HDFC","INSUFFICIENT_FUNDS","BANK_AUTHORIZATION","9165","2026-08-30 08:26:47","1","False","0.4","unknown"
"241","MERCH010","CUST0201","CARD","HDFC","PROCESSING_ERROR","PAYMENT_PROCESSING","4126","2026-08-26 05:43:42","1","False","0.5","recovered"
"242","MERCH049","CUST0842","CARD","AXIS","PROCESSING_ERROR","PAYMENT_PROCESSING","5870","2026-08-10 05:12:31","0","False","0.55","recovered"
"243","MERCH035","CUST0658","UPI","SBI","CUSTOMER_ACTION_REQUIRED","CUSTOMER_AUTHENTICATION","1317","2026-08-04 08:31:24","1","False","0.35","not_recovered"
"244","MERCH015","CUST0070","UPI","SBI","INSUFFICIENT_FUNDS","BANK_AUTHORIZATION","7571","2026-08-20 02:48:37","0","False","0.45","not_recovered"
"245","MERCH031","CUST0676","CARD","SBI","INSUFFICIENT_FUNDS","BANK_AUTHORIZATION","9138","2026-08-21 23:14:38","0","False","0.45","recovered"
"246","MERCH019","CUST0018","CARD","HDFC","INSUFFICIENT_FUNDS","BANK_AUTHORIZATION","1678","2026-08-27 10:57:11","0","True","0.48","not_recovered"
"247","MERCH023","CUST0274","CARD","SBI","PROCESSING_ERROR","PAYMENT_PROCESSING","6752","2026-08-24 06:46:16","1","False","0.5","recovered"
"248","MERCH044","CUST0848","UPI","SBI","INSUFFICIENT_FUNDS","BANK_AUTHORIZATION","6313","2026-08-20 07:26:03","1","True","0.43","recovered"
"249","MERCH011","CUST0085","CARD","AXIS","BANK_TIMEOUT","BANK_RESPONSE","5527","2026-08-29 11:16:14","3","False","0.35","not_recovered"
"250","MERCH003","CUST0236","UPI","AXIS","INSUFFICIENT_FUNDS","BANK_AUTHORIZATION","1318","2026-08-15 14:39:29","2","False","0.35","recovered"
"251","MERCH021","CUST0017","UPI","HDFC","BANK_TIMEOUT","BANK_RESPONSE","6625","2026-08-05 17:38:19","0","False","0.5","not_recovered"
"252","MERCH025","CUST0694","CARD","AXIS","BANK_TIMEOUT","BANK_RESPONSE","2392","2026-08-05 19:22:29","0","False","0.5","recovered"
"253","MERCH028","CUST0238","UPI","ICICI","BANK_TIMEOUT","BANK_RESPONSE","9858","2026-08-21 06:11:33","3","False","0.35","not_recovered"
"254","MERCH029","CUST0503","UPI","ICICI","PROCESSING_ERROR","PAYMENT_PROCESSING","6250","2026-08-22 23:08:21","0","False","0.55","recovered"
"255","MERCH050","CUST0634","CARD","HDFC","BANK_TIMEOUT","BANK_RESPONSE","1444","2026-08-15 00:12:36","0","False","0.5","not_recovered"
"256","MERCH048","CUST0399","CARD","ICICI","INSUFFICIENT_FUNDS","BANK_AUTHORIZATION","185","2026-08-16 23:09:27","0","False","0.45","recovered"
"257","MERCH006","CUST0192","CARD","AXIS","PROCESSING_ERROR","PAYMENT_PROCESSING","8495","2026-08-21 19:24:21","0","True","0.58","recovered"
"258","MERCH039","CUST0613","CARD","AXIS","INSUFFICIENT_FUNDS","BANK_AUTHORIZATION","6879","2026-08-20 19:49:09","1","False","0.4","not_recovered"
"259","MERCH016","CUST0586","UPI","AXIS","INSUFFICIENT_FUNDS","BANK_AUTHORIZATION","4505","2026-08-16 14:50:36","0","True","0.48","recovered"
"260","MERCH018","CUST0432","CARD","AXIS","BANK_TIMEOUT","BANK_RESPONSE","6016","2026-08-14 05:15:05","3","False","0.35","not_recovered"
"261","MERCH040","CUST0201","CARD","SBI","INSUFFICIENT_FUNDS","BANK_AUTHORIZATION","210","2026-08-21 05:00:52","0","False","0.45","not_recovered"
"262","MERCH022","CUST0451","CARD","AXIS","CUSTOMER_ACTION_REQUIRED","CUSTOMER_AUTHENTICATION","9838","2026-08-08 14:35:47","0","False","0.4","not_recovered"
"263","MERCH031","CUST0322","UPI","AXIS","CARD_BLOCKED","CARD_AUTHORIZATION","4875","2026-08-25 20:03:53","3","False","0.0","not_recovered"
"264","MERCH018","CUST0837","CARD","ICICI","INSUFFICIENT_FUNDS","BANK_AUTHORIZATION","9338","2026-08-11 16:47:02","1","False","0.4","not_recovered"
"265","MERCH036","CUST0028","CARD","HDFC","PROCESSING_ERROR","PAYMENT_PROCESSING","4873","2026-08-05 08:34:32","2","False","0.45","recovered"
"266","MERCH032","CUST0143","CARD","HDFC","INSUFFICIENT_FUNDS","BANK_AUTHORIZATION","2625","2026-08-22 12:58:47","1","True","0.43","not_recovered"
"267","MERCH031","CUST0597","CARD","AXIS","PROCESSING_ERROR","PAYMENT_PROCESSING","5990","2026-08-28 01:32:26","1","False","0.5","recovered"
"268","MERCH016","CUST0674","CARD","HDFC","BANK_TIMEOUT","BANK_RESPONSE","825","2026-08-29 08:11:57","3","False","0.35","not_recovered"
"269","MERCH049","CUST0340","CARD","SBI","INSUFFICIENT_FUNDS","BANK_AUTHORIZATION","4339","2026-08-12 18:39:00","0","False","0.45","not_recovered"
"270","MERCH037","CUST0227","CARD","ICICI","PROCESSING_ERROR","PAYMENT_PROCESSING","9743","2026-08-26 07:05:05","0","False","0.55","recovered"
"271","MERCH019","CUST0426","UPI","SBI","CUSTOMER_ACTION_REQUIRED","CUSTOMER_AUTHENTICATION","2421","2026-08-18 21:49:56","0","False","0.4","recovered"
"272","MERCH031","CUST0357","CARD","SBI","PROCESSING_ERROR","PAYMENT_PROCESSING","7512","2026-08-17 11:33:23","0","True","0.58","not_recovered"
"273","MERCH002","CUST0870","CARD","SBI","BANK_TIMEOUT","BANK_RESPONSE","2792","2026-08-13 20:10:45","0","False","0.5","recovered"
"274","MERCH028","CUST0982","CARD","HDFC","BANK_TIMEOUT","BANK_RESPONSE","3122","2026-08-11 01:09:23","1","False","0.45","recovered"
"275","MERCH040","CUST0905","UPI","AXIS","PROCESSING_ERROR","PAYMENT_PROCESSING","6470","2026-08-02 05:11:04","1","False","0.5","not_recovered"
"276","MERCH005","CUST0592","UPI","HDFC","PROCESSING_ERROR","PAYMENT_PROCESSING","3328","2026-08-24 05:05:05","0","False","0.55","recovered"
"277","MERCH041","CUST0321","CARD","AXIS","PROCESSING_ERROR","PAYMENT_PROCESSING","5800","2026-08-19 02:05:31","2","False","0.45","not_recovered"
"278","MERCH046","CUST0820","CARD","SBI","BANK_TIMEOUT","BANK_RESPONSE","5231","2026-08-07 17:19:07","0","True","0.53","recovered"
"279","MERCH010","CUST0524","CARD","AXIS","PROCESSING_ERROR","PAYMENT_PROCESSING","9517","2026-08-20 15:03:16","0","False","0.55","recovered"
"280","MERCH042","CUST0954","UPI","HDFC","PROCESSING_ERROR","PAYMENT_PROCESSING","2398","2026-08-11 01:59:08","0","False","0.55","recovered"
"281","MERCH023","CUST0975","UPI","AXIS","INSUFFICIENT_FUNDS","BANK_AUTHORIZATION","6390","2026-08-29 06:17:25","0","False","0.45","not_recovered"
"282","MERCH027","CUST0728","CARD","AXIS","INSUFFICIENT_FUNDS","BANK_AUTHORIZATION","9363","2026-08-03 11:57:19","1","False","0.4","recovered"
"283","MERCH015","CUST0551","CARD","HDFC","BANK_TIMEOUT","BANK_RESPONSE","9367","2026-08-26 01:04:54","0","True","0.53","recovered"
"284","MERCH050","CUST0557","CARD","SBI","BANK_TIMEOUT","BANK_RESPONSE","7331","2026-08-28 12:32:51","0","False","0.5","not_recovered"
"285","MERCH042","CUST0770","UPI","ICICI","CUSTOMER_ACTION_REQUIRED","CUSTOMER_AUTHENTICATION","628","2026-08-23 19:58:34","0","False","0.4","recovered"
"286","MERCH008","CUST0795","UPI","HDFC","CUSTOMER_ACTION_REQUIRED","CUSTOMER_AUTHENTICATION","9732","2026-08-19 00:30:52","2","False","0.3","not_recovered"
"287","MERCH040","CUST0143","UPI","HDFC","CUSTOMER_ACTION_REQUIRED","CUSTOMER_AUTHENTICATION","9440","2026-08-19 00:43:46","0","False","0.4","recovered"
"288","MERCH046","CUST0300","CARD","ICICI","CARD_BLOCKED","CARD_AUTHORIZATION","8528","2026-08-06 14:56:43","0","False","0.05","not_recovered"
"289","MERCH004","CUST0284","UPI","HDFC","INSUFFICIENT_FUNDS","BANK_AUTHORIZATION","5377","2026-08-14 00:25:19","1","False","0.4","not_recovered"
"290","MERCH037","CUST0648","CARD","AXIS","PROCESSING_ERROR","PAYMENT_PROCESSING","1337","2026-08-06 12:27:47","0","False","0.55","not_recovered"
"291","MERCH024","CUST0466","CARD","ICICI","PROCESSING_ERROR","PAYMENT_PROCESSING","1626","2026-08-24 06:07:55","1","False","0.5","not_recovered"
"292","MERCH035","CUST0408","UPI","AXIS","CUSTOMER_ACTION_REQUIRED","CUSTOMER_AUTHENTICATION","8205","2026-08-15 00:52:05","0","False","0.4","not_recovered"
"293","MERCH009","CUST0580","CARD","ICICI","CUSTOMER_ACTION_REQUIRED","CUSTOMER_AUTHENTICATION","893","2026-08-04 05:31:38","0","False","0.4","not_recovered"
"294","MERCH008","CUST0952","UPI","AXIS","PROCESSING_ERROR","PAYMENT_PROCESSING","7109","2026-08-11 19:43:04","3","False","0.4","not_recovered"
"295","MERCH020","CUST0163","CARD","SBI","BANK_TIMEOUT","BANK_RESPONSE","4202","2026-08-06 00:01:36","0","False","0.5","recovered"
"296","MERCH026","CUST0641","CARD","HDFC","PROCESSING_ERROR","PAYMENT_PROCESSING","1594","2026-08-06 14:53:49","0","False","0.55","recovered"
"297","MERCH015","CUST0532","CARD","SBI","INSUFFICIENT_FUNDS","BANK_AUTHORIZATION","5729","2026-08-07 20:30:06","3","False","0.3","recovered"
"298","MERCH005","CUST0235","CARD","SBI","BANK_TIMEOUT","BANK_RESPONSE","1778","2026-08-07 00:14:18","0","False","0.5","recovered"
"299","MERCH050","CUST0833","UPI","HDFC","INSUFFICIENT_FUNDS","BANK_AUTHORIZATION","9328","2026-08-02 09:52:25","1","True","0.43","recovered"
"300","MERCH014","CUST0644","UPI","AXIS","BANK_TIMEOUT","BANK_RESPONSE","7348","2026-08-12 13:06:30","0","True","0.53","not_recovered"
"301","MERCH038","CUST0748","CARD","ICICI","CARD_BLOCKED","CARD_AUTHORIZATION","5252","2026-08-08 18:54:50","0","False","0.05","not_recovered"
"302","MERCH039","CUST0615","CARD","SBI","CUSTOMER_ACTION_REQUIRED","CUSTOMER_AUTHENTICATION","5042","2026-08-11 23:21:41","0","False","0.4","not_recovered"
"303","MERCH019","CUST0662","UPI","HDFC","PROCESSING_ERROR","PAYMENT_PROCESSING","1947","2026-08-13 16:52:50","0","False","0.55","recovered"
"304","MERCH001","CUST0370","CARD","HDFC","PROCESSING_ERROR","PAYMENT_PROCESSING","9412","2026-08-22 10:20:29","0","False","0.55","not_recovered"
"305","MERCH050","CUST0075","UPI","SBI","INSUFFICIENT_FUNDS","BANK_AUTHORIZATION","3634","2026-08-03 22:24:05","2","False","0.35","not_recovered"
"306","MERCH019","CUST0644","CARD","AXIS","BANK_TIMEOUT","BANK_RESPONSE","1450","2026-08-28 01:08:35","0","True","0.53","recovered"
"307","MERCH006","CUST0524","UPI","HDFC","PROCESSING_ERROR","PAYMENT_PROCESSING","6501","2026-08-30 11:14:55","1","False","0.5","unknown"
"308","MERCH044","CUST0659","UPI","ICICI","BANK_TIMEOUT","BANK_RESPONSE","4009","2026-08-04 19:27:55","0","False","0.5","recovered"
"309","MERCH040","CUST0624","UPI","ICICI","BANK_TIMEOUT","BANK_RESPONSE","2977","2026-08-07 19:09:40","0","True","0.53","recovered"
"310","MERCH032","CUST0976","CARD","ICICI","INSUFFICIENT_FUNDS","BANK_AUTHORIZATION","2179","2026-08-15 01:07:59","1","True","0.43","not_recovered"
"311","MERCH022","CUST0827","CARD","ICICI","PROCESSING_ERROR","PAYMENT_PROCESSING","4408","2026-08-29 23:50:52","1","False","0.5","not_recovered"
"312","MERCH004","CUST0512","UPI","ICICI","INSUFFICIENT_FUNDS","BANK_AUTHORIZATION","1785","2026-08-29 20:39:22","1","True","0.43","not_recovered"
"313","MERCH001","CUST0046","UPI","HDFC","INSUFFICIENT_FUNDS","BANK_AUTHORIZATION","6063","2026-08-20 14:12:12","2","True","0.38","not_recovered"
"314","MERCH003","CUST0567","CARD","HDFC","INSUFFICIENT_FUNDS","BANK_AUTHORIZATION","6919","2026-08-17 12:45:05","0","True","0.48","recovered"
"315","MERCH033","CUST0690","UPI","HDFC","INSUFFICIENT_FUNDS","BANK_AUTHORIZATION","8550","2026-08-04 05:30:38","3","True","0.33","not_recovered"
"316","MERCH019","CUST0793","CARD","ICICI","INSUFFICIENT_FUNDS","BANK_AUTHORIZATION","7583","2026-08-02 09:17:05","0","False","0.45","not_recovered"
"317","MERCH048","CUST0638","UPI","AXIS","PROCESSING_ERROR","PAYMENT_PROCESSING","8183","2026-08-11 11:41:01","1","False","0.5","not_recovered"
"318","MERCH010","CUST0007","CARD","SBI","INSUFFICIENT_FUNDS","BANK_AUTHORIZATION","5775","2026-08-02 11:10:43","3","True","0.33","not_recovered"
"319","MERCH048","CUST0745","CARD","SBI","INSUFFICIENT_FUNDS","BANK_AUTHORIZATION","4002","2026-08-22 09:07:15","0","True","0.48","not_recovered"
"320","MERCH046","CUST0287","UPI","SBI","CARD_BLOCKED","CARD_AUTHORIZATION","8615","2026-08-22 01:14:45","1","False","0.0","not_recovered"
"321","MERCH006","CUST0595","UPI","HDFC","BANK_TIMEOUT","BANK_RESPONSE","6561","2026-08-05 15:11:01","1","True","0.48","not_recovered"
"322","MERCH009","CUST0243","CARD","ICICI","CUSTOMER_ACTION_REQUIRED","CUSTOMER_AUTHENTICATION","6538","2026-08-17 20:06:38","0","False","0.4","recovered"
"323","MERCH013","CUST0140","UPI","HDFC","INSUFFICIENT_FUNDS","BANK_AUTHORIZATION","7465","2026-08-24 14:59:36","0","True","0.48","recovered"
"324","MERCH050","CUST0213","CARD","ICICI","PROCESSING_ERROR","PAYMENT_PROCESSING","2064","2026-08-06 09:20:52","0","False","0.55","not_recovered"
"325","MERCH045","CUST0618","UPI","HDFC","CUSTOMER_ACTION_REQUIRED","CUSTOMER_AUTHENTICATION","5470","2026-08-09 04:48:35","0","False","0.4","recovered"
"326","MERCH033","CUST0051","CARD","ICICI","CUSTOMER_ACTION_REQUIRED","CUSTOMER_AUTHENTICATION","2948","2026-08-03 12:12:47","3","False","0.25","not_recovered"
"327","MERCH036","CUST0256","UPI","AXIS","INSUFFICIENT_FUNDS","BANK_AUTHORIZATION","2390","2026-08-07 21:30:11","0","False","0.45","not_recovered"
"328","MERCH009","CUST0203","CARD","ICICI","BANK_TIMEOUT","BANK_RESPONSE","1476","2026-08-30 06:27:23","1","False","0.45","unknown"
"329","MERCH005","CUST0023","UPI","HDFC","CUSTOMER_ACTION_REQUIRED","CUSTOMER_AUTHENTICATION","7365","2026-08-08 06:03:10","0","False","0.4","not_recovered"
"330","MERCH008","CUST0044","CARD","SBI","INSUFFICIENT_FUNDS","BANK_AUTHORIZATION","9502","2026-08-23 00:39:49","2","False","0.35","recovered"
"331","MERCH044","CUST0437","UPI","ICICI","INSUFFICIENT_FUNDS","BANK_AUTHORIZATION","3166","2026-08-15 08:22:37","0","False","0.45","recovered"
"332","MERCH040","CUST0632","UPI","ICICI","PROCESSING_ERROR","PAYMENT_PROCESSING","9122","2026-08-25 06:06:41","0","False","0.55","recovered"
"333","MERCH013","CUST0659","UPI","SBI","CARD_BLOCKED","CARD_AUTHORIZATION","5983","2026-08-25 06:52:22","0","False","0.05","not_recovered"
"334","MERCH033","CUST0330","CARD","ICICI","INSUFFICIENT_FUNDS","BANK_AUTHORIZATION","5324","2026-08-30 23:41:27","0","False","0.45","unknown"
"335","MERCH050","CUST0288","UPI","AXIS","PROCESSING_ERROR","PAYMENT_PROCESSING","9668","2026-08-13 07:11:15","3","True","0.43","not_recovered"
"336","MERCH018","CUST0547","UPI","HDFC","PROCESSING_ERROR","PAYMENT_PROCESSING","6463","2026-08-19 05:22:38","3","False","0.4","recovered"
"337","MERCH016","CUST0607","CARD","ICICI","CUSTOMER_ACTION_REQUIRED","CUSTOMER_AUTHENTICATION","562","2026-08-19 01:44:21","3","False","0.25","not_recovered"
"338","MERCH013","CUST0857","CARD","ICICI","INSUFFICIENT_FUNDS","BANK_AUTHORIZATION","721","2026-08-06 09:09:26","0","False","0.45","recovered"
"339","MERCH031","CUST0001","CARD","HDFC","CUSTOMER_ACTION_REQUIRED","CUSTOMER_AUTHENTICATION","5682","2026-08-10 14:45:20","2","False","0.3","not_recovered"
"340","MERCH002","CUST0152","UPI","SBI","CUSTOMER_ACTION_REQUIRED","CUSTOMER_AUTHENTICATION","6078","2026-08-05 12:30:19","0","False","0.4","recovered"
"341","MERCH007","CUST0345","CARD","ICICI","INSUFFICIENT_FUNDS","BANK_AUTHORIZATION","2680","2026-08-23 04:59:18","1","False","0.4","not_recovered"
"342","MERCH012","CUST0725","CARD","HDFC","BANK_TIMEOUT","BANK_RESPONSE","2972","2026-08-20 08:50:57","0","False","0.5","recovered"
"343","MERCH047","CUST0002","CARD","SBI","INSUFFICIENT_FUNDS","BANK_AUTHORIZATION","5313","2026-08-31 16:18:38","0","False","0.45","unknown"
"344","MERCH032","CUST0145","CARD","SBI","INSUFFICIENT_FUNDS","BANK_AUTHORIZATION","5334","2026-08-10 03:36:10","1","False","0.4","not_recovered"
"345","MERCH043","CUST0655","CARD","AXIS","INSUFFICIENT_FUNDS","BANK_AUTHORIZATION","3535","2026-08-14 02:44:10","1","False","0.4","not_recovered"
"346","MERCH047","CUST0002","UPI","AXIS","PROCESSING_ERROR","PAYMENT_PROCESSING","6975","2026-08-10 01:47:53","2","False","0.45","recovered"
"347","MERCH035","CUST0385","UPI","AXIS","BANK_TIMEOUT","BANK_RESPONSE","9570","2026-08-12 22:49:22","0","True","0.53","not_recovered"
"348","MERCH019","CUST0021","CARD","ICICI","CARD_BLOCKED","CARD_AUTHORIZATION","1315","2026-08-18 14:14:07","0","False","0.05","not_recovered"
"349","MERCH036","CUST0965","UPI","ICICI","PROCESSING_ERROR","PAYMENT_PROCESSING","8009","2026-08-03 12:06:34","0","False","0.55","not_recovered"
"350","MERCH028","CUST0161","UPI","SBI","INSUFFICIENT_FUNDS","BANK_AUTHORIZATION","3212","2026-08-21 20:50:44","1","False","0.4","not_recovered"
"351","MERCH017","CUST0677","CARD","ICICI","INSUFFICIENT_FUNDS","BANK_AUTHORIZATION","913","2026-08-21 01:45:51","1","False","0.4","recovered"
"352","MERCH024","CUST0004","CARD","SBI","INSUFFICIENT_FUNDS","BANK_AUTHORIZATION","9933","2026-08-25 07:37:23","0","True","0.48","recovered"
"353","MERCH019","CUST0084","CARD","SBI","INSUFFICIENT_FUNDS","BANK_AUTHORIZATION","6612","2026-08-24 20:41:24","0","False","0.45","recovered"
"354","MERCH035","CUST0397","UPI","ICICI","CUSTOMER_ACTION_REQUIRED","CUSTOMER_AUTHENTICATION","6152","2026-08-11 01:23:05","0","False","0.4","not_recovered"
"355","MERCH015","CUST0858","CARD","SBI","INSUFFICIENT_FUNDS","BANK_AUTHORIZATION","1684","2026-08-06 03:51:22","1","False","0.4","not_recovered"
"356","MERCH049","CUST0604","UPI","SBI","CUSTOMER_ACTION_REQUIRED","CUSTOMER_AUTHENTICATION","8661","2026-08-22 07:44:30","3","False","0.25","not_recovered"
"357","MERCH037","CUST0903","UPI","AXIS","INSUFFICIENT_FUNDS","BANK_AUTHORIZATION","6568","2026-08-03 16:27:41","0","False","0.45","not_recovered"
"358","MERCH044","CUST0636","UPI","SBI","CARD_BLOCKED","CARD_AUTHORIZATION","7457","2026-08-10 09:25:06","3","True","0.0","not_recovered"
"359","MERCH013","CUST0130","UPI","AXIS","INSUFFICIENT_FUNDS","BANK_AUTHORIZATION","7233","2026-08-11 19:15:10","3","False","0.3","not_recovered"
"360","MERCH017","CUST0328","UPI","SBI","PROCESSING_ERROR","PAYMENT_PROCESSING","6610","2026-08-28 19:11:23","0","False","0.55","recovered"
"361","MERCH001","CUST0806","CARD","SBI","PROCESSING_ERROR","PAYMENT_PROCESSING","2528","2026-08-29 12:07:47","1","False","0.5","not_recovered"
"362","MERCH007","CUST0577","UPI","ICICI","CUSTOMER_ACTION_REQUIRED","CUSTOMER_AUTHENTICATION","5733","2026-08-21 22:43:17","0","False","0.4","not_recovered"
"363","MERCH031","CUST0039","UPI","ICICI","PROCESSING_ERROR","PAYMENT_PROCESSING","6681","2026-08-03 21:11:05","0","False","0.55","not_recovered"
"364","MERCH004","CUST0764","CARD","ICICI","CUSTOMER_ACTION_REQUIRED","CUSTOMER_AUTHENTICATION","431","2026-08-18 09:38:33","2","False","0.3","recovered"
"365","MERCH032","CUST0879","UPI","HDFC","INSUFFICIENT_FUNDS","BANK_AUTHORIZATION","7359","2026-08-17 13:50:19","0","False","0.45","not_recovered"
"366","MERCH013","CUST0453","UPI","AXIS","BANK_TIMEOUT","BANK_RESPONSE","8562","2026-08-20 03:38:13","2","False","0.4","recovered"
"367","MERCH020","CUST0727","CARD","HDFC","BANK_TIMEOUT","BANK_RESPONSE","8689","2026-08-29 14:33:04","0","True","0.53","not_recovered"
"368","MERCH004","CUST0256","UPI","AXIS","INSUFFICIENT_FUNDS","BANK_AUTHORIZATION","6004","2026-08-11 15:58:46","0","False","0.45","not_recovered"
"369","MERCH041","CUST0946","UPI","SBI","INSUFFICIENT_FUNDS","BANK_AUTHORIZATION","8108","2026-08-30 20:06:39","0","False","0.45","unknown"
"370","MERCH031","CUST0601","CARD","ICICI","INSUFFICIENT_FUNDS","BANK_AUTHORIZATION","4337","2026-08-06 09:18:51","0","False","0.45","recovered"
"371","MERCH037","CUST0799","UPI","HDFC","BANK_TIMEOUT","BANK_RESPONSE","3487","2026-08-15 01:30:18","1","False","0.45","not_recovered"
"372","MERCH050","CUST0699","UPI","AXIS","CUSTOMER_ACTION_REQUIRED","CUSTOMER_AUTHENTICATION","2937","2026-08-31 04:22:52","2","False","0.3","unknown"
"373","MERCH039","CUST0825","CARD","ICICI","PROCESSING_ERROR","PAYMENT_PROCESSING","6268","2026-08-18 22:16:32","0","False","0.55","recovered"
"374","MERCH034","CUST0845","CARD","SBI","INSUFFICIENT_FUNDS","BANK_AUTHORIZATION","6231","2026-08-29 06:08:41","1","False","0.4","recovered"
"375","MERCH007","CUST0494","UPI","ICICI","CARD_BLOCKED","CARD_AUTHORIZATION","5427","2026-08-15 10:35:39","0","False","0.05","not_recovered"
"376","MERCH020","CUST0193","UPI","HDFC","CUSTOMER_ACTION_REQUIRED","CUSTOMER_AUTHENTICATION","9930","2026-08-21 14:48:31","1","False","0.35","not_recovered"
"377","MERCH042","CUST0510","CARD","ICICI","CUSTOMER_ACTION_REQUIRED","CUSTOMER_AUTHENTICATION","6728","2026-08-20 20:22:23","1","False","0.35","not_recovered"
"378","MERCH013","CUST0352","UPI","AXIS","CUSTOMER_ACTION_REQUIRED","CUSTOMER_AUTHENTICATION","5973","2026-08-26 15:03:52","0","True","0.43","not_recovered"
"379","MERCH036","CUST0186","CARD","SBI","PROCESSING_ERROR","PAYMENT_PROCESSING","4337","2026-08-29 03:19:08","1","True","0.53","not_recovered"
"380","MERCH022","CUST0671","UPI","HDFC","PROCESSING_ERROR","PAYMENT_PROCESSING","5131","2026-08-22 09:53:09","1","False","0.5","recovered"
"381","MERCH019","CUST0475","UPI","AXIS","INSUFFICIENT_FUNDS","BANK_AUTHORIZATION","9661","2026-08-30 04:06:49","3","True","0.33","unknown"
"382","MERCH013","CUST0513","UPI","AXIS","PROCESSING_ERROR","PAYMENT_PROCESSING","6868","2026-08-04 14:59:12","2","True","0.48","not_recovered"
"383","MERCH022","CUST0420","CARD","HDFC","INSUFFICIENT_FUNDS","BANK_AUTHORIZATION","3054","2026-08-05 22:09:07","0","False","0.45","recovered"
"384","MERCH041","CUST0060","UPI","AXIS","INSUFFICIENT_FUNDS","BANK_AUTHORIZATION","2862","2026-08-29 23:24:48","1","False","0.4","not_recovered"
"385","MERCH006","CUST0133","CARD","AXIS","PROCESSING_ERROR","PAYMENT_PROCESSING","7921","2026-08-20 14:35:45","0","False","0.55","not_recovered"
"386","MERCH001","CUST0914","CARD","HDFC","INSUFFICIENT_FUNDS","BANK_AUTHORIZATION","167","2026-08-14 01:53:59","0","False","0.45","recovered"
"387","MERCH007","CUST0393","CARD","HDFC","INSUFFICIENT_FUNDS","BANK_AUTHORIZATION","849","2026-08-16 11:25:50","3","False","0.3","not_recovered"
"388","MERCH034","CUST0346","CARD","HDFC","INSUFFICIENT_FUNDS","BANK_AUTHORIZATION","8131","2026-08-19 10:33:27","1","True","0.43","not_recovered"
"389","MERCH026","CUST0020","UPI","HDFC","BANK_TIMEOUT","BANK_RESPONSE","2249","2026-08-12 06:03:16","1","False","0.45","recovered"
"390","MERCH024","CUST0729","UPI","AXIS","CUSTOMER_ACTION_REQUIRED","CUSTOMER_AUTHENTICATION","4290","2026-08-27 23:00:34","1","False","0.35","recovered"
"391","MERCH007","CUST0670","UPI","SBI","BANK_TIMEOUT","BANK_RESPONSE","6928","2026-08-23 13:39:49","0","False","0.5","recovered"
"392","MERCH010","CUST0211","UPI","ICICI","PROCESSING_ERROR","PAYMENT_PROCESSING","1754","2026-08-27 06:12:15","0","False","0.55","recovered"
"393","MERCH007","CUST0524","UPI","ICICI","INSUFFICIENT_FUNDS","BANK_AUTHORIZATION","1841","2026-08-26 03:54:28","0","True","0.48","recovered"
"394","MERCH034","CUST0997","UPI","ICICI","BANK_TIMEOUT","BANK_RESPONSE","4939","2026-08-09 18:50:55","0","False","0.5","recovered"
"395","MERCH031","CUST0339","UPI","SBI","INSUFFICIENT_FUNDS","BANK_AUTHORIZATION","1558","2026-08-07 08:39:40","2","False","0.35","recovered"
"396","MERCH006","CUST0799","UPI","SBI","CUSTOMER_ACTION_REQUIRED","CUSTOMER_AUTHENTICATION","3887","2026-08-24 04:09:13","3","False","0.25","not_recovered"
"397","MERCH007","CUST0833","UPI","SBI","CUSTOMER_ACTION_REQUIRED","CUSTOMER_AUTHENTICATION","6001","2026-08-17 04:19:48","0","True","0.43","not_recovered"
"398","MERCH003","CUST0010","UPI","HDFC","INSUFFICIENT_FUNDS","BANK_AUTHORIZATION","7271","2026-08-15 00:36:11","2","True","0.38","not_recovered"
"399","MERCH012","CUST0117","CARD","AXIS","CARD_BLOCKED","CARD_AUTHORIZATION","4553","2026-08-20 17:23:28","1","False","0.0","not_recovered"
"400","MERCH011","CUST0116","UPI","SBI","CARD_BLOCKED","CARD_AUTHORIZATION","2711","2026-08-07 00:50:04","0","False","0.05","not_recovered"
"401","MERCH044","CUST0449","UPI","AXIS","BANK_TIMEOUT","BANK_RESPONSE","572","2026-08-08 08:13:28","0","False","0.5","not_recovered"
"402","MERCH029","CUST0048","UPI","ICICI","BANK_TIMEOUT","BANK_RESPONSE","302","2026-08-27 11:27:25","1","False","0.45","not_recovered"
"403","MERCH043","CUST0895","CARD","SBI","PROCESSING_ERROR","PAYMENT_PROCESSING","4172","2026-08-25 09:29:19","0","False","0.55","recovered"
"404","MERCH036","CUST0914","UPI","SBI","BANK_TIMEOUT","BANK_RESPONSE","2671","2026-08-26 13:01:44","2","False","0.4","not_recovered"
"405","MERCH005","CUST0770","CARD","ICICI","INSUFFICIENT_FUNDS","BANK_AUTHORIZATION","4657","2026-08-04 10:39:46","0","False","0.45","recovered"
"406","MERCH016","CUST0081","CARD","AXIS","CUSTOMER_ACTION_REQUIRED","CUSTOMER_AUTHENTICATION","7441","2026-08-06 06:33:02","2","False","0.3","recovered"
"407","MERCH032","CUST0764","UPI","SBI","PROCESSING_ERROR","PAYMENT_PROCESSING","687","2026-08-29 01:06:16","0","False","0.55","not_recovered"
"408","MERCH040","CUST0653","CARD","HDFC","BANK_TIMEOUT","BANK_RESPONSE","7574","2026-08-18 13:07:26","0","True","0.53","recovered"
"409","MERCH030","CUST0340","CARD","ICICI","BANK_TIMEOUT","BANK_RESPONSE","1968","2026-08-06 17:31:20","1","False","0.45","recovered"
"410","MERCH041","CUST0988","CARD","ICICI","BANK_TIMEOUT","BANK_RESPONSE","850","2026-08-09 23:15:17","0","False","0.5","not_recovered"
"411","MERCH027","CUST0110","CARD","HDFC","INSUFFICIENT_FUNDS","BANK_AUTHORIZATION","6537","2026-08-12 11:10:47","0","False","0.45","not_recovered"
"412","MERCH007","CUST0776","CARD","SBI","CARD_BLOCKED","CARD_AUTHORIZATION","9747","2026-08-07 23:33:38","1","False","0.0","not_recovered"
"413","MERCH033","CUST0138","CARD","SBI","PROCESSING_ERROR","PAYMENT_PROCESSING","895","2026-08-28 20:33:19","3","False","0.4","not_recovered"
"414","MERCH033","CUST0800","UPI","HDFC","BANK_TIMEOUT","BANK_RESPONSE","2203","2026-08-07 00:38:56","0","False","0.5","not_recovered"
"415","MERCH033","CUST0903","CARD","AXIS","CARD_BLOCKED","CARD_AUTHORIZATION","4167","2026-08-15 06:45:44","0","False","0.05","not_recovered"
"416","MERCH009","CUST0142","CARD","ICICI","CUSTOMER_ACTION_REQUIRED","CUSTOMER_AUTHENTICATION","9075","2026-08-17 05:43:57","1","False","0.35","not_recovered"
"417","MERCH013","CUST0215","CARD","ICICI","CARD_BLOCKED","CARD_AUTHORIZATION","2273","2026-08-10 15:10:00","0","False","0.05","not_recovered"
"418","MERCH008","CUST0780","CARD","AXIS","PROCESSING_ERROR","PAYMENT_PROCESSING","6939","2026-08-27 22:02:30","0","False","0.55","not_recovered"
"419","MERCH034","CUST0110","UPI","AXIS","INSUFFICIENT_FUNDS","BANK_AUTHORIZATION","1027","2026-08-11 16:54:11","0","False","0.45","not_recovered"
"420","MERCH044","CUST0257","UPI","SBI","BANK_TIMEOUT","BANK_RESPONSE","4935","2026-08-11 21:40:41","1","True","0.48","not_recovered"
"421","MERCH007","CUST0631","UPI","AXIS","INSUFFICIENT_FUNDS","BANK_AUTHORIZATION","4812","2026-08-04 06:44:07","2","False","0.35","not_recovered"
"422","MERCH044","CUST0321","UPI","SBI","BANK_TIMEOUT","BANK_RESPONSE","3427","2026-08-23 12:12:24","2","False","0.4","not_recovered"
"423","MERCH042","CUST0377","UPI","HDFC","INSUFFICIENT_FUNDS","BANK_AUTHORIZATION","3006","2026-08-05 14:45:45","0","True","0.48","not_recovered"
"424","MERCH025","CUST0042","CARD","ICICI","PROCESSING_ERROR","PAYMENT_PROCESSING","2231","2026-08-09 19:29:44","1","False","0.5","recovered"
"425","MERCH046","CUST0960","UPI","SBI","INSUFFICIENT_FUNDS","BANK_AUTHORIZATION","5385","2026-08-30 23:24:57","0","False","0.45","unknown"
"426","MERCH040","CUST0864","CARD","AXIS","BANK_TIMEOUT","BANK_RESPONSE","9113","2026-08-19 09:11:59","0","False","0.5","not_recovered"
"427","MERCH012","CUST0534","UPI","HDFC","PROCESSING_ERROR","PAYMENT_PROCESSING","8898","2026-08-21 14:00:53","0","False","0.55","recovered"
"428","MERCH022","CUST0340","CARD","ICICI","INSUFFICIENT_FUNDS","BANK_AUTHORIZATION","8791","2026-08-25 01:14:55","3","False","0.3","not_recovered"
"429","MERCH001","CUST0118","CARD","AXIS","INSUFFICIENT_FUNDS","BANK_AUTHORIZATION","4094","2026-08-03 22:27:37","1","False","0.4","not_recovered"
"430","MERCH008","CUST0396","CARD","ICICI","INSUFFICIENT_FUNDS","BANK_AUTHORIZATION","8568","2026-08-20 04:51:28","0","False","0.45","not_recovered"
"431","MERCH019","CUST0920","UPI","ICICI","PROCESSING_ERROR","PAYMENT_PROCESSING","1672","2026-08-10 03:01:44","3","False","0.4","not_recovered"
"432","MERCH041","CUST0068","UPI","HDFC","CUSTOMER_ACTION_REQUIRED","CUSTOMER_AUTHENTICATION","7050","2026-08-07 01:05:00","0","False","0.4","not_recovered"
"433","MERCH048","CUST0794","CARD","SBI","BANK_TIMEOUT","BANK_RESPONSE","2619","2026-08-03 03:40:27","0","False","0.5","recovered"
"434","MERCH004","CUST0183","CARD","SBI","PROCESSING_ERROR","PAYMENT_PROCESSING","3829","2026-08-14 13:20:48","0","False","0.55","recovered"
"435","MERCH021","CUST0018","CARD","SBI","PROCESSING_ERROR","PAYMENT_PROCESSING","1136","2026-08-30 10:16:58","0","False","0.55","unknown"
"436","MERCH023","CUST0951","UPI","ICICI","BANK_TIMEOUT","BANK_RESPONSE","5037","2026-08-31 10:42:01","0","False","0.5","unknown"
"437","MERCH029","CUST0391","CARD","SBI","PROCESSING_ERROR","PAYMENT_PROCESSING","8840","2026-08-12 16:09:43","0","False","0.55","not_recovered"
"438","MERCH035","CUST0303","UPI","ICICI","BANK_TIMEOUT","BANK_RESPONSE","6213","2026-08-02 12:59:27","1","False","0.45","recovered"
"439","MERCH001","CUST0587","CARD","SBI","INSUFFICIENT_FUNDS","BANK_AUTHORIZATION","5733","2026-08-12 06:41:29","0","False","0.45","not_recovered"
"440","MERCH011","CUST0189","UPI","ICICI","INSUFFICIENT_FUNDS","BANK_AUTHORIZATION","3071","2026-08-29 12:56:37","2","False","0.35","not_recovered"
"441","MERCH036","CUST0473","UPI","ICICI","BANK_TIMEOUT","BANK_RESPONSE","4207","2026-08-06 18:24:50","0","False","0.5","not_recovered"
"442","MERCH023","CUST0132","UPI","SBI","INSUFFICIENT_FUNDS","BANK_AUTHORIZATION","1243","2026-08-11 09:26:31","0","False","0.45","not_recovered"
"443","MERCH020","CUST0711","UPI","ICICI","CUSTOMER_ACTION_REQUIRED","CUSTOMER_AUTHENTICATION","7117","2026-08-10 04:28:45","0","False","0.4","recovered"
"444","MERCH048","CUST0657","CARD","ICICI","CUSTOMER_ACTION_REQUIRED","CUSTOMER_AUTHENTICATION","2300","2026-08-18 02:17:55","2","False","0.3","not_recovered"
"445","MERCH020","CUST0499","UPI","HDFC","BANK_TIMEOUT","BANK_RESPONSE","1443","2026-08-15 14:56:28","2","True","0.43","not_recovered"
"446","MERCH017","CUST0752","UPI","SBI","CUSTOMER_ACTION_REQUIRED","CUSTOMER_AUTHENTICATION","8409","2026-08-03 12:20:38","2","False","0.3","not_recovered"
"447","MERCH014","CUST0929","UPI","ICICI","PROCESSING_ERROR","PAYMENT_PROCESSING","8942","2026-08-24 22:02:27","1","True","0.53","recovered"
"448","MERCH050","CUST0604","CARD","HDFC","PROCESSING_ERROR","PAYMENT_PROCESSING","8462","2026-08-06 09:30:11","0","False","0.55","not_recovered"
"449","MERCH040","CUST0701","UPI","HDFC","PROCESSING_ERROR","PAYMENT_PROCESSING","3035","2026-08-29 11:51:14","3","False","0.4","not_recovered"
"450","MERCH048","CUST0750","CARD","ICICI","INSUFFICIENT_FUNDS","BANK_AUTHORIZATION","8089","2026-08-13 06:00:29","0","False","0.45","recovered"
"451","MERCH014","CUST0531","CARD","AXIS","PROCESSING_ERROR","PAYMENT_PROCESSING","7548","2026-08-04 06:06:12","0","False","0.55","recovered"
"452","MERCH034","CUST0649","CARD","ICICI","PROCESSING_ERROR","PAYMENT_PROCESSING","9441","2026-08-10 10:32:58","0","False","0.55","not_recovered"
"453","MERCH005","CUST0530","CARD","AXIS","CARD_BLOCKED","CARD_AUTHORIZATION","3751","2026-08-27 01:37:00","0","False","0.05","not_recovered"
"454","MERCH031","CUST0909","UPI","HDFC","PROCESSING_ERROR","PAYMENT_PROCESSING","3868","2026-08-05 17:48:51","0","False","0.55","recovered"
"455","MERCH011","CUST0371","UPI","HDFC","PROCESSING_ERROR","PAYMENT_PROCESSING","5510","2026-08-07 12:02:56","0","False","0.55","recovered"
"456","MERCH011","CUST0663","CARD","SBI","INSUFFICIENT_FUNDS","BANK_AUTHORIZATION","2195","2026-08-29 20:09:36","1","True","0.43","not_recovered"
"457","MERCH037","CUST0151","UPI","HDFC","INSUFFICIENT_FUNDS","BANK_AUTHORIZATION","3049","2026-08-27 01:55:48","3","False","0.3","not_recovered"
"458","MERCH002","CUST0900","CARD","SBI","INSUFFICIENT_FUNDS","BANK_AUTHORIZATION","7823","2026-08-25 09:11:03","0","False","0.45","not_recovered"
"459","MERCH038","CUST0841","UPI","ICICI","INSUFFICIENT_FUNDS","BANK_AUTHORIZATION","5714","2026-08-24 00:19:51","1","True","0.43","recovered"
"460","MERCH009","CUST0112","UPI","HDFC","PROCESSING_ERROR","PAYMENT_PROCESSING","8363","2026-08-22 09:05:47","2","False","0.45","recovered"
"461","MERCH040","CUST0615","UPI","SBI","INSUFFICIENT_FUNDS","BANK_AUTHORIZATION","2235","2026-08-31 07:05:56","0","True","0.48","unknown"
"462","MERCH050","CUST0695","CARD","AXIS","PROCESSING_ERROR","PAYMENT_PROCESSING","811","2026-08-27 17:16:51","0","False","0.55","recovered"
"463","MERCH050","CUST0391","CARD","SBI","PROCESSING_ERROR","PAYMENT_PROCESSING","4270","2026-08-25 03:54:35","1","False","0.5","recovered"
"464","MERCH039","CUST0898","CARD","ICICI","INSUFFICIENT_FUNDS","BANK_AUTHORIZATION","216","2026-08-30 01:24:13","0","False","0.45","unknown"
"465","MERCH025","CUST0671","UPI","ICICI","PROCESSING_ERROR","PAYMENT_PROCESSING","1846","2026-08-09 12:19:48","0","False","0.55","recovered"
"466","MERCH035","CUST0434","CARD","ICICI","CARD_BLOCKED","CARD_AUTHORIZATION","6611","2026-08-11 21:19:13","0","False","0.05","not_recovered"
"467","MERCH024","CUST0573","CARD","ICICI","CARD_BLOCKED","CARD_AUTHORIZATION","9564","2026-08-18 17:12:15","1","False","0.0","not_recovered"
"468","MERCH043","CUST0122","UPI","AXIS","BANK_TIMEOUT","BANK_RESPONSE","2750","2026-08-06 20:49:59","0","False","0.5","recovered"
"469","MERCH036","CUST0629","UPI","HDFC","PROCESSING_ERROR","PAYMENT_PROCESSING","186","2026-08-06 10:07:33","2","False","0.45","not_recovered"
"470","MERCH006","CUST0066","CARD","HDFC","PROCESSING_ERROR","PAYMENT_PROCESSING","718","2026-08-20 15:46:20","3","False","0.4","not_recovered"
"471","MERCH019","CUST0729","UPI","HDFC","BANK_TIMEOUT","BANK_RESPONSE","7292","2026-08-02 12:28:42","0","False","0.5","not_recovered"
"472","MERCH019","CUST0200","UPI","HDFC","BANK_TIMEOUT","BANK_RESPONSE","690","2026-08-19 11:07:38","0","True","0.53","recovered"
"473","MERCH018","CUST0799","CARD","ICICI","BANK_TIMEOUT","BANK_RESPONSE","6742","2026-08-30 10:49:58","0","True","0.53","unknown"
"474","MERCH046","CUST0071","UPI","ICICI","BANK_TIMEOUT","BANK_RESPONSE","9260","2026-08-30 07:09:55","0","False","0.5","unknown"
"475","MERCH018","CUST0232","UPI","AXIS","CARD_BLOCKED","CARD_AUTHORIZATION","9519","2026-08-02 05:25:09","0","False","0.05","not_recovered"
"476","MERCH005","CUST0516","CARD","ICICI","CARD_BLOCKED","CARD_AUTHORIZATION","8509","2026-08-14 12:14:04","2","False","0.0","not_recovered"
"477","MERCH045","CUST0454","CARD","AXIS","BANK_TIMEOUT","BANK_RESPONSE","5665","2026-08-24 06:35:49","1","False","0.45","not_recovered"
"478","MERCH031","CUST0120","CARD","SBI","PROCESSING_ERROR","PAYMENT_PROCESSING","3710","2026-08-13 03:53:16","2","False","0.45","recovered"
"479","MERCH035","CUST0010","CARD","HDFC","INSUFFICIENT_FUNDS","BANK_AUTHORIZATION","6636","2026-08-18 14:27:02","0","False","0.45","not_recovered"
"480","MERCH023","CUST0224","CARD","HDFC","CARD_BLOCKED","CARD_AUTHORIZATION","3215","2026-08-26 05:22:34","1","False","0.0","not_recovered"
"481","MERCH017","CUST0212","UPI","HDFC","CUSTOMER_ACTION_REQUIRED","CUSTOMER_AUTHENTICATION","5933","2026-08-09 13:44:52","1","True","0.38","recovered"
"482","MERCH043","CUST0505","UPI","SBI","CUSTOMER_ACTION_REQUIRED","CUSTOMER_AUTHENTICATION","6181","2026-08-17 07:29:14","0","False","0.4","not_recovered"
"483","MERCH018","CUST0503","UPI","ICICI","PROCESSING_ERROR","PAYMENT_PROCESSING","9548","2026-08-08 05:25:02","0","False","0.55","recovered"
"484","MERCH035","CUST0034","CARD","AXIS","CUSTOMER_ACTION_REQUIRED","CUSTOMER_AUTHENTICATION","2963","2026-08-24 04:40:19","3","False","0.25","not_recovered"
"485","MERCH045","CUST0009","UPI","HDFC","PROCESSING_ERROR","PAYMENT_PROCESSING","1750","2026-08-17 19:09:38","0","False","0.55","recovered"
"486","MERCH017","CUST0243","CARD","AXIS","CARD_BLOCKED","CARD_AUTHORIZATION","5721","2026-08-19 18:19:57","0","False","0.05","not_recovered"
"487","MERCH049","CUST0382","CARD","AXIS","INSUFFICIENT_FUNDS","BANK_AUTHORIZATION","3047","2026-08-29 17:44:26","0","False","0.45","recovered"
"488","MERCH007","CUST0739","CARD","HDFC","PROCESSING_ERROR","PAYMENT_PROCESSING","6340","2026-08-11 12:25:48","0","False","0.55","recovered"
"489","MERCH001","CUST0181","CARD","AXIS","INSUFFICIENT_FUNDS","BANK_AUTHORIZATION","8570","2026-08-27 22:08:05","1","False","0.4","recovered"
"490","MERCH036","CUST0880","UPI","AXIS","INSUFFICIENT_FUNDS","BANK_AUTHORIZATION","2776","2026-08-04 21:56:50","0","False","0.45","not_recovered"
"491","MERCH007","CUST0461","CARD","ICICI","PROCESSING_ERROR","PAYMENT_PROCESSING","9280","2026-08-29 01:31:28","3","False","0.4","recovered"
"492","MERCH008","CUST0360","UPI","HDFC","CARD_BLOCKED","CARD_AUTHORIZATION","4763","2026-08-19 05:43:55","0","False","0.05","not_recovered"
"493","MERCH029","CUST0911","UPI","AXIS","BANK_TIMEOUT","BANK_RESPONSE","7698","2026-08-09 00:45:37","2","False","0.4","not_recovered"
"494","MERCH027","CUST0647","CARD","SBI","INSUFFICIENT_FUNDS","BANK_AUTHORIZATION","5729","2026-08-13 01:53:35","0","False","0.45","not_recovered"
"495","MERCH039","CUST0661","CARD","ICICI","CUSTOMER_ACTION_REQUIRED","CUSTOMER_AUTHENTICATION","6050","2026-08-30 11:48:39","0","False","0.4","unknown"
"496","MERCH011","CUST0189","UPI","HDFC","BANK_TIMEOUT","BANK_RESPONSE","4222","2026-08-05 21:16:55","0","False","0.5","recovered"
"497","MERCH031","CUST0562","UPI","SBI","BANK_TIMEOUT","BANK_RESPONSE","8684","2026-08-06 00:59:40","0","False","0.5","recovered"
"498","MERCH025","CUST0317","UPI","HDFC","BANK_TIMEOUT","BANK_RESPONSE","7360","2026-08-08 03:16:49","0","False","0.5","recovered"
"499","MERCH043","CUST0366","CARD","AXIS","PROCESSING_ERROR","PAYMENT_PROCESSING","8956","2026-08-15 05:23:08","0","True","0.58","not_recovered"
"500","MERCH035","CUST0182","CARD","AXIS","PROCESSING_ERROR","PAYMENT_PROCESSING","8845","2026-08-17 00:46:53","2","False","0.45","recovered"
"501","MERCH006","CUST0453","CARD","ICICI","PROCESSING_ERROR","PAYMENT_PROCESSING","2651","2026-08-16 17:41:17","0","False","0.55","not_recovered"
"502","MERCH009","CUST0353","CARD","AXIS","PROCESSING_ERROR","PAYMENT_PROCESSING","8159","2026-08-25 03:49:24","0","False","0.55","not_recovered"
"503","MERCH039","CUST0237","UPI","ICICI","INSUFFICIENT_FUNDS","BANK_AUTHORIZATION","9284","2026-08-23 05:15:56","0","True","0.48","not_recovered"
"504","MERCH025","CUST0849","CARD","HDFC","INSUFFICIENT_FUNDS","BANK_AUTHORIZATION","7017","2026-08-13 15:06:35","0","False","0.45","not_recovered"
"505","MERCH045","CUST0702","CARD","ICICI","BANK_TIMEOUT","BANK_RESPONSE","8815","2026-08-15 01:12:01","0","False","0.5","recovered"
"506","MERCH019","CUST0114","CARD","AXIS","INSUFFICIENT_FUNDS","BANK_AUTHORIZATION","8160","2026-08-11 02:47:26","0","True","0.48","not_recovered"
"507","MERCH002","CUST0191","UPI","ICICI","INSUFFICIENT_FUNDS","BANK_AUTHORIZATION","7283","2026-08-02 09:33:30","0","True","0.48","not_recovered"
"508","MERCH022","CUST0431","CARD","AXIS","CARD_BLOCKED","CARD_AUTHORIZATION","7697","2026-08-03 12:58:35","0","False","0.05","not_recovered"
"509","MERCH004","CUST0273","CARD","SBI","PROCESSING_ERROR","PAYMENT_PROCESSING","3075","2026-08-11 07:55:12","2","False","0.45","recovered"
"510","MERCH001","CUST0125","UPI","AXIS","BANK_TIMEOUT","BANK_RESPONSE","7357","2026-08-13 23:57:53","1","True","0.48","recovered"
"511","MERCH050","CUST0097","UPI","AXIS","PROCESSING_ERROR","PAYMENT_PROCESSING","5213","2026-08-17 16:23:45","0","False","0.55","not_recovered"
"512","MERCH036","CUST0534","UPI","ICICI","PROCESSING_ERROR","PAYMENT_PROCESSING","4995","2026-08-11 15:31:47","0","True","0.58","not_recovered"
"513","MERCH008","CUST0242","CARD","ICICI","INSUFFICIENT_FUNDS","BANK_AUTHORIZATION","4623","2026-08-30 09:13:16","0","False","0.45","unknown"
"514","MERCH001","CUST0993","UPI","AXIS","BANK_TIMEOUT","BANK_RESPONSE","2639","2026-08-20 00:42:38","1","False","0.45","not_recovered"
"515","MERCH044","CUST0634","CARD","SBI","INSUFFICIENT_FUNDS","BANK_AUTHORIZATION","2621","2026-08-28 00:53:48","1","True","0.43","recovered"
"516","MERCH036","CUST0808","CARD","AXIS","BANK_TIMEOUT","BANK_RESPONSE","449","2026-08-20 08:07:57","0","True","0.53","not_recovered"
"517","MERCH032","CUST0724","CARD","ICICI","PROCESSING_ERROR","PAYMENT_PROCESSING","8129","2026-08-11 05:06:17","1","False","0.5","recovered"
"518","MERCH030","CUST0282","UPI","SBI","PROCESSING_ERROR","PAYMENT_PROCESSING","7462","2026-08-16 08:29:01","2","False","0.45","not_recovered"
"519","MERCH050","CUST0654","CARD","HDFC","CUSTOMER_ACTION_REQUIRED","CUSTOMER_AUTHENTICATION","6065","2026-08-13 14:12:23","0","True","0.43","not_recovered"
"520","MERCH025","CUST0195","CARD","HDFC","BANK_TIMEOUT","BANK_RESPONSE","5385","2026-08-21 21:27:24","1","True","0.48","not_recovered"
"521","MERCH005","CUST0045","UPI","HDFC","CUSTOMER_ACTION_REQUIRED","CUSTOMER_AUTHENTICATION","3410","2026-08-07 04:43:41","0","True","0.43","not_recovered"
"522","MERCH025","CUST0674","CARD","ICICI","INSUFFICIENT_FUNDS","BANK_AUTHORIZATION","3716","2026-08-31 09:59:13","1","True","0.43","unknown"
"523","MERCH014","CUST0672","CARD","SBI","PROCESSING_ERROR","PAYMENT_PROCESSING","1094","2026-08-19 12:30:33","1","False","0.5","recovered"
"524","MERCH024","CUST0814","UPI","ICICI","PROCESSING_ERROR","PAYMENT_PROCESSING","1253","2026-08-16 18:04:28","0","False","0.55","recovered"
"525","MERCH007","CUST0743","UPI","AXIS","INSUFFICIENT_FUNDS","BANK_AUTHORIZATION","8721","2026-08-14 01:49:47","1","False","0.4","not_recovered"
"526","MERCH036","CUST0426","UPI","ICICI","BANK_TIMEOUT","BANK_RESPONSE","7097","2026-08-07 01:17:17","0","True","0.53","recovered"
"527","MERCH022","CUST0674","UPI","AXIS","CARD_BLOCKED","CARD_AUTHORIZATION","5263","2026-08-28 16:53:28","3","False","0.0","not_recovered"
"528","MERCH049","CUST0649","CARD","ICICI","BANK_TIMEOUT","BANK_RESPONSE","9326","2026-08-28 11:42:02","0","False","0.5","not_recovered"
"529","MERCH017","CUST0369","CARD","AXIS","CARD_BLOCKED","CARD_AUTHORIZATION","103","2026-08-03 16:23:06","3","False","0.0","not_recovered"
"530","MERCH020","CUST0007","CARD","HDFC","INSUFFICIENT_FUNDS","BANK_AUTHORIZATION","5259","2026-08-03 01:17:02","1","False","0.4","not_recovered"
"531","MERCH036","CUST0524","UPI","SBI","INSUFFICIENT_FUNDS","BANK_AUTHORIZATION","5927","2026-08-09 13:52:40","0","False","0.45","not_recovered"
"532","MERCH015","CUST0263","CARD","SBI","PROCESSING_ERROR","PAYMENT_PROCESSING","9423","2026-08-12 13:19:58","1","False","0.5","not_recovered"
"533","MERCH012","CUST0500","UPI","ICICI","INSUFFICIENT_FUNDS","BANK_AUTHORIZATION","9541","2026-08-20 12:32:00","0","True","0.48","not_recovered"
"534","MERCH023","CUST0901","CARD","AXIS","CARD_BLOCKED","CARD_AUTHORIZATION","2074","2026-08-13 00:08:42","1","False","0.0","not_recovered"
"535","MERCH041","CUST0797","CARD","SBI","INSUFFICIENT_FUNDS","BANK_AUTHORIZATION","774","2026-08-17 12:01:50","0","True","0.48","not_recovered"
"536","MERCH015","CUST0157","UPI","AXIS","CARD_BLOCKED","CARD_AUTHORIZATION","9850","2026-08-29 22:13:13","0","False","0.05","not_recovered"
"537","MERCH026","CUST0152","UPI","ICICI","INSUFFICIENT_FUNDS","BANK_AUTHORIZATION","9462","2026-08-04 09:27:05","0","False","0.45","recovered"
"538","MERCH028","CUST0793","UPI","HDFC","PROCESSING_ERROR","PAYMENT_PROCESSING","3345","2026-08-25 16:23:57","0","False","0.55","not_recovered"
"539","MERCH048","CUST0537","UPI","HDFC","INSUFFICIENT_FUNDS","BANK_AUTHORIZATION","7146","2026-08-17 16:48:06","1","False","0.4","recovered"
"540","MERCH027","CUST0434","CARD","ICICI","INSUFFICIENT_FUNDS","BANK_AUTHORIZATION","5744","2026-08-30 19:55:01","1","False","0.4","unknown"
"541","MERCH011","CUST0359","CARD","HDFC","PROCESSING_ERROR","PAYMENT_PROCESSING","3925","2026-08-11 16:39:00","1","True","0.53","not_recovered"
"542","MERCH006","CUST0116","UPI","HDFC","CARD_BLOCKED","CARD_AUTHORIZATION","2519","2026-08-15 23:10:38","0","False","0.05","not_recovered"
"543","MERCH029","CUST0483","UPI","ICICI","INSUFFICIENT_FUNDS","BANK_AUTHORIZATION","8914","2026-08-12 06:51:09","0","False","0.45","recovered"
"544","MERCH031","CUST0638","UPI","SBI","PROCESSING_ERROR","PAYMENT_PROCESSING","8731","2026-08-04 02:39:36","0","True","0.58","recovered"
"545","MERCH045","CUST0633","CARD","SBI","PROCESSING_ERROR","PAYMENT_PROCESSING","236","2026-08-05 05:35:31","0","False","0.55","not_recovered"
"546","MERCH043","CUST0369","UPI","SBI","INSUFFICIENT_FUNDS","BANK_AUTHORIZATION","6432","2026-08-13 05:19:51","3","False","0.3","not_recovered"
"547","MERCH021","CUST0497","UPI","HDFC","INSUFFICIENT_FUNDS","BANK_AUTHORIZATION","7603","2026-08-29 05:14:53","2","True","0.38","recovered"
"548","MERCH034","CUST0313","CARD","AXIS","PROCESSING_ERROR","PAYMENT_PROCESSING","2672","2026-08-02 21:24:18","0","False","0.55","not_recovered"
"549","MERCH016","CUST0514","CARD","SBI","BANK_TIMEOUT","BANK_RESPONSE","6443","2026-08-03 10:19:48","3","False","0.35","recovered"
"550","MERCH022","CUST0919","CARD","HDFC","INSUFFICIENT_FUNDS","BANK_AUTHORIZATION","6362","2026-08-27 06:40:48","3","False","0.3","not_recovered"
"551","MERCH015","CUST0428","UPI","HDFC","PROCESSING_ERROR","PAYMENT_PROCESSING","5218","2026-08-31 09:18:21","0","False","0.55","unknown"
"552","MERCH014","CUST0669","UPI","HDFC","CUSTOMER_ACTION_REQUIRED","CUSTOMER_AUTHENTICATION","5162","2026-08-27 10:16:39","2","False","0.3","not_recovered"
"553","MERCH050","CUST0149","UPI","ICICI","INSUFFICIENT_FUNDS","BANK_AUTHORIZATION","8832","2026-08-07 17:55:52","0","False","0.45","recovered"
"554","MERCH002","CUST0784","CARD","AXIS","CARD_BLOCKED","CARD_AUTHORIZATION","5070","2026-08-23 12:08:15","1","False","0.0","not_recovered"
"555","MERCH048","CUST0281","UPI","HDFC","INSUFFICIENT_FUNDS","BANK_AUTHORIZATION","3126","2026-08-03 06:31:23","1","False","0.4","recovered"
"556","MERCH037","CUST0628","UPI","HDFC","INSUFFICIENT_FUNDS","BANK_AUTHORIZATION","527","2026-08-19 10:34:11","0","False","0.45","recovered"
"557","MERCH039","CUST0481","CARD","HDFC","CUSTOMER_ACTION_REQUIRED","CUSTOMER_AUTHENTICATION","8151","2026-08-25 00:04:18","0","True","0.43","recovered"
"558","MERCH049","CUST0993","UPI","ICICI","CARD_BLOCKED","CARD_AUTHORIZATION","3746","2026-08-11 20:19:05","1","True","0.03","not_recovered"
"559","MERCH029","CUST0888","CARD","ICICI","CUSTOMER_ACTION_REQUIRED","CUSTOMER_AUTHENTICATION","4143","2026-08-22 18:08:18","0","True","0.43","not_recovered"
"560","MERCH025","CUST0738","CARD","AXIS","BANK_TIMEOUT","BANK_RESPONSE","9470","2026-08-30 19:50:02","0","False","0.5","unknown"
"561","MERCH046","CUST0806","UPI","SBI","PROCESSING_ERROR","PAYMENT_PROCESSING","794","2026-08-13 22:17:11","0","False","0.55","not_recovered"
"562","MERCH036","CUST0397","UPI","HDFC","INSUFFICIENT_FUNDS","BANK_AUTHORIZATION","6621","2026-08-16 18:49:52","1","False","0.4","recovered"
"563","MERCH019","CUST0628","UPI","HDFC","PROCESSING_ERROR","PAYMENT_PROCESSING","7500","2026-08-06 09:22:16","1","True","0.53","not_recovered"
"564","MERCH045","CUST0560","UPI","AXIS","PROCESSING_ERROR","PAYMENT_PROCESSING","7487","2026-08-03 05:01:28","0","False","0.55","not_recovered"
"565","MERCH013","CUST0904","CARD","SBI","INSUFFICIENT_FUNDS","BANK_AUTHORIZATION","2786","2026-08-07 23:56:22","0","False","0.45","not_recovered"
"566","MERCH006","CUST0537","CARD","HDFC","PROCESSING_ERROR","PAYMENT_PROCESSING","6335","2026-08-04 03:09:15","1","False","0.5","not_recovered"
"567","MERCH043","CUST0884","UPI","HDFC","CUSTOMER_ACTION_REQUIRED","CUSTOMER_AUTHENTICATION","3030","2026-08-04 11:46:51","0","False","0.4","not_recovered"
"568","MERCH029","CUST0296","UPI","SBI","CUSTOMER_ACTION_REQUIRED","CUSTOMER_AUTHENTICATION","3423","2026-08-02 04:06:58","1","False","0.35","not_recovered"
"569","MERCH032","CUST0557","UPI","AXIS","INSUFFICIENT_FUNDS","BANK_AUTHORIZATION","9747","2026-08-25 02:14:40","0","False","0.45","not_recovered"
"570","MERCH001","CUST0251","CARD","HDFC","INSUFFICIENT_FUNDS","BANK_AUTHORIZATION","2529","2026-08-04 16:09:14","1","True","0.43","not_recovered"
"571","MERCH043","CUST0592","CARD","ICICI","CARD_BLOCKED","CARD_AUTHORIZATION","903","2026-08-07 06:51:47","0","True","0.08","not_recovered"
"572","MERCH040","CUST0677","UPI","AXIS","BANK_TIMEOUT","BANK_RESPONSE","6001","2026-08-03 17:45:24","0","False","0.5","recovered"
"573","MERCH025","CUST0840","UPI","AXIS","CUSTOMER_ACTION_REQUIRED","CUSTOMER_AUTHENTICATION","1163","2026-08-16 05:10:29","0","True","0.43","not_recovered"
"574","MERCH022","CUST0540","CARD","HDFC","BANK_TIMEOUT","BANK_RESPONSE","1053","2026-08-07 07:20:46","1","False","0.45","not_recovered"
"575","MERCH006","CUST0496","CARD","AXIS","BANK_TIMEOUT","BANK_RESPONSE","5285","2026-08-14 14:31:33","0","False","0.5","recovered"
"576","MERCH009","CUST0630","CARD","AXIS","PROCESSING_ERROR","PAYMENT_PROCESSING","3047","2026-08-31 14:00:33","0","False","0.55","unknown"
"577","MERCH013","CUST0002","UPI","SBI","PROCESSING_ERROR","PAYMENT_PROCESSING","2032","2026-08-12 01:33:28","1","False","0.5","recovered"
"578","MERCH022","CUST0359","UPI","SBI","BANK_TIMEOUT","BANK_RESPONSE","4714","2026-08-14 08:25:04","1","False","0.45","not_recovered"
"579","MERCH021","CUST0786","UPI","SBI","BANK_TIMEOUT","BANK_RESPONSE","5692","2026-08-21 05:25:51","1","False","0.45","recovered"
"580","MERCH012","CUST0199","CARD","ICICI","CARD_BLOCKED","CARD_AUTHORIZATION","7949","2026-08-25 00:49:59","1","False","0.0","not_recovered"
"581","MERCH041","CUST0472","CARD","AXIS","BANK_TIMEOUT","BANK_RESPONSE","6882","2026-08-04 17:16:14","2","False","0.4","not_recovered"
"582","MERCH021","CUST0569","UPI","HDFC","PROCESSING_ERROR","PAYMENT_PROCESSING","5534","2026-08-19 03:58:07","0","True","0.58","not_recovered"
"583","MERCH022","CUST0385","UPI","AXIS","INSUFFICIENT_FUNDS","BANK_AUTHORIZATION","2014","2026-08-16 23:10:25","1","False","0.4","recovered"
"584","MERCH027","CUST0089","CARD","HDFC","PROCESSING_ERROR","PAYMENT_PROCESSING","5058","2026-08-12 11:49:16","0","True","0.58","recovered"
"585","MERCH003","CUST0797","UPI","SBI","PROCESSING_ERROR","PAYMENT_PROCESSING","508","2026-08-25 10:20:36","2","True","0.48","recovered"
"586","MERCH031","CUST0751","CARD","ICICI","INSUFFICIENT_FUNDS","BANK_AUTHORIZATION","1709","2026-08-27 01:21:15","1","True","0.43","not_recovered"
"587","MERCH030","CUST0397","UPI","SBI","INSUFFICIENT_FUNDS","BANK_AUTHORIZATION","821","2026-08-30 20:23:42","2","False","0.35","unknown"
"588","MERCH003","CUST0106","CARD","SBI","PROCESSING_ERROR","PAYMENT_PROCESSING","5214","2026-08-12 04:29:16","0","True","0.58","recovered"
"589","MERCH021","CUST0792","CARD","SBI","INSUFFICIENT_FUNDS","BANK_AUTHORIZATION","2680","2026-08-15 06:48:36","0","False","0.45","not_recovered"
"590","MERCH007","CUST0212","CARD","ICICI","INSUFFICIENT_FUNDS","BANK_AUTHORIZATION","4741","2026-08-29 20:51:18","0","True","0.48","not_recovered"
"591","MERCH022","CUST0554","CARD","SBI","INSUFFICIENT_FUNDS","BANK_AUTHORIZATION","7812","2026-08-04 10:47:07","0","True","0.48","recovered"
"592","MERCH012","CUST0722","CARD","ICICI","INSUFFICIENT_FUNDS","BANK_AUTHORIZATION","3346","2026-08-27 21:33:17","0","False","0.45","not_recovered"
"593","MERCH037","CUST0135","UPI","AXIS","INSUFFICIENT_FUNDS","BANK_AUTHORIZATION","5185","2026-08-24 14:13:34","0","False","0.45","recovered"
"594","MERCH040","CUST0265","CARD","AXIS","INSUFFICIENT_FUNDS","BANK_AUTHORIZATION","5512","2026-08-17 18:22:26","0","True","0.48","recovered"
"595","MERCH023","CUST0491","CARD","HDFC","INSUFFICIENT_FUNDS","BANK_AUTHORIZATION","5811","2026-08-31 08:13:26","1","False","0.4","unknown"
"596","MERCH026","CUST0838","UPI","ICICI","PROCESSING_ERROR","PAYMENT_PROCESSING","1262","2026-08-16 15:59:35","0","False","0.55","recovered"
"597","MERCH040","CUST0250","UPI","AXIS","PROCESSING_ERROR","PAYMENT_PROCESSING","5682","2026-08-12 02:36:54","2","False","0.45","not_recovered"
"598","MERCH028","CUST0581","CARD","HDFC","INSUFFICIENT_FUNDS","BANK_AUTHORIZATION","1376","2026-08-29 20:58:40","2","True","0.38","not_recovered"
"599","MERCH021","CUST0569","UPI","AXIS","INSUFFICIENT_FUNDS","BANK_AUTHORIZATION","6748","2026-08-05 09:05:55","1","False","0.4","not_recovered"
"600","MERCH025","CUST0336","CARD","SBI","INSUFFICIENT_FUNDS","BANK_AUTHORIZATION","2376","2026-08-30 04:38:37","2","False","0.35","unknown"
"601","MERCH001","CUST0776","UPI","HDFC","PROCESSING_ERROR","PAYMENT_PROCESSING","4875","2026-08-20 22:21:45","1","False","0.5","recovered"
"602","MERCH021","CUST0307","CARD","AXIS","BANK_TIMEOUT","BANK_RESPONSE","5740","2026-08-06 08:01:38","1","False","0.45","not_recovered"
"603","MERCH009","CUST0873","CARD","SBI","PROCESSING_ERROR","PAYMENT_PROCESSING","9092","2026-08-04 13:53:52","0","False","0.55","not_recovered"
"604","MERCH008","CUST0882","CARD","SBI","INSUFFICIENT_FUNDS","BANK_AUTHORIZATION","9769","2026-08-21 03:21:21","1","False","0.4","not_recovered"
"605","MERCH028","CUST0559","UPI","HDFC","PROCESSING_ERROR","PAYMENT_PROCESSING","3183","2026-08-28 23:06:46","0","False","0.55","not_recovered"
"606","MERCH010","CUST0296","UPI","HDFC","INSUFFICIENT_FUNDS","BANK_AUTHORIZATION","357","2026-08-08 23:46:02","1","False","0.4","not_recovered"
"607","MERCH009","CUST0087","UPI","AXIS","CUSTOMER_ACTION_REQUIRED","CUSTOMER_AUTHENTICATION","7074","2026-08-10 17:28:44","0","False","0.4","not_recovered"
"608","MERCH025","CUST0364","UPI","HDFC","PROCESSING_ERROR","PAYMENT_PROCESSING","221","2026-08-30 01:20:49","0","False","0.55","unknown"
"609","MERCH046","CUST0514","CARD","AXIS","CARD_BLOCKED","CARD_AUTHORIZATION","9542","2026-08-19 19:33:03","0","True","0.08","not_recovered"
"610","MERCH024","CUST0116","CARD","SBI","INSUFFICIENT_FUNDS","BANK_AUTHORIZATION","8724","2026-08-15 13:32:53","0","True","0.48","not_recovered"
"611","MERCH006","CUST0252","CARD","SBI","BANK_TIMEOUT","BANK_RESPONSE","8934","2026-08-30 03:18:57","0","True","0.53","unknown"
"612","MERCH022","CUST0548","UPI","AXIS","PROCESSING_ERROR","PAYMENT_PROCESSING","7787","2026-08-29 20:43:04","1","False","0.5","not_recovered"
"613","MERCH019","CUST0297","UPI","SBI","BANK_TIMEOUT","BANK_RESPONSE","9891","2026-08-16 18:16:05","1","False","0.45","recovered"
"614","MERCH031","CUST0593","UPI","SBI","BANK_TIMEOUT","BANK_RESPONSE","4880","2026-08-03 07:48:16","0","True","0.53","recovered"
"615","MERCH018","CUST0259","UPI","ICICI","INSUFFICIENT_FUNDS","BANK_AUTHORIZATION","4309","2026-08-02 16:32:51","1","False","0.4","not_recovered"
"616","MERCH048","CUST0155","CARD","ICICI","CUSTOMER_ACTION_REQUIRED","CUSTOMER_AUTHENTICATION","4380","2026-08-13 11:11:17","0","False","0.4","not_recovered"
"617","MERCH022","CUST0087","UPI","HDFC","CUSTOMER_ACTION_REQUIRED","CUSTOMER_AUTHENTICATION","6865","2026-08-20 14:25:18","0","False","0.4","not_recovered"
"618","MERCH014","CUST0592","CARD","SBI","BANK_TIMEOUT","BANK_RESPONSE","2000","2026-08-04 13:11:38","0","False","0.5","recovered"
"619","MERCH048","CUST0972","UPI","AXIS","BANK_TIMEOUT","BANK_RESPONSE","6490","2026-08-25 00:56:12","0","False","0.5","recovered"
"620","MERCH019","CUST0950","CARD","AXIS","BANK_TIMEOUT","BANK_RESPONSE","8787","2026-08-03 23:47:20","0","False","0.5","recovered"
"621","MERCH028","CUST0626","CARD","ICICI","INSUFFICIENT_FUNDS","BANK_AUTHORIZATION","1710","2026-08-14 09:29:50","1","False","0.4","not_recovered"
"622","MERCH048","CUST0248","UPI","ICICI","BANK_TIMEOUT","BANK_RESPONSE","3047","2026-08-17 04:59:08","0","False","0.5","not_recovered"
"623","MERCH001","CUST0422","UPI","SBI","BANK_TIMEOUT","BANK_RESPONSE","5859","2026-08-12 15:38:18","1","False","0.45","recovered"
"624","MERCH040","CUST0095","UPI","HDFC","CARD_BLOCKED","CARD_AUTHORIZATION","2095","2026-08-07 19:47:00","0","False","0.05","not_recovered"
"625","MERCH049","CUST0922","UPI","SBI","BANK_TIMEOUT","BANK_RESPONSE","4250","2026-08-16 07:11:50","0","False","0.5","not_recovered"
"626","MERCH018","CUST0788","CARD","ICICI","INSUFFICIENT_FUNDS","BANK_AUTHORIZATION","1312","2026-08-15 11:03:47","1","False","0.4","recovered"
"627","MERCH004","CUST0265","CARD","HDFC","PROCESSING_ERROR","PAYMENT_PROCESSING","8156","2026-08-11 17:47:47","1","True","0.53","recovered"
"628","MERCH010","CUST0554","CARD","HDFC","BANK_TIMEOUT","BANK_RESPONSE","1840","2026-08-23 10:28:47","1","True","0.48","recovered"
"629","MERCH037","CUST0746","CARD","AXIS","INSUFFICIENT_FUNDS","BANK_AUTHORIZATION","8254","2026-08-09 05:25:40","1","True","0.43","recovered"
"630","MERCH025","CUST0273","UPI","ICICI","CUSTOMER_ACTION_REQUIRED","CUSTOMER_AUTHENTICATION","9514","2026-08-02 04:18:54","0","False","0.4","not_recovered"
"631","MERCH028","CUST0414","UPI","HDFC","INSUFFICIENT_FUNDS","BANK_AUTHORIZATION","7998","2026-08-07 21:12:44","1","False","0.4","recovered"
"632","MERCH044","CUST0311","CARD","SBI","BANK_TIMEOUT","BANK_RESPONSE","1585","2026-08-19 17:40:11","0","False","0.5","recovered"
"633","MERCH030","CUST0779","CARD","HDFC","INSUFFICIENT_FUNDS","BANK_AUTHORIZATION","744","2026-08-20 15:34:59","1","False","0.4","recovered"
"634","MERCH007","CUST0646","CARD","AXIS","INSUFFICIENT_FUNDS","BANK_AUTHORIZATION","7275","2026-08-11 04:44:31","0","True","0.48","not_recovered"
"635","MERCH038","CUST0245","CARD","AXIS","INSUFFICIENT_FUNDS","BANK_AUTHORIZATION","8956","2026-08-16 22:31:56","0","False","0.45","not_recovered"
"636","MERCH002","CUST0038","CARD","SBI","INSUFFICIENT_FUNDS","BANK_AUTHORIZATION","801","2026-08-21 16:27:03","0","False","0.45","not_recovered"
"637","MERCH030","CUST0963","UPI","HDFC","CARD_BLOCKED","CARD_AUTHORIZATION","704","2026-08-08 20:57:53","0","True","0.08","not_recovered"
"638","MERCH040","CUST0047","UPI","HDFC","INSUFFICIENT_FUNDS","BANK_AUTHORIZATION","918","2026-08-16 22:04:26","2","True","0.38","not_recovered"
"639","MERCH038","CUST0066","UPI","SBI","PROCESSING_ERROR","PAYMENT_PROCESSING","3713","2026-08-05 01:31:42","2","False","0.45","not_recovered"
"640","MERCH048","CUST0695","CARD","ICICI","INSUFFICIENT_FUNDS","BANK_AUTHORIZATION","9536","2026-08-28 12:00:06","0","False","0.45","not_recovered"
"641","MERCH049","CUST0047","UPI","ICICI","INSUFFICIENT_FUNDS","BANK_AUTHORIZATION","4587","2026-08-08 20:33:10","1","True","0.43","recovered"
"642","MERCH011","CUST0450","UPI","SBI","INSUFFICIENT_FUNDS","BANK_AUTHORIZATION","6262","2026-08-09 15:47:46","0","False","0.45","recovered"
"643","MERCH012","CUST0949","UPI","ICICI","PROCESSING_ERROR","PAYMENT_PROCESSING","7898","2026-08-08 03:50:25","0","False","0.55","recovered"
"644","MERCH027","CUST0245","UPI","SBI","PROCESSING_ERROR","PAYMENT_PROCESSING","8290","2026-08-31 17:05:22","3","False","0.4","unknown"
"645","MERCH020","CUST0357","CARD","SBI","PROCESSING_ERROR","PAYMENT_PROCESSING","3244","2026-08-07 16:54:23","3","False","0.4","not_recovered"
"646","MERCH049","CUST0553","UPI","AXIS","BANK_TIMEOUT","BANK_RESPONSE","3509","2026-08-15 10:03:37","0","True","0.53","recovered"
"647","MERCH031","CUST0510","UPI","HDFC","BANK_TIMEOUT","BANK_RESPONSE","806","2026-08-04 14:56:48","1","False","0.45","recovered"
"648","MERCH022","CUST0632","CARD","SBI","INSUFFICIENT_FUNDS","BANK_AUTHORIZATION","959","2026-08-28 02:04:13","0","False","0.45","not_recovered"
"649","MERCH008","CUST0073","UPI","AXIS","PROCESSING_ERROR","PAYMENT_PROCESSING","5440","2026-08-22 08:14:51","0","False","0.55","recovered"
"650","MERCH050","CUST0113","CARD","HDFC","INSUFFICIENT_FUNDS","BANK_AUTHORIZATION","6859","2026-08-11 16:57:55","0","False","0.45","not_recovered"
"651","MERCH032","CUST0056","CARD","HDFC","INSUFFICIENT_FUNDS","BANK_AUTHORIZATION","7554","2026-08-10 15:27:20","0","True","0.48","not_recovered"
"652","MERCH041","CUST0368","CARD","HDFC","INSUFFICIENT_FUNDS","BANK_AUTHORIZATION","625","2026-08-29 14:32:37","0","True","0.48","not_recovered"
"653","MERCH030","CUST0429","UPI","ICICI","INSUFFICIENT_FUNDS","BANK_AUTHORIZATION","4935","2026-08-31 07:17:12","0","False","0.45","unknown"
"654","MERCH040","CUST0928","UPI","HDFC","INSUFFICIENT_FUNDS","BANK_AUTHORIZATION","8648","2026-08-25 17:58:29","2","False","0.35","not_recovered"
"655","MERCH030","CUST0286","UPI","AXIS","BANK_TIMEOUT","BANK_RESPONSE","4141","2026-08-14 00:44:40","0","False","0.5","not_recovered"
"656","MERCH038","CUST0969","UPI","SBI","PROCESSING_ERROR","PAYMENT_PROCESSING","824","2026-08-03 22:40:18","3","False","0.4","not_recovered"
"657","MERCH028","CUST0544","CARD","AXIS","CUSTOMER_ACTION_REQUIRED","CUSTOMER_AUTHENTICATION","1705","2026-08-23 23:07:56","0","True","0.43","not_recovered"
"658","MERCH045","CUST0750","CARD","HDFC","INSUFFICIENT_FUNDS","BANK_AUTHORIZATION","4946","2026-08-13 14:31:40","1","True","0.43","not_recovered"
"659","MERCH020","CUST0166","CARD","SBI","CARD_BLOCKED","CARD_AUTHORIZATION","7698","2026-08-08 17:30:30","2","False","0.0","not_recovered"
"660","MERCH024","CUST0642","CARD","SBI","CUSTOMER_ACTION_REQUIRED","CUSTOMER_AUTHENTICATION","1258","2026-08-20 16:25:00","2","False","0.3","recovered"
"661","MERCH028","CUST0771","CARD","HDFC","BANK_TIMEOUT","BANK_RESPONSE","1426","2026-08-18 07:06:45","1","True","0.48","not_recovered"
"662","MERCH044","CUST0373","UPI","SBI","PROCESSING_ERROR","PAYMENT_PROCESSING","7724","2026-08-03 23:37:19","0","True","0.58","recovered"
"663","MERCH005","CUST0575","UPI","HDFC","CARD_BLOCKED","CARD_AUTHORIZATION","4009","2026-08-28 04:43:08","0","False","0.05","not_recovered"
"664","MERCH038","CUST0893","UPI","HDFC","INSUFFICIENT_FUNDS","BANK_AUTHORIZATION","4480","2026-08-26 10:41:48","1","False","0.4","recovered"
"665","MERCH023","CUST0464","CARD","SBI","PROCESSING_ERROR","PAYMENT_PROCESSING","8814","2026-08-27 20:49:17","2","False","0.45","recovered"
"666","MERCH044","CUST0969","UPI","HDFC","CUSTOMER_ACTION_REQUIRED","CUSTOMER_AUTHENTICATION","7601","2026-08-06 05:43:19","0","False","0.4","recovered"
"667","MERCH005","CUST0112","UPI","ICICI","INSUFFICIENT_FUNDS","BANK_AUTHORIZATION","2524","2026-08-26 02:15:53","0","False","0.45","not_recovered"
"668","MERCH002","CUST0301","CARD","HDFC","PROCESSING_ERROR","PAYMENT_PROCESSING","6983","2026-08-23 13:08:03","1","True","0.53","recovered"
"669","MERCH002","CUST0893","UPI","ICICI","PROCESSING_ERROR","PAYMENT_PROCESSING","5716","2026-08-17 20:10:28","0","False","0.55","recovered"
"670","MERCH036","CUST0456","CARD","ICICI","PROCESSING_ERROR","PAYMENT_PROCESSING","5121","2026-08-10 08:05:17","1","False","0.5","recovered"
"671","MERCH019","CUST0789","UPI","HDFC","PROCESSING_ERROR","PAYMENT_PROCESSING","7569","2026-08-10 01:49:37","1","True","0.53","not_recovered"
"672","MERCH012","CUST0997","UPI","HDFC","INSUFFICIENT_FUNDS","BANK_AUTHORIZATION","2015","2026-08-03 23:56:41","3","False","0.3","not_recovered"
"673","MERCH024","CUST0189","UPI","SBI","BANK_TIMEOUT","BANK_RESPONSE","5733","2026-08-09 04:22:03","0","False","0.5","recovered"
"674","MERCH020","CUST0125","UPI","AXIS","CARD_BLOCKED","CARD_AUTHORIZATION","2481","2026-08-24 05:39:22","2","True","0.0","not_recovered"
"675","MERCH035","CUST1000","CARD","ICICI","PROCESSING_ERROR","PAYMENT_PROCESSING","4848","2026-08-29 20:26:27","1","False","0.5","not_recovered"
"676","MERCH029","CUST0347","UPI","AXIS","CUSTOMER_ACTION_REQUIRED","CUSTOMER_AUTHENTICATION","2384","2026-08-28 17:54:53","0","True","0.43","not_recovered"
"677","MERCH015","CUST0457","CARD","SBI","INSUFFICIENT_FUNDS","BANK_AUTHORIZATION","3297","2026-08-30 07:44:48","0","False","0.45","unknown"
"678","MERCH050","CUST0285","UPI","SBI","INSUFFICIENT_FUNDS","BANK_AUTHORIZATION","7398","2026-08-06 05:48:05","3","False","0.3","not_recovered"
"679","MERCH039","CUST0620","UPI","ICICI","PROCESSING_ERROR","PAYMENT_PROCESSING","7106","2026-08-19 22:39:00","0","True","0.58","recovered"
"680","MERCH020","CUST0457","UPI","HDFC","BANK_TIMEOUT","BANK_RESPONSE","7378","2026-08-22 04:13:13","2","False","0.4","not_recovered"
"681","MERCH028","CUST0747","CARD","HDFC","CUSTOMER_ACTION_REQUIRED","CUSTOMER_AUTHENTICATION","9896","2026-08-06 04:17:17","0","False","0.4","not_recovered"
"682","MERCH034","CUST0344","UPI","AXIS","INSUFFICIENT_FUNDS","BANK_AUTHORIZATION","6808","2026-08-15 06:27:04","0","False","0.45","not_recovered"
"683","MERCH049","CUST0937","UPI","HDFC","INSUFFICIENT_FUNDS","BANK_AUTHORIZATION","6354","2026-08-16 01:14:56","1","True","0.43","not_recovered"
"684","MERCH038","CUST0312","CARD","AXIS","INSUFFICIENT_FUNDS","BANK_AUTHORIZATION","140","2026-08-09 11:27:03","0","False","0.45","not_recovered"
"685","MERCH031","CUST0128","CARD","AXIS","INSUFFICIENT_FUNDS","BANK_AUTHORIZATION","4109","2026-08-03 09:08:16","0","False","0.45","not_recovered"
"686","MERCH005","CUST0614","CARD","AXIS","PROCESSING_ERROR","PAYMENT_PROCESSING","4325","2026-08-25 02:37:39","3","False","0.4","recovered"
"687","MERCH047","CUST0590","UPI","ICICI","INSUFFICIENT_FUNDS","BANK_AUTHORIZATION","1058","2026-08-09 02:15:43","0","False","0.45","recovered"
"688","MERCH011","CUST0055","CARD","ICICI","PROCESSING_ERROR","PAYMENT_PROCESSING","5932","2026-08-04 08:45:25","0","False","0.55","not_recovered"
"689","MERCH033","CUST0199","UPI","SBI","PROCESSING_ERROR","PAYMENT_PROCESSING","2838","2026-08-28 09:28:14","0","False","0.55","not_recovered"
"690","MERCH020","CUST0278","CARD","SBI","PROCESSING_ERROR","PAYMENT_PROCESSING","5861","2026-08-08 23:26:34","0","False","0.55","recovered"
"691","MERCH032","CUST0422","CARD","HDFC","INSUFFICIENT_FUNDS","BANK_AUTHORIZATION","2632","2026-08-26 10:29:00","0","True","0.48","not_recovered"
"692","MERCH040","CUST0707","UPI","AXIS","PROCESSING_ERROR","PAYMENT_PROCESSING","1351","2026-08-07 15:48:31","2","False","0.45","not_recovered"
"693","MERCH020","CUST0708","CARD","HDFC","CUSTOMER_ACTION_REQUIRED","CUSTOMER_AUTHENTICATION","9891","2026-08-27 09:28:48","1","False","0.35","not_recovered"
"694","MERCH002","CUST0763","UPI","HDFC","INSUFFICIENT_FUNDS","BANK_AUTHORIZATION","2432","2026-08-12 23:58:42","0","False","0.45","not_recovered"
"695","MERCH028","CUST0708","UPI","SBI","INSUFFICIENT_FUNDS","BANK_AUTHORIZATION","8034","2026-08-22 22:26:23","0","True","0.48","not_recovered"
"696","MERCH033","CUST0608","UPI","AXIS","INSUFFICIENT_FUNDS","BANK_AUTHORIZATION","4245","2026-08-04 02:25:35","0","False","0.45","not_recovered"
"697","MERCH008","CUST0943","UPI","HDFC","INSUFFICIENT_FUNDS","BANK_AUTHORIZATION","5859","2026-08-03 10:05:21","0","False","0.45","not_recovered"
"698","MERCH038","CUST0357","CARD","HDFC","CUSTOMER_ACTION_REQUIRED","CUSTOMER_AUTHENTICATION","4062","2026-08-26 12:15:42","1","True","0.38","not_recovered"
"699","MERCH001","CUST0542","UPI","HDFC","CARD_BLOCKED","CARD_AUTHORIZATION","2914","2026-08-28 01:47:51","0","False","0.05","not_recovered"
"700","MERCH033","CUST0872","CARD","ICICI","BANK_TIMEOUT","BANK_RESPONSE","3133","2026-08-23 08:14:52","1","True","0.48","not_recovered"
"701","MERCH025","CUST0435","UPI","HDFC","PROCESSING_ERROR","PAYMENT_PROCESSING","5249","2026-08-08 00:01:20","0","False","0.55","recovered"
"702","MERCH024","CUST0722","CARD","SBI","INSUFFICIENT_FUNDS","BANK_AUTHORIZATION","8188","2026-08-07 14:49:35","0","False","0.45","not_recovered"
"703","MERCH044","CUST1000","CARD","HDFC","PROCESSING_ERROR","PAYMENT_PROCESSING","4861","2026-08-22 18:36:41","0","True","0.58","not_recovered"
"704","MERCH031","CUST0962","CARD","HDFC","INSUFFICIENT_FUNDS","BANK_AUTHORIZATION","8155","2026-08-07 02:32:02","0","False","0.45","not_recovered"
"705","MERCH008","CUST0147","CARD","AXIS","BANK_TIMEOUT","BANK_RESPONSE","1766","2026-08-10 04:34:36","0","False","0.5","recovered"
"706","MERCH039","CUST0865","CARD","SBI","INSUFFICIENT_FUNDS","BANK_AUTHORIZATION","7058","2026-08-26 05:30:19","0","False","0.45","not_recovered"
"707","MERCH018","CUST0775","CARD","ICICI","PROCESSING_ERROR","PAYMENT_PROCESSING","9982","2026-08-21 15:12:39","3","False","0.4","recovered"
"708","MERCH030","CUST0111","UPI","ICICI","PROCESSING_ERROR","PAYMENT_PROCESSING","3881","2026-08-08 12:49:48","0","False","0.55","not_recovered"
"709","MERCH032","CUST0695","UPI","HDFC","PROCESSING_ERROR","PAYMENT_PROCESSING","5456","2026-08-09 09:57:03","0","False","0.55","not_recovered"
"710","MERCH043","CUST0770","CARD","AXIS","INSUFFICIENT_FUNDS","BANK_AUTHORIZATION","8257","2026-08-25 19:10:59","0","False","0.45","not_recovered"
"711","MERCH035","CUST0560","UPI","SBI","CARD_BLOCKED","CARD_AUTHORIZATION","2051","2026-08-20 14:57:40","0","False","0.05","not_recovered"
"712","MERCH003","CUST0034","UPI","ICICI","CUSTOMER_ACTION_REQUIRED","CUSTOMER_AUTHENTICATION","2789","2026-08-25 20:36:54","0","False","0.4","recovered"
"713","MERCH049","CUST0113","CARD","AXIS","PROCESSING_ERROR","PAYMENT_PROCESSING","2660","2026-08-26 14:19:51","0","False","0.55","not_recovered"
"714","MERCH025","CUST0632","CARD","ICICI","INSUFFICIENT_FUNDS","BANK_AUTHORIZATION","561","2026-08-30 15:56:23","0","False","0.45","unknown"
"715","MERCH023","CUST0829","UPI","ICICI","PROCESSING_ERROR","PAYMENT_PROCESSING","7114","2026-08-18 18:07:14","3","False","0.4","recovered"
"716","MERCH016","CUST0254","UPI","ICICI","PROCESSING_ERROR","PAYMENT_PROCESSING","1173","2026-08-16 19:14:55","0","True","0.58","recovered"
"717","MERCH003","CUST0472","CARD","AXIS","INSUFFICIENT_FUNDS","BANK_AUTHORIZATION","7795","2026-08-30 13:03:25","0","False","0.45","unknown"
"718","MERCH037","CUST0400","CARD","SBI","CUSTOMER_ACTION_REQUIRED","CUSTOMER_AUTHENTICATION","1739","2026-08-11 23:54:02","0","False","0.4","not_recovered"
"719","MERCH022","CUST0171","CARD","ICICI","CARD_BLOCKED","CARD_AUTHORIZATION","3405","2026-08-26 02:59:26","1","False","0.0","not_recovered"
"720","MERCH035","CUST0220","CARD","ICICI","INSUFFICIENT_FUNDS","BANK_AUTHORIZATION","9496","2026-08-21 12:23:44","2","False","0.35","not_recovered"
"721","MERCH046","CUST0865","UPI","ICICI","INSUFFICIENT_FUNDS","BANK_AUTHORIZATION","9380","2026-08-27 18:44:02","0","False","0.45","not_recovered"
"722","MERCH042","CUST0844","CARD","ICICI","PROCESSING_ERROR","PAYMENT_PROCESSING","8946","2026-08-17 05:04:57","0","False","0.55","not_recovered"
"723","MERCH030","CUST0688","UPI","SBI","BANK_TIMEOUT","BANK_RESPONSE","8557","2026-08-11 01:20:01","1","False","0.45","not_recovered"
"724","MERCH048","CUST0961","CARD","ICICI","CARD_BLOCKED","CARD_AUTHORIZATION","8828","2026-08-31 19:51:13","2","False","0.0","unknown"
"725","MERCH037","CUST0745","UPI","HDFC","PROCESSING_ERROR","PAYMENT_PROCESSING","2520","2026-08-13 16:03:21","0","False","0.55","recovered"
"726","MERCH028","CUST0421","CARD","SBI","BANK_TIMEOUT","BANK_RESPONSE","6857","2026-08-14 23:00:05","2","False","0.4","recovered"
"727","MERCH039","CUST0242","CARD","HDFC","INSUFFICIENT_FUNDS","BANK_AUTHORIZATION","3244","2026-08-03 08:16:39","0","False","0.45","not_recovered"
"728","MERCH036","CUST0447","CARD","SBI","INSUFFICIENT_FUNDS","BANK_AUTHORIZATION","4568","2026-08-08 14:57:11","0","False","0.45","recovered"
"729","MERCH036","CUST0181","UPI","AXIS","BANK_TIMEOUT","BANK_RESPONSE","1006","2026-08-06 01:47:06","0","False","0.5","recovered"
"730","MERCH027","CUST0919","CARD","SBI","PROCESSING_ERROR","PAYMENT_PROCESSING","2402","2026-08-13 11:00:28","0","False","0.55","not_recovered"
"731","MERCH034","CUST0681","CARD","AXIS","CUSTOMER_ACTION_REQUIRED","CUSTOMER_AUTHENTICATION","4000","2026-08-31 02:50:32","0","False","0.4","unknown"
"732","MERCH022","CUST0853","CARD","HDFC","CARD_BLOCKED","CARD_AUTHORIZATION","3671","2026-08-09 00:05:45","0","False","0.05","not_recovered"
"733","MERCH027","CUST0261","UPI","AXIS","PROCESSING_ERROR","PAYMENT_PROCESSING","1950","2026-08-17 08:44:15","0","False","0.55","recovered"
"734","MERCH018","CUST0901","UPI","ICICI","PROCESSING_ERROR","PAYMENT_PROCESSING","6125","2026-08-16 23:02:44","0","False","0.55","not_recovered"
"735","MERCH048","CUST0679","UPI","HDFC","INSUFFICIENT_FUNDS","BANK_AUTHORIZATION","6402","2026-08-17 00:19:26","1","False","0.4","not_recovered"
"736","MERCH044","CUST0125","UPI","AXIS","PROCESSING_ERROR","PAYMENT_PROCESSING","6538","2026-08-14 09:43:05","0","False","0.55","not_recovered"
"737","MERCH020","CUST0216","UPI","AXIS","BANK_TIMEOUT","BANK_RESPONSE","6756","2026-08-03 15:28:30","0","True","0.53","not_recovered"
"738","MERCH032","CUST0483","CARD","ICICI","BANK_TIMEOUT","BANK_RESPONSE","1744","2026-08-09 18:48:48","1","False","0.45","recovered"
"739","MERCH039","CUST0747","CARD","AXIS","BANK_TIMEOUT","BANK_RESPONSE","953","2026-08-10 22:04:19","1","False","0.45","recovered"
"740","MERCH026","CUST0205","CARD","ICICI","PROCESSING_ERROR","PAYMENT_PROCESSING","1915","2026-08-09 15:52:35","0","False","0.55","not_recovered"
"741","MERCH042","CUST0782","UPI","AXIS","BANK_TIMEOUT","BANK_RESPONSE","5333","2026-08-23 22:01:25","0","False","0.5","recovered"
"742","MERCH044","CUST0608","CARD","ICICI","INSUFFICIENT_FUNDS","BANK_AUTHORIZATION","6891","2026-08-19 20:17:04","0","False","0.45","not_recovered"
"743","MERCH037","CUST0230","UPI","SBI","CARD_BLOCKED","CARD_AUTHORIZATION","3847","2026-08-06 07:39:54","3","True","0.0","not_recovered"
"744","MERCH011","CUST0051","CARD","AXIS","BANK_TIMEOUT","BANK_RESPONSE","2545","2026-08-06 07:45:50","3","True","0.38","not_recovered"
"745","MERCH001","CUST0736","CARD","AXIS","CUSTOMER_ACTION_REQUIRED","CUSTOMER_AUTHENTICATION","8196","2026-08-07 18:04:36","0","False","0.4","not_recovered"
"746","MERCH018","CUST0295","CARD","AXIS","INSUFFICIENT_FUNDS","BANK_AUTHORIZATION","3485","2026-08-31 03:08:49","0","False","0.45","unknown"
"747","MERCH047","CUST0694","UPI","AXIS","INSUFFICIENT_FUNDS","BANK_AUTHORIZATION","2491","2026-08-03 09:31:23","0","False","0.45","not_recovered"
"748","MERCH016","CUST0379","CARD","SBI","INSUFFICIENT_FUNDS","BANK_AUTHORIZATION","2282","2026-08-17 16:36:31","3","False","0.3","recovered"
"749","MERCH025","CUST0726","CARD","ICICI","INSUFFICIENT_FUNDS","BANK_AUTHORIZATION","9225","2026-08-04 20:27:05","0","False","0.45","not_recovered"
"750","MERCH023","CUST0621","UPI","SBI","INSUFFICIENT_FUNDS","BANK_AUTHORIZATION","6341","2026-08-16 16:26:47","3","False","0.3","recovered"
"751","MERCH036","CUST0043","UPI","ICICI","INSUFFICIENT_FUNDS","BANK_AUTHORIZATION","8174","2026-08-18 11:10:10","2","True","0.38","recovered"
"752","MERCH034","CUST0444","UPI","ICICI","INSUFFICIENT_FUNDS","BANK_AUTHORIZATION","823","2026-08-08 04:58:51","0","False","0.45","recovered"
"753","MERCH024","CUST0949","CARD","ICICI","CUSTOMER_ACTION_REQUIRED","CUSTOMER_AUTHENTICATION","4412","2026-08-31 18:07:01","2","False","0.3","unknown"
"754","MERCH034","CUST0321","CARD","HDFC","INSUFFICIENT_FUNDS","BANK_AUTHORIZATION","8149","2026-08-09 08:14:10","1","False","0.4","not_recovered"
"755","MERCH029","CUST0055","UPI","HDFC","INSUFFICIENT_FUNDS","BANK_AUTHORIZATION","3100","2026-08-03 17:46:57","0","True","0.48","recovered"
"756","MERCH008","CUST0917","CARD","SBI","PROCESSING_ERROR","PAYMENT_PROCESSING","9289","2026-08-25 13:17:54","0","True","0.58","not_recovered"
"757","MERCH010","CUST0127","CARD","SBI","INSUFFICIENT_FUNDS","BANK_AUTHORIZATION","4754","2026-08-10 18:28:41","2","False","0.35","not_recovered"
"758","MERCH037","CUST0913","UPI","SBI","PROCESSING_ERROR","PAYMENT_PROCESSING","9451","2026-08-10 18:22:40","0","True","0.58","not_recovered"
"759","MERCH044","CUST0097","CARD","SBI","INSUFFICIENT_FUNDS","BANK_AUTHORIZATION","2098","2026-08-21 03:14:27","0","False","0.45","recovered"
"760","MERCH021","CUST0158","UPI","SBI","PROCESSING_ERROR","PAYMENT_PROCESSING","7961","2026-08-24 01:00:46","1","False","0.5","not_recovered"
"761","MERCH022","CUST0994","UPI","AXIS","INSUFFICIENT_FUNDS","BANK_AUTHORIZATION","9425","2026-08-08 06:40:08","0","True","0.48","not_recovered"
"762","MERCH021","CUST0818","UPI","SBI","PROCESSING_ERROR","PAYMENT_PROCESSING","9967","2026-08-20 12:21:09","0","False","0.55","recovered"
"763","MERCH050","CUST0887","CARD","SBI","INSUFFICIENT_FUNDS","BANK_AUTHORIZATION","3511","2026-08-09 21:50:22","0","False","0.45","not_recovered"
"764","MERCH042","CUST0158","UPI","ICICI","PROCESSING_ERROR","PAYMENT_PROCESSING","7183","2026-08-17 01:17:39","2","False","0.45","recovered"
"765","MERCH007","CUST0853","CARD","HDFC","PROCESSING_ERROR","PAYMENT_PROCESSING","6458","2026-08-25 03:05:32","0","False","0.55","recovered"
"766","MERCH028","CUST0831","CARD","HDFC","PROCESSING_ERROR","PAYMENT_PROCESSING","7079","2026-08-06 12:17:29","0","False","0.55","recovered"
"767","MERCH015","CUST0664","UPI","AXIS","PROCESSING_ERROR","PAYMENT_PROCESSING","8696","2026-08-06 01:49:56","0","False","0.55","not_recovered"
"768","MERCH031","CUST0308","UPI","HDFC","BANK_TIMEOUT","BANK_RESPONSE","5021","2026-08-14 01:42:08","0","False","0.5","recovered"
"769","MERCH005","CUST0940","UPI","SBI","PROCESSING_ERROR","PAYMENT_PROCESSING","6866","2026-08-06 14:04:56","0","False","0.55","not_recovered"
"770","MERCH023","CUST0261","UPI","SBI","INSUFFICIENT_FUNDS","BANK_AUTHORIZATION","7683","2026-08-10 17:11:36","1","False","0.4","recovered"
"771","MERCH027","CUST0898","CARD","ICICI","PROCESSING_ERROR","PAYMENT_PROCESSING","7554","2026-08-23 20:13:38","1","False","0.5","not_recovered"
"772","MERCH012","CUST0217","UPI","SBI","BANK_TIMEOUT","BANK_RESPONSE","9996","2026-08-14 14:07:37","2","True","0.43","not_recovered"
"773","MERCH001","CUST0405","UPI","SBI","INSUFFICIENT_FUNDS","BANK_AUTHORIZATION","7917","2026-08-24 08:07:43","1","False","0.4","not_recovered"
"774","MERCH039","CUST0744","CARD","ICICI","BANK_TIMEOUT","BANK_RESPONSE","6010","2026-08-21 04:12:18","2","True","0.43","recovered"
"775","MERCH013","CUST0115","UPI","HDFC","CUSTOMER_ACTION_REQUIRED","CUSTOMER_AUTHENTICATION","3528","2026-08-25 08:32:31","1","False","0.35","not_recovered"
"776","MERCH041","CUST0879","UPI","SBI","INSUFFICIENT_FUNDS","BANK_AUTHORIZATION","7692","2026-08-09 04:37:31","0","True","0.48","recovered"
"777","MERCH010","CUST0757","CARD","AXIS","PROCESSING_ERROR","PAYMENT_PROCESSING","7464","2026-08-30 09:50:16","0","False","0.55","unknown"
"778","MERCH026","CUST0053","CARD","SBI","INSUFFICIENT_FUNDS","BANK_AUTHORIZATION","7174","2026-08-22 04:18:33","2","False","0.35","not_recovered"
"779","MERCH036","CUST0298","UPI","AXIS","PROCESSING_ERROR","PAYMENT_PROCESSING","8510","2026-08-30 16:36:38","1","False","0.5","unknown"
"780","MERCH032","CUST0238","UPI","SBI","PROCESSING_ERROR","PAYMENT_PROCESSING","5274","2026-08-28 20:35:22","0","False","0.55","recovered"
"781","MERCH031","CUST0120","CARD","ICICI","PROCESSING_ERROR","PAYMENT_PROCESSING","7247","2026-08-03 00:14:30","0","False","0.55","recovered"
"782","MERCH029","CUST0238","UPI","ICICI","CARD_BLOCKED","CARD_AUTHORIZATION","7775","2026-08-08 08:48:38","2","False","0.0","not_recovered"
"783","MERCH027","CUST0854","CARD","AXIS","BANK_TIMEOUT","BANK_RESPONSE","2754","2026-08-12 01:24:55","0","False","0.5","not_recovered"
"784","MERCH009","CUST0178","UPI","HDFC","BANK_TIMEOUT","BANK_RESPONSE","1753","2026-08-22 04:39:24","3","False","0.35","recovered"
"785","MERCH036","CUST0049","UPI","ICICI","CUSTOMER_ACTION_REQUIRED","CUSTOMER_AUTHENTICATION","5949","2026-08-09 16:47:19","0","False","0.4","not_recovered"
"786","MERCH005","CUST0346","CARD","SBI","BANK_TIMEOUT","BANK_RESPONSE","2077","2026-08-29 06:45:21","0","False","0.5","recovered"
"787","MERCH023","CUST0788","UPI","ICICI","CUSTOMER_ACTION_REQUIRED","CUSTOMER_AUTHENTICATION","8544","2026-08-31 08:02:53","1","False","0.35","unknown"
"788","MERCH029","CUST0819","CARD","SBI","CARD_BLOCKED","CARD_AUTHORIZATION","1769","2026-08-29 07:19:42","0","True","0.08","not_recovered"
"789","MERCH014","CUST0933","CARD","HDFC","BANK_TIMEOUT","BANK_RESPONSE","7333","2026-08-26 13:24:44","0","False","0.5","recovered"
"790","MERCH024","CUST0343","UPI","SBI","CUSTOMER_ACTION_REQUIRED","CUSTOMER_AUTHENTICATION","7294","2026-08-22 04:23:01","1","True","0.38","not_recovered"
"791","MERCH031","CUST0350","CARD","HDFC","INSUFFICIENT_FUNDS","BANK_AUTHORIZATION","6201","2026-08-22 03:31:12","0","False","0.45","recovered"
"792","MERCH049","CUST0543","CARD","HDFC","INSUFFICIENT_FUNDS","BANK_AUTHORIZATION","7125","2026-08-22 01:39:24","2","False","0.35","not_recovered"
"793","MERCH034","CUST0814","CARD","SBI","PROCESSING_ERROR","PAYMENT_PROCESSING","262","2026-08-27 02:45:17","3","True","0.43","recovered"
"794","MERCH050","CUST0169","CARD","SBI","PROCESSING_ERROR","PAYMENT_PROCESSING","707","2026-08-09 07:52:18","2","True","0.48","not_recovered"
"795","MERCH046","CUST0819","CARD","AXIS","PROCESSING_ERROR","PAYMENT_PROCESSING","9170","2026-08-16 18:33:43","1","False","0.5","recovered"
"796","MERCH018","CUST0922","UPI","AXIS","PROCESSING_ERROR","PAYMENT_PROCESSING","3460","2026-08-28 10:18:05","1","False","0.5","recovered"
"797","MERCH023","CUST0909","CARD","HDFC","CUSTOMER_ACTION_REQUIRED","CUSTOMER_AUTHENTICATION","1480","2026-08-03 19:04:24","0","False","0.4","not_recovered"
"798","MERCH009","CUST0533","CARD","HDFC","INSUFFICIENT_FUNDS","BANK_AUTHORIZATION","9140","2026-08-17 03:48:01","0","False","0.45","recovered"
"799","MERCH002","CUST0912","CARD","HDFC","CUSTOMER_ACTION_REQUIRED","CUSTOMER_AUTHENTICATION","5079","2026-08-22 12:32:04","3","True","0.28","recovered"
"800","MERCH024","CUST0266","CARD","SBI","INSUFFICIENT_FUNDS","BANK_AUTHORIZATION","2143","2026-08-23 18:48:58","0","False","0.45","not_recovered"
"801","MERCH016","CUST0825","UPI","ICICI","INSUFFICIENT_FUNDS","BANK_AUTHORIZATION","9484","2026-08-08 19:04:42","1","False","0.4","recovered"
"802","MERCH021","CUST0529","UPI","ICICI","PROCESSING_ERROR","PAYMENT_PROCESSING","2501","2026-08-22 15:58:02","2","True","0.48","recovered"
"803","MERCH009","CUST0488","UPI","AXIS","INSUFFICIENT_FUNDS","BANK_AUTHORIZATION","8722","2026-08-21 13:14:31","1","False","0.4","recovered"
"804","MERCH017","CUST0599","CARD","AXIS","CARD_BLOCKED","CARD_AUTHORIZATION","8120","2026-08-22 05:44:59","2","True","0.0","not_recovered"
"805","MERCH046","CUST0469","UPI","SBI","BANK_TIMEOUT","BANK_RESPONSE","7561","2026-08-24 23:29:57","0","True","0.53","not_recovered"
"806","MERCH008","CUST0617","CARD","SBI","INSUFFICIENT_FUNDS","BANK_AUTHORIZATION","9467","2026-08-16 01:23:50","0","True","0.48","recovered"
"807","MERCH024","CUST0311","CARD","AXIS","INSUFFICIENT_FUNDS","BANK_AUTHORIZATION","2440","2026-08-08 21:36:17","1","False","0.4","not_recovered"
"808","MERCH020","CUST0911","CARD","HDFC","INSUFFICIENT_FUNDS","BANK_AUTHORIZATION","8108","2026-08-02 02:25:48","0","False","0.45","not_recovered"
"809","MERCH027","CUST0493","CARD","AXIS","CUSTOMER_ACTION_REQUIRED","CUSTOMER_AUTHENTICATION","6281","2026-08-25 01:40:48","2","False","0.3","recovered"
"810","MERCH009","CUST0517","CARD","AXIS","BANK_TIMEOUT","BANK_RESPONSE","2540","2026-08-17 18:54:15","0","False","0.5","not_recovered"
"811","MERCH025","CUST0239","CARD","ICICI","PROCESSING_ERROR","PAYMENT_PROCESSING","7359","2026-08-15 11:09:55","1","False","0.5","not_recovered"
"812","MERCH037","CUST0646","CARD","SBI","BANK_TIMEOUT","BANK_RESPONSE","1495","2026-08-11 08:11:36","3","False","0.35","not_recovered"
"813","MERCH037","CUST0535","UPI","AXIS","PROCESSING_ERROR","PAYMENT_PROCESSING","405","2026-08-07 20:08:24","1","False","0.5","not_recovered"
"814","MERCH018","CUST0806","UPI","HDFC","CUSTOMER_ACTION_REQUIRED","CUSTOMER_AUTHENTICATION","9595","2026-08-23 13:33:53","0","False","0.4","recovered"
"815","MERCH038","CUST0047","CARD","SBI","INSUFFICIENT_FUNDS","BANK_AUTHORIZATION","3057","2026-08-22 03:26:09","0","False","0.45","recovered"
"816","MERCH006","CUST0118","UPI","HDFC","INSUFFICIENT_FUNDS","BANK_AUTHORIZATION","3092","2026-08-14 09:44:33","1","True","0.43","not_recovered"
"817","MERCH044","CUST0174","UPI","ICICI","INSUFFICIENT_FUNDS","BANK_AUTHORIZATION","1058","2026-08-16 11:13:24","0","False","0.45","recovered"
"818","MERCH021","CUST0265","CARD","SBI","INSUFFICIENT_FUNDS","BANK_AUTHORIZATION","4025","2026-08-30 23:33:38","1","False","0.4","unknown"
"819","MERCH049","CUST0517","CARD","SBI","INSUFFICIENT_FUNDS","BANK_AUTHORIZATION","5315","2026-08-24 13:33:31","1","True","0.43","recovered"
"820","MERCH041","CUST0240","UPI","ICICI","PROCESSING_ERROR","PAYMENT_PROCESSING","9703","2026-08-06 22:16:01","0","False","0.55","not_recovered"
"821","MERCH020","CUST0582","CARD","AXIS","INSUFFICIENT_FUNDS","BANK_AUTHORIZATION","8299","2026-08-11 21:02:40","1","True","0.43","not_recovered"
"822","MERCH011","CUST0801","UPI","AXIS","CARD_BLOCKED","CARD_AUTHORIZATION","9195","2026-08-23 22:19:03","0","False","0.05","not_recovered"
"823","MERCH040","CUST0297","UPI","SBI","INSUFFICIENT_FUNDS","BANK_AUTHORIZATION","8000","2026-08-15 06:25:15","1","False","0.4","recovered"
"824","MERCH023","CUST0863","UPI","ICICI","INSUFFICIENT_FUNDS","BANK_AUTHORIZATION","8850","2026-08-29 08:02:15","0","True","0.48","not_recovered"
"825","MERCH009","CUST0743","CARD","AXIS","INSUFFICIENT_FUNDS","BANK_AUTHORIZATION","8370","2026-08-17 10:51:03","2","False","0.35","not_recovered"
"826","MERCH049","CUST0725","CARD","ICICI","INSUFFICIENT_FUNDS","BANK_AUTHORIZATION","5369","2026-08-18 14:01:39","0","False","0.45","recovered"
"827","MERCH045","CUST0137","UPI","AXIS","INSUFFICIENT_FUNDS","BANK_AUTHORIZATION","256","2026-08-10 10:11:02","0","False","0.45","not_recovered"
"828","MERCH049","CUST0403","UPI","SBI","PROCESSING_ERROR","PAYMENT_PROCESSING","7393","2026-08-07 23:47:22","0","False","0.55","not_recovered"
"829","MERCH023","CUST0397","UPI","SBI","INSUFFICIENT_FUNDS","BANK_AUTHORIZATION","6169","2026-08-11 08:51:02","0","False","0.45","recovered"
"830","MERCH018","CUST0697","CARD","HDFC","INSUFFICIENT_FUNDS","BANK_AUTHORIZATION","5067","2026-08-12 17:39:20","0","False","0.45","recovered"
"831","MERCH018","CUST0505","UPI","SBI","INSUFFICIENT_FUNDS","BANK_AUTHORIZATION","6589","2026-08-07 09:15:43","2","False","0.35","not_recovered"
"832","MERCH036","CUST0199","UPI","SBI","PROCESSING_ERROR","PAYMENT_PROCESSING","1165","2026-08-08 04:28:03","0","False","0.55","recovered"
"833","MERCH034","CUST0747","CARD","HDFC","CUSTOMER_ACTION_REQUIRED","CUSTOMER_AUTHENTICATION","478","2026-08-27 20:55:18","1","False","0.35","not_recovered"
"834","MERCH001","CUST0961","CARD","SBI","CUSTOMER_ACTION_REQUIRED","CUSTOMER_AUTHENTICATION","5392","2026-08-22 23:57:18","2","False","0.3","recovered"
"835","MERCH034","CUST0478","CARD","ICICI","PROCESSING_ERROR","PAYMENT_PROCESSING","812","2026-08-12 21:37:03","0","False","0.55","recovered"
"836","MERCH021","CUST0006","CARD","HDFC","INSUFFICIENT_FUNDS","BANK_AUTHORIZATION","9468","2026-08-03 05:33:37","3","False","0.3","not_recovered"
"837","MERCH005","CUST0940","UPI","HDFC","INSUFFICIENT_FUNDS","BANK_AUTHORIZATION","5192","2026-08-05 01:13:07","1","True","0.43","not_recovered"
"838","MERCH002","CUST0607","CARD","ICICI","INSUFFICIENT_FUNDS","BANK_AUTHORIZATION","7859","2026-08-13 13:42:30","3","False","0.3","not_recovered"
"839","MERCH034","CUST0814","UPI","SBI","BANK_TIMEOUT","BANK_RESPONSE","7284","2026-08-06 15:27:52","1","False","0.45","recovered"
"840","MERCH004","CUST0939","UPI","AXIS","INSUFFICIENT_FUNDS","BANK_AUTHORIZATION","1165","2026-08-08 04:35:23","0","False","0.45","recovered"
"841","MERCH040","CUST0642","CARD","SBI","INSUFFICIENT_FUNDS","BANK_AUTHORIZATION","1014","2026-08-29 03:34:58","0","False","0.45","recovered"
"842","MERCH040","CUST0771","CARD","HDFC","CUSTOMER_ACTION_REQUIRED","CUSTOMER_AUTHENTICATION","273","2026-08-24 00:15:44","0","False","0.4","not_recovered"
"843","MERCH040","CUST0104","CARD","SBI","PROCESSING_ERROR","PAYMENT_PROCESSING","5477","2026-08-30 12:51:07","0","True","0.58","unknown"
"844","MERCH039","CUST0731","UPI","HDFC","CUSTOMER_ACTION_REQUIRED","CUSTOMER_AUTHENTICATION","2164","2026-08-26 16:54:32","0","False","0.4","not_recovered"
"845","MERCH029","CUST0191","UPI","HDFC","BANK_TIMEOUT","BANK_RESPONSE","1091","2026-08-08 04:45:31","0","False","0.5","not_recovered"
"846","MERCH049","CUST0367","CARD","HDFC","INSUFFICIENT_FUNDS","BANK_AUTHORIZATION","5157","2026-08-31 06:55:47","0","False","0.45","unknown"
"847","MERCH001","CUST0531","UPI","SBI","INSUFFICIENT_FUNDS","BANK_AUTHORIZATION","9266","2026-08-04 15:37:19","0","True","0.48","recovered"
"848","MERCH013","CUST0805","UPI","ICICI","INSUFFICIENT_FUNDS","BANK_AUTHORIZATION","7894","2026-08-24 16:33:47","1","False","0.4","not_recovered"
"849","MERCH022","CUST0631","CARD","AXIS","INSUFFICIENT_FUNDS","BANK_AUTHORIZATION","1817","2026-08-24 01:18:01","2","False","0.35","not_recovered"
"850","MERCH001","CUST0655","UPI","HDFC","PROCESSING_ERROR","PAYMENT_PROCESSING","3592","2026-08-13 14:28:38","0","False","0.55","not_recovered"
"851","MERCH048","CUST0385","UPI","AXIS","INSUFFICIENT_FUNDS","BANK_AUTHORIZATION","210","2026-08-19 14:42:45","0","False","0.45","not_recovered"
"852","MERCH010","CUST0298","CARD","HDFC","BANK_TIMEOUT","BANK_RESPONSE","5996","2026-08-04 03:09:10","3","True","0.38","recovered"
"853","MERCH015","CUST0907","CARD","HDFC","INSUFFICIENT_FUNDS","BANK_AUTHORIZATION","9185","2026-08-13 22:34:08","0","True","0.48","not_recovered"
"854","MERCH007","CUST0022","UPI","AXIS","BANK_TIMEOUT","BANK_RESPONSE","1918","2026-08-18 10:14:42","3","False","0.35","recovered"
"855","MERCH024","CUST0677","UPI","AXIS","CUSTOMER_ACTION_REQUIRED","CUSTOMER_AUTHENTICATION","1171","2026-08-07 18:03:17","0","False","0.4","not_recovered"
"856","MERCH013","CUST0546","CARD","ICICI","INSUFFICIENT_FUNDS","BANK_AUTHORIZATION","7137","2026-08-13 20:55:15","2","False","0.35","not_recovered"
"857","MERCH035","CUST0302","UPI","ICICI","INSUFFICIENT_FUNDS","BANK_AUTHORIZATION","4688","2026-08-08 03:20:05","2","False","0.35","not_recovered"
"858","MERCH014","CUST0745","UPI","AXIS","BANK_TIMEOUT","BANK_RESPONSE","1162","2026-08-10 03:04:27","0","False","0.5","not_recovered"
"859","MERCH033","CUST0384","CARD","AXIS","INSUFFICIENT_FUNDS","BANK_AUTHORIZATION","6225","2026-08-27 12:13:24","1","False","0.4","not_recovered"
"860","MERCH018","CUST0596","CARD","SBI","INSUFFICIENT_FUNDS","BANK_AUTHORIZATION","3425","2026-08-23 22:42:41","2","False","0.35","recovered"
"861","MERCH025","CUST0586","UPI","ICICI","INSUFFICIENT_FUNDS","BANK_AUTHORIZATION","1488","2026-08-08 12:30:22","1","False","0.4","not_recovered"
"862","MERCH015","CUST0598","UPI","AXIS","PROCESSING_ERROR","PAYMENT_PROCESSING","5611","2026-08-22 16:26:42","0","False","0.55","recovered"
"863","MERCH032","CUST0325","CARD","AXIS","INSUFFICIENT_FUNDS","BANK_AUTHORIZATION","7336","2026-08-13 08:23:08","0","True","0.48","not_recovered"
"864","MERCH019","CUST0863","UPI","ICICI","CARD_BLOCKED","CARD_AUTHORIZATION","1712","2026-08-07 18:09:53","0","True","0.08","not_recovered"
"865","MERCH013","CUST0692","CARD","ICICI","INSUFFICIENT_FUNDS","BANK_AUTHORIZATION","4596","2026-08-11 06:06:52","1","False","0.4","not_recovered"
"866","MERCH049","CUST0734","CARD","SBI","BANK_TIMEOUT","BANK_RESPONSE","4717","2026-08-18 19:51:21","1","False","0.45","recovered"
"867","MERCH038","CUST0776","UPI","AXIS","BANK_TIMEOUT","BANK_RESPONSE","2545","2026-08-21 07:07:38","0","False","0.5","recovered"
"868","MERCH015","CUST0529","CARD","AXIS","INSUFFICIENT_FUNDS","BANK_AUTHORIZATION","1506","2026-08-17 04:45:31","2","False","0.35","not_recovered"
"869","MERCH027","CUST0215","CARD","AXIS","CUSTOMER_ACTION_REQUIRED","CUSTOMER_AUTHENTICATION","593","2026-08-20 04:33:26","0","False","0.4","recovered"
"870","MERCH048","CUST0010","CARD","ICICI","INSUFFICIENT_FUNDS","BANK_AUTHORIZATION","6967","2026-08-22 15:59:56","1","False","0.4","not_recovered"
"871","MERCH035","CUST0307","CARD","SBI","PROCESSING_ERROR","PAYMENT_PROCESSING","627","2026-08-08 18:06:13","0","False","0.55","recovered"
"872","MERCH041","CUST0819","CARD","AXIS","INSUFFICIENT_FUNDS","BANK_AUTHORIZATION","6500","2026-08-05 02:13:35","0","True","0.48","recovered"
"873","MERCH037","CUST0986","CARD","ICICI","INSUFFICIENT_FUNDS","BANK_AUTHORIZATION","1809","2026-08-28 20:10:59","0","False","0.45","not_recovered"
"874","MERCH002","CUST0192","UPI","SBI","CUSTOMER_ACTION_REQUIRED","CUSTOMER_AUTHENTICATION","6422","2026-08-15 18:40:17","0","False","0.4","not_recovered"
"875","MERCH030","CUST0059","CARD","SBI","INSUFFICIENT_FUNDS","BANK_AUTHORIZATION","6831","2026-08-20 23:40:14","0","True","0.48","not_recovered"
"876","MERCH031","CUST0761","UPI","AXIS","CARD_BLOCKED","CARD_AUTHORIZATION","3482","2026-08-08 07:22:55","2","False","0.0","not_recovered"
"877","MERCH043","CUST0487","UPI","ICICI","PROCESSING_ERROR","PAYMENT_PROCESSING","8332","2026-08-24 06:43:22","0","True","0.58","recovered"
"878","MERCH005","CUST0845","CARD","HDFC","PROCESSING_ERROR","PAYMENT_PROCESSING","9426","2026-08-25 20:00:29","0","False","0.55","not_recovered"
"879","MERCH019","CUST0662","CARD","ICICI","BANK_TIMEOUT","BANK_RESPONSE","4973","2026-08-20 23:39:11","1","False","0.45","recovered"
"880","MERCH016","CUST0184","CARD","AXIS","PROCESSING_ERROR","PAYMENT_PROCESSING","3105","2026-08-29 14:29:05","0","False","0.55","recovered"
"881","MERCH011","CUST0281","CARD","SBI","BANK_TIMEOUT","BANK_RESPONSE","3659","2026-08-25 22:57:16","0","False","0.5","recovered"
"882","MERCH024","CUST0079","UPI","ICICI","PROCESSING_ERROR","PAYMENT_PROCESSING","2800","2026-08-14 06:29:40","0","True","0.58","recovered"
"883","MERCH041","CUST0712","CARD","AXIS","INSUFFICIENT_FUNDS","BANK_AUTHORIZATION","6642","2026-08-11 10:29:47","0","True","0.48","recovered"
"884","MERCH009","CUST0335","CARD","AXIS","PROCESSING_ERROR","PAYMENT_PROCESSING","1452","2026-08-28 14:57:56","1","False","0.5","recovered"
"885","MERCH031","CUST0841","CARD","HDFC","INSUFFICIENT_FUNDS","BANK_AUTHORIZATION","395","2026-08-31 11:11:34","0","False","0.45","unknown"
"886","MERCH035","CUST0760","CARD","HDFC","INSUFFICIENT_FUNDS","BANK_AUTHORIZATION","283","2026-08-15 06:21:43","0","False","0.45","recovered"
"887","MERCH003","CUST0915","UPI","AXIS","BANK_TIMEOUT","BANK_RESPONSE","8666","2026-08-06 23:45:46","0","False","0.5","recovered"
"888","MERCH001","CUST0050","CARD","HDFC","CARD_BLOCKED","CARD_AUTHORIZATION","6238","2026-08-13 13:55:10","0","True","0.08","recovered"
"889","MERCH001","CUST0346","UPI","SBI","INSUFFICIENT_FUNDS","BANK_AUTHORIZATION","1682","2026-08-10 03:35:51","1","True","0.43","not_recovered"
"890","MERCH021","CUST0331","UPI","HDFC","CARD_BLOCKED","CARD_AUTHORIZATION","6572","2026-08-22 18:31:00","0","False","0.05","not_recovered"
"891","MERCH012","CUST0016","CARD","ICICI","INSUFFICIENT_FUNDS","BANK_AUTHORIZATION","3585","2026-08-24 06:30:45","0","False","0.45","recovered"
"892","MERCH040","CUST0378","UPI","SBI","CUSTOMER_ACTION_REQUIRED","CUSTOMER_AUTHENTICATION","6835","2026-08-16 15:18:46","1","False","0.35","not_recovered"
"893","MERCH046","CUST0550","UPI","ICICI","CARD_BLOCKED","CARD_AUTHORIZATION","9928","2026-08-17 17:54:00","3","False","0.0","not_recovered"
"894","MERCH050","CUST0711","UPI","ICICI","INSUFFICIENT_FUNDS","BANK_AUTHORIZATION","5309","2026-08-25 09:43:21","0","True","0.48","not_recovered"
"895","MERCH029","CUST0392","UPI","SBI","INSUFFICIENT_FUNDS","BANK_AUTHORIZATION","2132","2026-08-16 23:50:05","0","False","0.45","recovered"
"896","MERCH006","CUST0062","UPI","ICICI","PROCESSING_ERROR","PAYMENT_PROCESSING","3409","2026-08-09 08:42:32","0","False","0.55","recovered"
"897","MERCH047","CUST0613","CARD","ICICI","INSUFFICIENT_FUNDS","BANK_AUTHORIZATION","5302","2026-08-03 22:08:45","0","False","0.45","not_recovered"
"898","MERCH019","CUST0769","UPI","HDFC","CUSTOMER_ACTION_REQUIRED","CUSTOMER_AUTHENTICATION","5527","2026-08-18 15:18:27","0","False","0.4","not_recovered"
"899","MERCH043","CUST0255","UPI","AXIS","PROCESSING_ERROR","PAYMENT_PROCESSING","3107","2026-08-23 11:23:16","1","True","0.53","recovered"
"900","MERCH013","CUST0054","UPI","HDFC","INSUFFICIENT_FUNDS","BANK_AUTHORIZATION","2945","2026-08-30 18:27:53","0","False","0.45","unknown"
"901","MERCH014","CUST0242","UPI","AXIS","BANK_TIMEOUT","BANK_RESPONSE","5203","2026-08-09 23:15:31","1","False","0.45","recovered"
"902","MERCH016","CUST0311","CARD","AXIS","CARD_BLOCKED","CARD_AUTHORIZATION","3399","2026-08-15 04:44:26","2","False","0.0","not_recovered"
"903","MERCH024","CUST0408","CARD","HDFC","PROCESSING_ERROR","PAYMENT_PROCESSING","7025","2026-08-26 12:42:30","1","False","0.5","recovered"
"904","MERCH031","CUST0021","CARD","AXIS","CUSTOMER_ACTION_REQUIRED","CUSTOMER_AUTHENTICATION","5018","2026-08-30 21:26:19","0","False","0.4","unknown"
"905","MERCH012","CUST0264","CARD","AXIS","INSUFFICIENT_FUNDS","BANK_AUTHORIZATION","4740","2026-08-20 05:04:40","1","False","0.4","recovered"
"906","MERCH046","CUST0481","UPI","HDFC","CUSTOMER_ACTION_REQUIRED","CUSTOMER_AUTHENTICATION","168","2026-08-02 14:57:10","2","False","0.3","not_recovered"
"907","MERCH026","CUST0948","CARD","AXIS","CARD_BLOCKED","CARD_AUTHORIZATION","6213","2026-08-20 15:26:09","0","False","0.05","not_recovered"
"908","MERCH027","CUST0907","UPI","SBI","PROCESSING_ERROR","PAYMENT_PROCESSING","9366","2026-08-09 21:09:57","0","False","0.55","recovered"
"909","MERCH049","CUST0740","CARD","AXIS","BANK_TIMEOUT","BANK_RESPONSE","6132","2026-08-04 19:13:50","1","False","0.45","not_recovered"
"910","MERCH016","CUST0490","UPI","ICICI","BANK_TIMEOUT","BANK_RESPONSE","562","2026-08-09 04:17:51","0","False","0.5","not_recovered"
"911","MERCH017","CUST0254","UPI","SBI","INSUFFICIENT_FUNDS","BANK_AUTHORIZATION","1612","2026-08-20 15:47:51","0","False","0.45","not_recovered"
"912","MERCH034","CUST0932","UPI","AXIS","INSUFFICIENT_FUNDS","BANK_AUTHORIZATION","7093","2026-08-14 06:36:58","1","False","0.4","not_recovered"
"913","MERCH025","CUST0601","CARD","AXIS","BANK_TIMEOUT","BANK_RESPONSE","1556","2026-08-07 07:18:48","1","False","0.45","recovered"
"914","MERCH010","CUST0276","UPI","AXIS","BANK_TIMEOUT","BANK_RESPONSE","205","2026-08-10 04:11:55","2","True","0.43","recovered"
"915","MERCH045","CUST0428","CARD","ICICI","BANK_TIMEOUT","BANK_RESPONSE","2895","2026-08-10 13:31:20","0","False","0.5","recovered"
"916","MERCH012","CUST0515","UPI","AXIS","PROCESSING_ERROR","PAYMENT_PROCESSING","3582","2026-08-11 00:17:02","0","False","0.55","not_recovered"
"917","MERCH013","CUST0266","CARD","AXIS","BANK_TIMEOUT","BANK_RESPONSE","1889","2026-08-10 01:33:03","0","True","0.53","recovered"
"918","MERCH005","CUST0351","UPI","HDFC","PROCESSING_ERROR","PAYMENT_PROCESSING","1751","2026-08-02 11:04:33","0","False","0.55","recovered"
"919","MERCH038","CUST0809","UPI","SBI","INSUFFICIENT_FUNDS","BANK_AUTHORIZATION","218","2026-08-20 05:40:56","1","False","0.4","not_recovered"
"920","MERCH032","CUST0485","CARD","AXIS","INSUFFICIENT_FUNDS","BANK_AUTHORIZATION","5720","2026-08-17 07:15:44","2","False","0.35","not_recovered"
"921","MERCH025","CUST0626","UPI","ICICI","CUSTOMER_ACTION_REQUIRED","CUSTOMER_AUTHENTICATION","1741","2026-08-02 03:35:38","0","False","0.4","not_recovered"
"922","MERCH009","CUST0027","UPI","ICICI","CARD_BLOCKED","CARD_AUTHORIZATION","4172","2026-08-19 21:15:06","0","False","0.05","not_recovered"
"923","MERCH033","CUST0424","UPI","SBI","CARD_BLOCKED","CARD_AUTHORIZATION","5378","2026-08-02 19:22:32","1","False","0.0","not_recovered"
"924","MERCH048","CUST0334","CARD","HDFC","BANK_TIMEOUT","BANK_RESPONSE","6656","2026-08-31 17:43:18","1","False","0.45","unknown"
"925","MERCH031","CUST0675","UPI","AXIS","INSUFFICIENT_FUNDS","BANK_AUTHORIZATION","3296","2026-08-08 22:47:42","2","False","0.35","not_recovered"
"926","MERCH046","CUST0517","UPI","HDFC","PROCESSING_ERROR","PAYMENT_PROCESSING","1526","2026-08-16 15:05:46","2","False","0.45","not_recovered"
"927","MERCH030","CUST0173","CARD","SBI","PROCESSING_ERROR","PAYMENT_PROCESSING","8958","2026-08-13 16:40:14","0","True","0.58","not_recovered"
"928","MERCH045","CUST0092","UPI","AXIS","CARD_BLOCKED","CARD_AUTHORIZATION","578","2026-08-09 18:41:15","2","False","0.0","not_recovered"
"929","MERCH018","CUST0226","CARD","AXIS","CARD_BLOCKED","CARD_AUTHORIZATION","2116","2026-08-08 14:10:03","2","False","0.0","not_recovered"
"930","MERCH045","CUST0341","UPI","SBI","BANK_TIMEOUT","BANK_RESPONSE","6276","2026-08-20 12:39:18","1","False","0.45","not_recovered"
"931","MERCH028","CUST0828","UPI","HDFC","INSUFFICIENT_FUNDS","BANK_AUTHORIZATION","4867","2026-08-06 06:09:18","0","False","0.45","not_recovered"
"932","MERCH013","CUST0763","UPI","ICICI","INSUFFICIENT_FUNDS","BANK_AUTHORIZATION","5234","2026-08-20 10:57:33","1","True","0.43","recovered"
"933","MERCH035","CUST0195","CARD","AXIS","INSUFFICIENT_FUNDS","BANK_AUTHORIZATION","6080","2026-08-08 03:09:31","0","False","0.45","recovered"
"934","MERCH026","CUST0010","CARD","ICICI","INSUFFICIENT_FUNDS","BANK_AUTHORIZATION","4963","2026-08-12 15:02:30","0","False","0.45","not_recovered"
"935","MERCH010","CUST0765","UPI","ICICI","INSUFFICIENT_FUNDS","BANK_AUTHORIZATION","2122","2026-08-15 06:35:43","3","False","0.3","not_recovered"
"936","MERCH014","CUST0507","CARD","AXIS","INSUFFICIENT_FUNDS","BANK_AUTHORIZATION","5558","2026-08-09 09:54:39","2","False","0.35","not_recovered"
"937","MERCH015","CUST0718","UPI","HDFC","CUSTOMER_ACTION_REQUIRED","CUSTOMER_AUTHENTICATION","6519","2026-08-16 12:28:43","3","False","0.25","not_recovered"
"938","MERCH002","CUST0562","CARD","ICICI","PROCESSING_ERROR","PAYMENT_PROCESSING","7856","2026-08-18 21:48:26","1","False","0.5","not_recovered"
"939","MERCH019","CUST0290","UPI","AXIS","INSUFFICIENT_FUNDS","BANK_AUTHORIZATION","5398","2026-08-30 04:11:45","2","True","0.38","unknown"
"940","MERCH046","CUST0312","CARD","HDFC","PROCESSING_ERROR","PAYMENT_PROCESSING","7339","2026-08-25 10:05:07","0","True","0.58","recovered"
"941","MERCH048","CUST0201","UPI","ICICI","BANK_TIMEOUT","BANK_RESPONSE","9531","2026-08-06 22:46:40","1","False","0.45","recovered"
"942","MERCH028","CUST0696","UPI","SBI","INSUFFICIENT_FUNDS","BANK_AUTHORIZATION","7863","2026-08-10 17:17:14","3","True","0.33","not_recovered"
"943","MERCH022","CUST0608","CARD","HDFC","BANK_TIMEOUT","BANK_RESPONSE","6719","2026-08-13 21:26:48","0","False","0.5","recovered"
"944","MERCH045","CUST0611","UPI","AXIS","BANK_TIMEOUT","BANK_RESPONSE","1568","2026-08-24 12:13:08","2","False","0.4","recovered"
"945","MERCH042","CUST0456","CARD","SBI","INSUFFICIENT_FUNDS","BANK_AUTHORIZATION","1453","2026-08-07 22:12:01","0","False","0.45","not_recovered"
"946","MERCH002","CUST0601","CARD","ICICI","BANK_TIMEOUT","BANK_RESPONSE","1649","2026-08-30 18:45:14","0","False","0.5","unknown"
"947","MERCH042","CUST0720","CARD","ICICI","PROCESSING_ERROR","PAYMENT_PROCESSING","1729","2026-08-17 18:55:09","0","False","0.55","not_recovered"
"948","MERCH012","CUST0416","UPI","AXIS","PROCESSING_ERROR","PAYMENT_PROCESSING","8888","2026-08-27 17:35:48","0","False","0.55","not_recovered"
"949","MERCH046","CUST0839","UPI","HDFC","CARD_BLOCKED","CARD_AUTHORIZATION","2022","2026-08-10 18:29:20","2","False","0.0","not_recovered"
"950","MERCH029","CUST0820","CARD","SBI","INSUFFICIENT_FUNDS","BANK_AUTHORIZATION","9522","2026-08-12 00:16:30","1","True","0.43","recovered"
"951","MERCH049","CUST0036","UPI","SBI","PROCESSING_ERROR","PAYMENT_PROCESSING","6056","2026-08-28 10:18:12","0","False","0.55","not_recovered"
"952","MERCH016","CUST0308","UPI","ICICI","BANK_TIMEOUT","BANK_RESPONSE","7389","2026-08-08 18:56:34","1","False","0.45","not_recovered"
"953","MERCH023","CUST0621","UPI","SBI","BANK_TIMEOUT","BANK_RESPONSE","832","2026-08-13 12:14:30","0","True","0.53","not_recovered"
"954","MERCH014","CUST0981","UPI","HDFC","PROCESSING_ERROR","PAYMENT_PROCESSING","4644","2026-08-08 05:42:14","1","False","0.5","not_recovered"
"955","MERCH017","CUST0391","UPI","AXIS","PROCESSING_ERROR","PAYMENT_PROCESSING","4264","2026-08-22 15:33:39","3","True","0.43","recovered"
"956","MERCH041","CUST0751","CARD","HDFC","BANK_TIMEOUT","BANK_RESPONSE","9334","2026-08-26 19:51:22","1","False","0.45","recovered"
"957","MERCH028","CUST0389","UPI","HDFC","INSUFFICIENT_FUNDS","BANK_AUTHORIZATION","2141","2026-08-27 19:12:27","0","False","0.45","recovered"
"958","MERCH041","CUST0092","CARD","ICICI","BANK_TIMEOUT","BANK_RESPONSE","2497","2026-08-12 23:02:09","0","True","0.53","not_recovered"
"959","MERCH015","CUST0388","UPI","SBI","INSUFFICIENT_FUNDS","BANK_AUTHORIZATION","5122","2026-08-30 14:01:59","2","False","0.35","unknown"
"960","MERCH034","CUST0358","CARD","ICICI","BANK_TIMEOUT","BANK_RESPONSE","885","2026-08-10 06:56:06","0","False","0.5","recovered"
"961","MERCH048","CUST0695","CARD","AXIS","PROCESSING_ERROR","PAYMENT_PROCESSING","4344","2026-08-02 11:03:55","1","False","0.5","not_recovered"
"962","MERCH010","CUST0388","CARD","SBI","CUSTOMER_ACTION_REQUIRED","CUSTOMER_AUTHENTICATION","6164","2026-08-14 02:14:09","1","False","0.35","not_recovered"
"963","MERCH029","CUST0363","CARD","ICICI","INSUFFICIENT_FUNDS","BANK_AUTHORIZATION","7108","2026-08-27 06:32:12","3","False","0.3","not_recovered"
"964","MERCH020","CUST0651","UPI","ICICI","PROCESSING_ERROR","PAYMENT_PROCESSING","5223","2026-08-06 09:01:17","1","True","0.53","recovered"
"965","MERCH006","CUST0170","UPI","SBI","BANK_TIMEOUT","BANK_RESPONSE","9179","2026-08-25 22:12:44","2","True","0.43","not_recovered"
"966","MERCH044","CUST0521","UPI","AXIS","PROCESSING_ERROR","PAYMENT_PROCESSING","8822","2026-08-08 01:16:34","0","False","0.55","not_recovered"
"967","MERCH048","CUST0008","CARD","ICICI","INSUFFICIENT_FUNDS","BANK_AUTHORIZATION","8752","2026-08-31 13:45:43","0","False","0.45","unknown"
"968","MERCH011","CUST0691","UPI","HDFC","INSUFFICIENT_FUNDS","BANK_AUTHORIZATION","2284","2026-08-26 22:29:08","0","True","0.48","not_recovered"
"969","MERCH011","CUST0383","UPI","ICICI","CUSTOMER_ACTION_REQUIRED","CUSTOMER_AUTHENTICATION","4192","2026-08-28 04:07:11","2","False","0.3","recovered"
"970","MERCH031","CUST0301","CARD","HDFC","INSUFFICIENT_FUNDS","BANK_AUTHORIZATION","9419","2026-08-21 02:36:08","0","False","0.45","not_recovered"
"971","MERCH042","CUST0528","UPI","AXIS","CUSTOMER_ACTION_REQUIRED","CUSTOMER_AUTHENTICATION","8099","2026-08-04 18:59:18","0","False","0.4","recovered"
"972","MERCH023","CUST0110","UPI","ICICI","CUSTOMER_ACTION_REQUIRED","CUSTOMER_AUTHENTICATION","3150","2026-08-21 12:26:35","0","True","0.43","not_recovered"
"973","MERCH006","CUST0542","UPI","AXIS","INSUFFICIENT_FUNDS","BANK_AUTHORIZATION","8085","2026-08-02 08:03:04","0","False","0.45","recovered"
"974","MERCH026","CUST0384","CARD","ICICI","PROCESSING_ERROR","PAYMENT_PROCESSING","3084","2026-08-28 00:58:59","2","True","0.48","recovered"
"975","MERCH029","CUST0166","UPI","ICICI","BANK_TIMEOUT","BANK_RESPONSE","195","2026-08-19 10:32:28","2","False","0.4","recovered"
"976","MERCH019","CUST0042","UPI","AXIS","PROCESSING_ERROR","PAYMENT_PROCESSING","5526","2026-08-03 12:49:27","0","True","0.58","recovered"
"977","MERCH043","CUST0273","UPI","AXIS","PROCESSING_ERROR","PAYMENT_PROCESSING","8219","2026-08-08 04:28:16","0","False","0.55","not_recovered"
"978","MERCH033","CUST0744","CARD","HDFC","INSUFFICIENT_FUNDS","BANK_AUTHORIZATION","1867","2026-08-03 00:38:38","0","False","0.45","recovered"
"979","MERCH044","CUST0243","UPI","ICICI","PROCESSING_ERROR","PAYMENT_PROCESSING","9882","2026-08-02 09:21:15","0","False","0.55","recovered"
"980","MERCH049","CUST0440","UPI","HDFC","BANK_TIMEOUT","BANK_RESPONSE","3161","2026-08-14 02:38:59","0","True","0.53","recovered"
"981","MERCH045","CUST0254","CARD","HDFC","PROCESSING_ERROR","PAYMENT_PROCESSING","1788","2026-08-26 09:15:41","1","True","0.53","not_recovered"
"982","MERCH041","CUST0650","UPI","HDFC","INSUFFICIENT_FUNDS","BANK_AUTHORIZATION","6674","2026-08-03 20:42:00","0","True","0.48","recovered"
"983","MERCH002","CUST0632","UPI","SBI","CUSTOMER_ACTION_REQUIRED","CUSTOMER_AUTHENTICATION","6331","2026-08-21 18:32:08","0","False","0.4","not_recovered"
"984","MERCH015","CUST0345","CARD","AXIS","INSUFFICIENT_FUNDS","BANK_AUTHORIZATION","7097","2026-08-04 12:10:58","0","False","0.45","recovered"
"985","MERCH023","CUST0729","CARD","HDFC","INSUFFICIENT_FUNDS","BANK_AUTHORIZATION","879","2026-08-10 19:45:21","0","True","0.48","not_recovered"
"986","MERCH014","CUST0293","CARD","ICICI","CUSTOMER_ACTION_REQUIRED","CUSTOMER_AUTHENTICATION","1750","2026-08-22 22:02:37","0","False","0.4","recovered"
"987","MERCH020","CUST0115","UPI","SBI","BANK_TIMEOUT","BANK_RESPONSE","2234","2026-08-18 01:53:22","0","False","0.5","not_recovered"
"988","MERCH038","CUST0542","CARD","HDFC","BANK_TIMEOUT","BANK_RESPONSE","3541","2026-08-30 08:47:25","0","False","0.5","unknown"
"989","MERCH009","CUST0645","UPI","SBI","PROCESSING_ERROR","PAYMENT_PROCESSING","3220","2026-08-11 08:46:36","1","False","0.5","recovered"
"990","MERCH035","CUST0634","CARD","ICICI","BANK_TIMEOUT","BANK_RESPONSE","3409","2026-08-27 21:38:22","1","True","0.48","recovered"
"991","MERCH036","CUST0729","CARD","ICICI","CUSTOMER_ACTION_REQUIRED","CUSTOMER_AUTHENTICATION","7447","2026-08-07 16:48:52","2","True","0.33","not_recovered"
"992","MERCH033","CUST0810","UPI","HDFC","PROCESSING_ERROR","PAYMENT_PROCESSING","2212","2026-08-16 01:28:26","0","False","0.55","not_recovered"
"993","MERCH045","CUST0195","CARD","AXIS","BANK_TIMEOUT","BANK_RESPONSE","8512","2026-08-05 15:21:52","0","False","0.5","recovered"
"994","MERCH050","CUST0400","CARD","ICICI","INSUFFICIENT_FUNDS","BANK_AUTHORIZATION","158","2026-08-09 18:25:01","1","False","0.4","recovered"
"995","MERCH033","CUST0467","CARD","ICICI","CUSTOMER_ACTION_REQUIRED","CUSTOMER_AUTHENTICATION","4955","2026-08-15 00:50:32","1","True","0.38","recovered"
"996","MERCH016","CUST0299","UPI","HDFC","CARD_BLOCKED","CARD_AUTHORIZATION","4650","2026-08-08 10:55:22","0","False","0.05","not_recovered"
"997","MERCH016","CUST0844","UPI","SBI","INSUFFICIENT_FUNDS","BANK_AUTHORIZATION","5792","2026-08-31 09:03:43","3","False","0.3","unknown"
"998","MERCH046","CUST0906","CARD","HDFC","PROCESSING_ERROR","PAYMENT_PROCESSING","4931","2026-08-17 18:13:38","3","False","0.4","recovered"
"999","MERCH023","CUST0225","CARD","HDFC","INSUFFICIENT_FUNDS","BANK_AUTHORIZATION","356","2026-08-28 02:06:11","1","False","0.4","not_recovered"
"1000","MERCH038","CUST0109","CARD","ICICI","CUSTOMER_ACTION_REQUIRED","CUSTOMER_AUTHENTICATION","9125","2026-08-12 00:11:33","2","False","0.3","recovered"
"1001","MERCH038","CUST0645","CARD","HDFC","PROCESSING_ERROR","PAYMENT_PROCESSING","7209","2026-08-19 21:29:48","0","False","0.55","recovered"
"1002","MERCH030","CUST0190","UPI","HDFC","PROCESSING_ERROR","PAYMENT_PROCESSING","3055","2026-08-15 16:36:19","0","True","0.58","recovered"
"1003","MERCH026","CUST0704","UPI","SBI","INSUFFICIENT_FUNDS","BANK_AUTHORIZATION","7086","2026-08-13 21:44:29","0","False","0.45","recovered"
"1004","MERCH047","CUST0540","UPI","SBI","BANK_TIMEOUT","BANK_RESPONSE","6291","2026-08-20 15:22:53","0","False","0.5","not_recovered"
"1005","MERCH042","CUST0958","UPI","HDFC","INSUFFICIENT_FUNDS","BANK_AUTHORIZATION","1469","2026-08-14 23:50:32","0","False","0.45","recovered"
"1006","MERCH001","CUST0981","UPI","ICICI","CUSTOMER_ACTION_REQUIRED","CUSTOMER_AUTHENTICATION","1492","2026-08-11 19:43:18","0","False","0.4","not_recovered"
"1007","MERCH011","CUST0315","CARD","AXIS","INSUFFICIENT_FUNDS","BANK_AUTHORIZATION","1015","2026-08-28 09:15:15","1","False","0.4","recovered"
"1008","MERCH003","CUST0106","CARD","SBI","PROCESSING_ERROR","PAYMENT_PROCESSING","6904","2026-08-08 21:14:59","0","False","0.55","recovered"
"1009","MERCH025","CUST0151","CARD","ICICI","INSUFFICIENT_FUNDS","BANK_AUTHORIZATION","6403","2026-08-07 10:57:56","0","False","0.45","recovered"
"1010","MERCH019","CUST0366","UPI","ICICI","INSUFFICIENT_FUNDS","BANK_AUTHORIZATION","1489","2026-08-04 02:30:09","1","True","0.43","not_recovered"
"1011","MERCH039","CUST0186","CARD","HDFC","CUSTOMER_ACTION_REQUIRED","CUSTOMER_AUTHENTICATION","5040","2026-08-15 22:23:08","0","True","0.43","not_recovered"
"1012","MERCH043","CUST0378","CARD","SBI","BANK_TIMEOUT","BANK_RESPONSE","2535","2026-08-09 02:47:19","0","False","0.5","not_recovered"
"1013","MERCH031","CUST0835","UPI","SBI","PROCESSING_ERROR","PAYMENT_PROCESSING","4662","2026-08-09 00:33:00","0","False","0.55","recovered"
"1014","MERCH025","CUST0362","CARD","AXIS","PROCESSING_ERROR","PAYMENT_PROCESSING","6882","2026-08-31 05:04:53","1","False","0.5","unknown"
"1015","MERCH042","CUST0944","UPI","AXIS","PROCESSING_ERROR","PAYMENT_PROCESSING","8244","2026-08-28 03:41:09","0","False","0.55","not_recovered"
"1016","MERCH025","CUST0086","CARD","HDFC","BANK_TIMEOUT","BANK_RESPONSE","3953","2026-08-19 13:25:19","0","False","0.5","recovered"
"1017","MERCH036","CUST0486","UPI","SBI","INSUFFICIENT_FUNDS","BANK_AUTHORIZATION","5823","2026-08-19 12:25:50","2","False","0.35","not_recovered"
"1018","MERCH019","CUST0472","UPI","AXIS","INSUFFICIENT_FUNDS","BANK_AUTHORIZATION","3779","2026-08-04 17:05:17","1","True","0.43","not_recovered"
"1019","MERCH010","CUST0387","UPI","AXIS","PROCESSING_ERROR","PAYMENT_PROCESSING","1836","2026-08-30 05:37:16","0","False","0.55","unknown"
"1020","MERCH011","CUST0031","UPI","ICICI","INSUFFICIENT_FUNDS","BANK_AUTHORIZATION","4114","2026-08-05 17:47:15","0","False","0.45","recovered"
"1021","MERCH049","CUST0187","CARD","HDFC","BANK_TIMEOUT","BANK_RESPONSE","5007","2026-08-24 19:48:16","0","False","0.5","not_recovered"
"1022","MERCH045","CUST0014","CARD","SBI","INSUFFICIENT_FUNDS","BANK_AUTHORIZATION","626","2026-08-31 07:54:47","1","False","0.4","unknown"
"1023","MERCH001","CUST0406","CARD","AXIS","PROCESSING_ERROR","PAYMENT_PROCESSING","4327","2026-08-29 18:30:15","0","False","0.55","recovered"
"1024","MERCH011","CUST0279","UPI","AXIS","CARD_BLOCKED","CARD_AUTHORIZATION","2150","2026-08-12 06:50:23","0","True","0.08","not_recovered"
"1025","MERCH048","CUST1000","UPI","AXIS","PROCESSING_ERROR","PAYMENT_PROCESSING","6737","2026-08-20 11:16:47","0","False","0.55","not_recovered"
"1026","MERCH013","CUST0277","UPI","SBI","INSUFFICIENT_FUNDS","BANK_AUTHORIZATION","9982","2026-08-18 06:51:10","0","False","0.45","not_recovered"
"1027","MERCH005","CUST0217","UPI","ICICI","INSUFFICIENT_FUNDS","BANK_AUTHORIZATION","3405","2026-08-03 13:42:36","0","True","0.48","not_recovered"
"1028","MERCH003","CUST0578","CARD","SBI","INSUFFICIENT_FUNDS","BANK_AUTHORIZATION","1627","2026-08-16 23:33:02","0","False","0.45","recovered"
"1029","MERCH026","CUST0513","UPI","ICICI","BANK_TIMEOUT","BANK_RESPONSE","5930","2026-08-08 06:53:53","1","True","0.48","recovered"
"1030","MERCH048","CUST0516","UPI","HDFC","INSUFFICIENT_FUNDS","BANK_AUTHORIZATION","6360","2026-08-25 03:41:26","1","False","0.4","recovered"
"1031","MERCH010","CUST0699","CARD","SBI","CUSTOMER_ACTION_REQUIRED","CUSTOMER_AUTHENTICATION","1628","2026-08-13 05:47:55","2","False","0.3","not_recovered"
"1032","MERCH050","CUST0736","UPI","ICICI","PROCESSING_ERROR","PAYMENT_PROCESSING","2249","2026-08-18 10:59:15","0","False","0.55","not_recovered"
"1033","MERCH003","CUST0913","CARD","HDFC","INSUFFICIENT_FUNDS","BANK_AUTHORIZATION","1328","2026-08-09 09:33:37","1","False","0.4","recovered"
"1034","MERCH001","CUST0147","CARD","SBI","PROCESSING_ERROR","PAYMENT_PROCESSING","7551","2026-08-17 05:30:31","0","False","0.55","recovered"
"1035","MERCH037","CUST0373","CARD","SBI","INSUFFICIENT_FUNDS","BANK_AUTHORIZATION","7648","2026-08-14 12:31:35","3","False","0.3","not_recovered"
"1036","MERCH029","CUST0666","UPI","SBI","CARD_BLOCKED","CARD_AUTHORIZATION","8099","2026-08-03 22:07:43","0","False","0.05","not_recovered"
"1037","MERCH040","CUST0940","UPI","AXIS","PROCESSING_ERROR","PAYMENT_PROCESSING","5238","2026-08-20 03:22:20","0","False","0.55","recovered"
"1038","MERCH044","CUST0044","UPI","HDFC","BANK_TIMEOUT","BANK_RESPONSE","9288","2026-08-02 09:15:15","0","True","0.53","recovered"
"1039","MERCH037","CUST0409","UPI","HDFC","PROCESSING_ERROR","PAYMENT_PROCESSING","7673","2026-08-06 12:56:20","0","False","0.55","recovered"
"1040","MERCH030","CUST0112","UPI","HDFC","BANK_TIMEOUT","BANK_RESPONSE","6603","2026-08-23 00:36:53","0","False","0.5","recovered"
"1041","MERCH039","CUST0498","UPI","AXIS","INSUFFICIENT_FUNDS","BANK_AUTHORIZATION","7547","2026-08-03 20:36:07","0","False","0.45","recovered"
"1042","MERCH014","CUST0328","UPI","AXIS","INSUFFICIENT_FUNDS","BANK_AUTHORIZATION","6022","2026-08-22 21:06:50","3","False","0.3","recovered"
"1043","MERCH002","CUST0976","CARD","ICICI","INSUFFICIENT_FUNDS","BANK_AUTHORIZATION","2985","2026-08-06 01:23:27","0","False","0.45","recovered"
"1044","MERCH046","CUST0463","CARD","HDFC","BANK_TIMEOUT","BANK_RESPONSE","4350","2026-08-10 22:28:00","2","True","0.43","not_recovered"
"1045","MERCH022","CUST0987","CARD","HDFC","INSUFFICIENT_FUNDS","BANK_AUTHORIZATION","6966","2026-08-25 09:08:02","0","False","0.45","recovered"
"1046","MERCH045","CUST0448","CARD","AXIS","CUSTOMER_ACTION_REQUIRED","CUSTOMER_AUTHENTICATION","9289","2026-08-30 23:42:19","0","False","0.4","unknown"
"1047","MERCH038","CUST0632","UPI","ICICI","BANK_TIMEOUT","BANK_RESPONSE","5285","2026-08-02 16:31:43","0","False","0.5","recovered"
"1048","MERCH021","CUST0117","CARD","ICICI","PROCESSING_ERROR","PAYMENT_PROCESSING","160","2026-08-23 20:56:21","3","False","0.4","not_recovered"
"1049","MERCH041","CUST0993","UPI","SBI","INSUFFICIENT_FUNDS","BANK_AUTHORIZATION","3174","2026-08-22 09:32:26","1","False","0.4","not_recovered"
"1050","MERCH014","CUST0357","UPI","HDFC","CARD_BLOCKED","CARD_AUTHORIZATION","9550","2026-08-02 16:44:36","0","False","0.05","not_recovered"
"1051","MERCH020","CUST0515","UPI","AXIS","BANK_TIMEOUT","BANK_RESPONSE","7571","2026-08-22 02:24:27","0","False","0.5","not_recovered"
"1052","MERCH034","CUST0998","CARD","SBI","CARD_BLOCKED","CARD_AUTHORIZATION","7617","2026-08-22 19:06:11","0","False","0.05","not_recovered"
"1053","MERCH028","CUST0391","CARD","AXIS","BANK_TIMEOUT","BANK_RESPONSE","1725","2026-08-06 06:05:05","2","True","0.43","not_recovered"
"1054","MERCH040","CUST0955","CARD","SBI","PROCESSING_ERROR","PAYMENT_PROCESSING","9024","2026-08-06 20:09:40","1","False","0.5","not_recovered"
"1055","MERCH043","CUST0297","CARD","HDFC","INSUFFICIENT_FUNDS","BANK_AUTHORIZATION","7548","2026-08-28 18:38:47","0","True","0.48","recovered"
"1056","MERCH008","CUST0360","CARD","AXIS","CUSTOMER_ACTION_REQUIRED","CUSTOMER_AUTHENTICATION","6584","2026-08-02 08:51:38","3","False","0.25","not_recovered"
"1057","MERCH018","CUST0901","CARD","ICICI","CUSTOMER_ACTION_REQUIRED","CUSTOMER_AUTHENTICATION","6894","2026-08-13 17:25:52","0","False","0.4","recovered"
"1058","MERCH002","CUST0158","CARD","ICICI","INSUFFICIENT_FUNDS","BANK_AUTHORIZATION","9474","2026-08-22 21:00:33","0","False","0.45","recovered"
"1059","MERCH042","CUST0403","UPI","AXIS","INSUFFICIENT_FUNDS","BANK_AUTHORIZATION","6496","2026-08-10 10:23:43","0","False","0.45","recovered"
"1060","MERCH015","CUST0102","UPI","SBI","BANK_TIMEOUT","BANK_RESPONSE","6522","2026-08-14 15:11:24","2","True","0.43","recovered"
"1061","MERCH006","CUST0096","UPI","AXIS","INSUFFICIENT_FUNDS","BANK_AUTHORIZATION","9820","2026-08-09 10:18:52","0","False","0.45","not_recovered"
"1062","MERCH006","CUST0586","CARD","SBI","BANK_TIMEOUT","BANK_RESPONSE","2238","2026-08-24 00:36:21","1","False","0.45","recovered"
"1063","MERCH042","CUST0920","UPI","ICICI","INSUFFICIENT_FUNDS","BANK_AUTHORIZATION","4118","2026-08-20 08:31:35","1","False","0.4","recovered"
"1064","MERCH010","CUST0643","UPI","SBI","INSUFFICIENT_FUNDS","BANK_AUTHORIZATION","9863","2026-08-07 22:56:15","0","False","0.45","not_recovered"
"1065","MERCH006","CUST0080","CARD","ICICI","CUSTOMER_ACTION_REQUIRED","CUSTOMER_AUTHENTICATION","3507","2026-08-20 23:18:54","0","False","0.4","not_recovered"
"1066","MERCH032","CUST0983","UPI","HDFC","BANK_TIMEOUT","BANK_RESPONSE","6248","2026-08-17 05:21:10","1","False","0.45","recovered"
"1067","MERCH020","CUST0011","UPI","SBI","INSUFFICIENT_FUNDS","BANK_AUTHORIZATION","5716","2026-08-18 20:01:56","0","False","0.45","not_recovered"
"1068","MERCH011","CUST0535","CARD","SBI","INSUFFICIENT_FUNDS","BANK_AUTHORIZATION","584","2026-08-28 00:25:54","0","False","0.45","recovered"
"1069","MERCH024","CUST0118","UPI","SBI","INSUFFICIENT_FUNDS","BANK_AUTHORIZATION","3700","2026-08-06 01:13:04","1","False","0.4","recovered"
"1070","MERCH031","CUST0205","UPI","ICICI","BANK_TIMEOUT","BANK_RESPONSE","4922","2026-08-24 16:08:43","1","False","0.45","not_recovered"
"1071","MERCH026","CUST0945","UPI","ICICI","INSUFFICIENT_FUNDS","BANK_AUTHORIZATION","4705","2026-08-21 01:40:31","0","False","0.45","not_recovered"
"1072","MERCH011","CUST0814","UPI","AXIS","PROCESSING_ERROR","PAYMENT_PROCESSING","7409","2026-08-22 13:41:23","1","False","0.5","recovered"
"1073","MERCH007","CUST0622","CARD","AXIS","INSUFFICIENT_FUNDS","BANK_AUTHORIZATION","5882","2026-08-20 03:41:43","2","False","0.35","not_recovered"
"1074","MERCH003","CUST0982","CARD","AXIS","INSUFFICIENT_FUNDS","BANK_AUTHORIZATION","8791","2026-08-19 02:24:17","0","True","0.48","not_recovered"
"1075","MERCH028","CUST0810","UPI","ICICI","INSUFFICIENT_FUNDS","BANK_AUTHORIZATION","3625","2026-08-20 01:00:56","0","False","0.45","recovered"
"1076","MERCH021","CUST0705","UPI","ICICI","INSUFFICIENT_FUNDS","BANK_AUTHORIZATION","9397","2026-08-17 14:38:45","2","False","0.35","not_recovered"
"1077","MERCH039","CUST0218","UPI","SBI","PROCESSING_ERROR","PAYMENT_PROCESSING","1325","2026-08-29 20:41:54","2","False","0.45","not_recovered"
"1078","MERCH021","CUST0833","CARD","HDFC","INSUFFICIENT_FUNDS","BANK_AUTHORIZATION","8192","2026-08-26 04:58:13","0","False","0.45","recovered"
"1079","MERCH029","CUST0176","CARD","AXIS","INSUFFICIENT_FUNDS","BANK_AUTHORIZATION","448","2026-08-15 20:05:31","0","False","0.45","not_recovered"
"1080","MERCH001","CUST0934","CARD","ICICI","INSUFFICIENT_FUNDS","BANK_AUTHORIZATION","6699","2026-08-03 19:07:03","2","False","0.35","recovered"
"1081","MERCH042","CUST0017","UPI","AXIS","INSUFFICIENT_FUNDS","BANK_AUTHORIZATION","6900","2026-08-16 14:41:18","0","False","0.45","recovered"
"1082","MERCH036","CUST0794","CARD","AXIS","BANK_TIMEOUT","BANK_RESPONSE","6544","2026-08-16 11:42:44","1","False","0.45","not_recovered"
"1083","MERCH008","CUST0864","CARD","SBI","INSUFFICIENT_FUNDS","BANK_AUTHORIZATION","883","2026-08-02 12:06:44","0","False","0.45","not_recovered"
"1084","MERCH047","CUST0447","UPI","HDFC","INSUFFICIENT_FUNDS","BANK_AUTHORIZATION","6143","2026-08-28 02:18:03","3","False","0.3","not_recovered"
"1085","MERCH017","CUST0905","UPI","SBI","INSUFFICIENT_FUNDS","BANK_AUTHORIZATION","5085","2026-08-05 15:25:49","0","False","0.45","not_recovered"
"1086","MERCH025","CUST0277","UPI","HDFC","PROCESSING_ERROR","PAYMENT_PROCESSING","2064","2026-08-08 03:08:13","0","True","0.58","not_recovered"
"1087","MERCH027","CUST0653","CARD","SBI","PROCESSING_ERROR","PAYMENT_PROCESSING","4040","2026-08-30 01:17:04","0","False","0.55","unknown"
"1088","MERCH018","CUST0330","CARD","HDFC","INSUFFICIENT_FUNDS","BANK_AUTHORIZATION","4953","2026-08-06 00:27:44","0","False","0.45","recovered"
"1089","MERCH042","CUST0753","UPI","SBI","INSUFFICIENT_FUNDS","BANK_AUTHORIZATION","8203","2026-08-04 22:12:57","0","False","0.45","not_recovered"
"1090","MERCH025","CUST0193","CARD","SBI","INSUFFICIENT_FUNDS","BANK_AUTHORIZATION","9775","2026-08-27 14:45:02","0","False","0.45","not_recovered"
"1091","MERCH046","CUST0465","UPI","SBI","CUSTOMER_ACTION_REQUIRED","CUSTOMER_AUTHENTICATION","3684","2026-08-19 15:40:32","0","False","0.4","not_recovered"
"1092","MERCH013","CUST0799","CARD","HDFC","INSUFFICIENT_FUNDS","BANK_AUTHORIZATION","7031","2026-08-09 23:18:09","1","False","0.4","not_recovered"
"1093","MERCH007","CUST0151","CARD","SBI","BANK_TIMEOUT","BANK_RESPONSE","4041","2026-08-02 19:19:34","2","True","0.43","recovered"
"1094","MERCH043","CUST0544","CARD","ICICI","INSUFFICIENT_FUNDS","BANK_AUTHORIZATION","9116","2026-08-06 01:56:41","0","False","0.45","recovered"
"1095","MERCH028","CUST0521","CARD","SBI","PROCESSING_ERROR","PAYMENT_PROCESSING","6158","2026-08-06 17:57:36","0","False","0.55","not_recovered"
"1096","MERCH013","CUST0302","UPI","AXIS","INSUFFICIENT_FUNDS","BANK_AUTHORIZATION","4620","2026-08-27 16:59:07","1","False","0.4","recovered"
"1097","MERCH004","CUST0662","UPI","SBI","INSUFFICIENT_FUNDS","BANK_AUTHORIZATION","970","2026-08-03 17:34:46","1","False","0.4","not_recovered"
"1098","MERCH018","CUST0232","CARD","AXIS","PROCESSING_ERROR","PAYMENT_PROCESSING","3702","2026-08-15 00:33:13","0","True","0.58","recovered"
"1099","MERCH041","CUST0295","CARD","SBI","INSUFFICIENT_FUNDS","BANK_AUTHORIZATION","8345","2026-08-25 03:27:49","1","False","0.4","not_recovered"
"1100","MERCH011","CUST0323","UPI","HDFC","INSUFFICIENT_FUNDS","BANK_AUTHORIZATION","7558","2026-08-08 21:14:53","3","False","0.3","not_recovered"
"1101","MERCH002","CUST0182","CARD","SBI","INSUFFICIENT_FUNDS","BANK_AUTHORIZATION","259","2026-08-30 20:03:58","0","False","0.45","unknown"
"1102","MERCH001","CUST0501","UPI","AXIS","INSUFFICIENT_FUNDS","BANK_AUTHORIZATION","384","2026-08-29 12:54:49","1","False","0.4","recovered"
"1103","MERCH033","CUST0172","UPI","SBI","INSUFFICIENT_FUNDS","BANK_AUTHORIZATION","5599","2026-08-23 23:20:10","0","False","0.45","not_recovered"
"1104","MERCH043","CUST0499","CARD","ICICI","PROCESSING_ERROR","PAYMENT_PROCESSING","5877","2026-08-16 14:50:47","1","False","0.5","not_recovered"
"1105","MERCH039","CUST0496","UPI","ICICI","BANK_TIMEOUT","BANK_RESPONSE","439","2026-08-09 04:18:59","3","False","0.35","not_recovered"
"1106","MERCH010","CUST0366","CARD","SBI","INSUFFICIENT_FUNDS","BANK_AUTHORIZATION","7156","2026-08-19 10:45:16","0","True","0.48","not_recovered"
"1107","MERCH025","CUST0655","UPI","ICICI","CUSTOMER_ACTION_REQUIRED","CUSTOMER_AUTHENTICATION","9027","2026-08-23 19:26:12","3","False","0.25","recovered"
"1108","MERCH044","CUST0358","CARD","AXIS","PROCESSING_ERROR","PAYMENT_PROCESSING","4626","2026-08-17 00:23:15","0","False","0.55","not_recovered"
"1109","MERCH040","CUST0126","CARD","AXIS","PROCESSING_ERROR","PAYMENT_PROCESSING","5785","2026-08-16 00:01:13","0","True","0.58","not_recovered"
"1110","MERCH010","CUST0478","UPI","ICICI","BANK_TIMEOUT","BANK_RESPONSE","2764","2026-08-16 17:46:21","0","True","0.53","recovered"
"1111","MERCH030","CUST0042","UPI","ICICI","CUSTOMER_ACTION_REQUIRED","CUSTOMER_AUTHENTICATION","2122","2026-08-04 13:58:28","0","True","0.43","recovered"
"1112","MERCH001","CUST0052","CARD","HDFC","PROCESSING_ERROR","PAYMENT_PROCESSING","4741","2026-08-26 08:51:52","1","False","0.5","recovered"
"1113","MERCH006","CUST0731","CARD","HDFC","CARD_BLOCKED","CARD_AUTHORIZATION","3323","2026-08-22 23:22:32","1","True","0.03","not_recovered"
"1114","MERCH031","CUST0956","CARD","HDFC","CUSTOMER_ACTION_REQUIRED","CUSTOMER_AUTHENTICATION","6428","2026-08-22 12:19:18","0","False","0.4","not_recovered"
"1115","MERCH020","CUST0612","CARD","HDFC","PROCESSING_ERROR","PAYMENT_PROCESSING","5383","2026-08-30 01:36:49","0","False","0.55","unknown"
"1116","MERCH017","CUST0139","CARD","HDFC","INSUFFICIENT_FUNDS","BANK_AUTHORIZATION","1502","2026-08-16 10:25:09","1","False","0.4","not_recovered"
"1117","MERCH025","CUST0802","CARD","SBI","INSUFFICIENT_FUNDS","BANK_AUTHORIZATION","7340","2026-08-17 04:58:29","0","False","0.45","recovered"
"1118","MERCH023","CUST0438","CARD","AXIS","CARD_BLOCKED","CARD_AUTHORIZATION","7657","2026-08-03 08:14:28","2","True","0.0","not_recovered"
"1119","MERCH006","CUST0774","UPI","ICICI","BANK_TIMEOUT","BANK_RESPONSE","9608","2026-08-26 20:45:51","0","False","0.5","not_recovered"
"1120","MERCH019","CUST0055","CARD","HDFC","PROCESSING_ERROR","PAYMENT_PROCESSING","197","2026-08-24 11:12:36","2","False","0.45","not_recovered"
"1121","MERCH004","CUST0087","UPI","ICICI","CUSTOMER_ACTION_REQUIRED","CUSTOMER_AUTHENTICATION","1853","2026-08-18 04:32:10","1","False","0.35","not_recovered"
"1122","MERCH045","CUST0340","UPI","SBI","BANK_TIMEOUT","BANK_RESPONSE","8469","2026-08-04 13:46:23","1","False","0.45","not_recovered"
"1123","MERCH032","CUST0140","UPI","HDFC","INSUFFICIENT_FUNDS","BANK_AUTHORIZATION","5193","2026-08-02 07:30:56","2","False","0.35","recovered"
"1124","MERCH005","CUST0001","UPI","SBI","PROCESSING_ERROR","PAYMENT_PROCESSING","4150","2026-08-11 22:01:09","0","True","0.58","recovered"
"1125","MERCH026","CUST0057","UPI","ICICI","PROCESSING_ERROR","PAYMENT_PROCESSING","3115","2026-08-13 09:42:38","2","False","0.45","not_recovered"
"1126","MERCH044","CUST0450","UPI","AXIS","INSUFFICIENT_FUNDS","BANK_AUTHORIZATION","454","2026-08-10 23:19:00","0","False","0.45","recovered"
"1127","MERCH033","CUST0760","UPI","AXIS","PROCESSING_ERROR","PAYMENT_PROCESSING","4842","2026-08-06 20:31:52","3","False","0.4","not_recovered"
"1128","MERCH026","CUST0396","UPI","AXIS","PROCESSING_ERROR","PAYMENT_PROCESSING","7060","2026-08-09 04:37:35","0","False","0.55","not_recovered"
"1129","MERCH001","CUST0595","CARD","SBI","BANK_TIMEOUT","BANK_RESPONSE","7382","2026-08-04 01:40:10","2","False","0.4","recovered"
"1130","MERCH047","CUST0470","CARD","SBI","CARD_BLOCKED","CARD_AUTHORIZATION","5961","2026-08-26 07:17:09","2","False","0.0","not_recovered"
"1131","MERCH046","CUST0538","CARD","SBI","INSUFFICIENT_FUNDS","BANK_AUTHORIZATION","2580","2026-08-19 01:57:17","1","False","0.4","not_recovered"
"1132","MERCH009","CUST0286","CARD","AXIS","INSUFFICIENT_FUNDS","BANK_AUTHORIZATION","8025","2026-08-20 06:40:50","3","False","0.3","recovered"
"1133","MERCH046","CUST0950","CARD","HDFC","BANK_TIMEOUT","BANK_RESPONSE","9747","2026-08-30 04:35:36","0","False","0.5","unknown"
"1134","MERCH026","CUST0070","UPI","SBI","CUSTOMER_ACTION_REQUIRED","CUSTOMER_AUTHENTICATION","2707","2026-08-13 05:57:18","0","True","0.43","not_recovered"
"1135","MERCH031","CUST0332","UPI","HDFC","INSUFFICIENT_FUNDS","BANK_AUTHORIZATION","2950","2026-08-20 15:29:22","1","False","0.4","recovered"
"1136","MERCH040","CUST0257","UPI","SBI","CUSTOMER_ACTION_REQUIRED","CUSTOMER_AUTHENTICATION","1294","2026-08-23 10:25:04","1","False","0.35","not_recovered"
"1137","MERCH012","CUST0329","UPI","AXIS","PROCESSING_ERROR","PAYMENT_PROCESSING","9500","2026-08-29 00:19:56","0","False","0.55","recovered"
"1138","MERCH019","CUST0231","UPI","HDFC","PROCESSING_ERROR","PAYMENT_PROCESSING","8759","2026-08-11 08:02:27","0","True","0.58","not_recovered"
"1139","MERCH007","CUST0209","UPI","HDFC","CUSTOMER_ACTION_REQUIRED","CUSTOMER_AUTHENTICATION","5991","2026-08-21 19:23:10","1","False","0.35","recovered"
"1140","MERCH044","CUST0748","CARD","HDFC","CUSTOMER_ACTION_REQUIRED","CUSTOMER_AUTHENTICATION","9444","2026-08-24 23:56:19","0","False","0.4","not_recovered"
"1141","MERCH009","CUST0821","UPI","AXIS","PROCESSING_ERROR","PAYMENT_PROCESSING","6262","2026-08-05 10:34:00","1","True","0.53","recovered"
"1142","MERCH007","CUST0121","CARD","HDFC","INSUFFICIENT_FUNDS","BANK_AUTHORIZATION","8956","2026-08-18 01:32:58","0","False","0.45","recovered"
"1143","MERCH017","CUST0400","CARD","SBI","CUSTOMER_ACTION_REQUIRED","CUSTOMER_AUTHENTICATION","2686","2026-08-15 23:37:28","0","False","0.4","not_recovered"
"1144","MERCH040","CUST0513","CARD","AXIS","BANK_TIMEOUT","BANK_RESPONSE","9044","2026-08-07 09:10:41","1","False","0.45","not_recovered"
"1145","MERCH042","CUST0031","UPI","ICICI","PROCESSING_ERROR","PAYMENT_PROCESSING","3385","2026-08-18 05:46:07","2","True","0.48","recovered"
"1146","MERCH047","CUST0338","UPI","HDFC","PROCESSING_ERROR","PAYMENT_PROCESSING","9338","2026-08-31 14:42:12","1","False","0.5","unknown"
"1147","MERCH003","CUST0355","UPI","AXIS","PROCESSING_ERROR","PAYMENT_PROCESSING","1420","2026-08-28 18:27:25","0","True","0.58","not_recovered"
"1148","MERCH007","CUST0037","CARD","HDFC","BANK_TIMEOUT","BANK_RESPONSE","7169","2026-08-25 04:26:08","0","False","0.5","not_recovered"
"1149","MERCH002","CUST0954","UPI","SBI","BANK_TIMEOUT","BANK_RESPONSE","3314","2026-08-27 22:22:17","1","False","0.45","not_recovered"
"1150","MERCH002","CUST0566","CARD","SBI","PROCESSING_ERROR","PAYMENT_PROCESSING","6280","2026-08-08 01:54:43","0","False","0.55","recovered"
"1151","MERCH029","CUST0121","CARD","ICICI","INSUFFICIENT_FUNDS","BANK_AUTHORIZATION","7252","2026-08-04 19:29:04","0","True","0.48","recovered"
"1152","MERCH027","CUST0766","UPI","SBI","CUSTOMER_ACTION_REQUIRED","CUSTOMER_AUTHENTICATION","4194","2026-08-04 18:16:27","0","True","0.43","recovered"
"1153","MERCH003","CUST0322","CARD","HDFC","CARD_BLOCKED","CARD_AUTHORIZATION","2225","2026-08-31 10:11:07","0","False","0.05","unknown"
"1154","MERCH043","CUST0079","UPI","ICICI","CARD_BLOCKED","CARD_AUTHORIZATION","3472","2026-08-26 00:38:03","1","False","0.0","not_recovered"
"1155","MERCH015","CUST0455","CARD","ICICI","BANK_TIMEOUT","BANK_RESPONSE","4895","2026-08-13 20:31:13","0","False","0.5","not_recovered"
"1156","MERCH033","CUST0107","UPI","ICICI","CUSTOMER_ACTION_REQUIRED","CUSTOMER_AUTHENTICATION","8066","2026-08-15 13:58:18","0","False","0.4","not_recovered"
"1157","MERCH034","CUST0237","CARD","HDFC","INSUFFICIENT_FUNDS","BANK_AUTHORIZATION","2425","2026-08-03 17:47:19","3","False","0.3","not_recovered"
"1158","MERCH030","CUST0976","UPI","SBI","PROCESSING_ERROR","PAYMENT_PROCESSING","653","2026-08-15 02:55:14","0","False","0.55","not_recovered"
"1159","MERCH006","CUST0062","CARD","AXIS","PROCESSING_ERROR","PAYMENT_PROCESSING","6368","2026-08-20 16:09:54","0","False","0.55","recovered"
"1160","MERCH043","CUST0442","UPI","ICICI","INSUFFICIENT_FUNDS","BANK_AUTHORIZATION","5798","2026-08-03 06:16:58","2","False","0.35","recovered"
"1161","MERCH017","CUST0830","UPI","SBI","INSUFFICIENT_FUNDS","BANK_AUTHORIZATION","7211","2026-08-22 18:07:51","1","False","0.4","not_recovered"
"1162","MERCH007","CUST0567","CARD","ICICI","CUSTOMER_ACTION_REQUIRED","CUSTOMER_AUTHENTICATION","8861","2026-08-24 12:01:10","0","False","0.4","not_recovered"
"1163","MERCH017","CUST0167","CARD","AXIS","BANK_TIMEOUT","BANK_RESPONSE","4003","2026-08-08 09:38:34","2","False","0.4","not_recovered"
"1164","MERCH018","CUST0088","UPI","ICICI","INSUFFICIENT_FUNDS","BANK_AUTHORIZATION","6565","2026-08-03 20:58:46","1","False","0.4","not_recovered"
"1165","MERCH042","CUST0830","UPI","SBI","INSUFFICIENT_FUNDS","BANK_AUTHORIZATION","5359","2026-08-14 20:11:06","2","False","0.35","recovered"
"1166","MERCH001","CUST0478","UPI","ICICI","PROCESSING_ERROR","PAYMENT_PROCESSING","9219","2026-08-12 13:48:17","0","False","0.55","recovered"
"1167","MERCH040","CUST0565","CARD","SBI","PROCESSING_ERROR","PAYMENT_PROCESSING","4327","2026-08-15 09:43:53","0","False","0.55","recovered"
"1168","MERCH012","CUST0151","UPI","HDFC","INSUFFICIENT_FUNDS","BANK_AUTHORIZATION","730","2026-08-10 22:40:23","1","False","0.4","not_recovered"
"1169","MERCH003","CUST0567","UPI","SBI","CARD_BLOCKED","CARD_AUTHORIZATION","4344","2026-08-14 11:56:42","0","False","0.05","not_recovered"
"1170","MERCH035","CUST0736","UPI","HDFC","INSUFFICIENT_FUNDS","BANK_AUTHORIZATION","1369","2026-08-26 14:37:31","0","False","0.45","recovered"
"1171","MERCH021","CUST0585","CARD","AXIS","INSUFFICIENT_FUNDS","BANK_AUTHORIZATION","7087","2026-08-15 17:49:02","0","False","0.45","not_recovered"
"1172","MERCH022","CUST0999","CARD","ICICI","PROCESSING_ERROR","PAYMENT_PROCESSING","4917","2026-08-03 12:18:03","0","True","0.58","not_recovered"
"1173","MERCH038","CUST0027","UPI","HDFC","CUSTOMER_ACTION_REQUIRED","CUSTOMER_AUTHENTICATION","8468","2026-08-26 16:04:30","1","False","0.35","not_recovered"
"1174","MERCH025","CUST0851","UPI","HDFC","PROCESSING_ERROR","PAYMENT_PROCESSING","1385","2026-08-05 18:04:27","3","False","0.4","not_recovered"
"1175","MERCH037","CUST0646","CARD","SBI","CUSTOMER_ACTION_REQUIRED","CUSTOMER_AUTHENTICATION","8746","2026-08-04 11:55:19","1","False","0.35","not_recovered"
"1176","MERCH021","CUST0276","UPI","ICICI","CUSTOMER_ACTION_REQUIRED","CUSTOMER_AUTHENTICATION","5485","2026-08-13 19:12:03","1","False","0.35","recovered"
"1177","MERCH021","CUST0767","UPI","HDFC","PROCESSING_ERROR","PAYMENT_PROCESSING","6816","2026-08-19 13:37:19","0","False","0.55","recovered"
"1178","MERCH024","CUST0670","CARD","HDFC","PROCESSING_ERROR","PAYMENT_PROCESSING","6962","2026-08-13 03:41:37","1","False","0.5","recovered"
"1179","MERCH035","CUST0251","CARD","HDFC","BANK_TIMEOUT","BANK_RESPONSE","4800","2026-08-18 13:57:35","0","True","0.53","recovered"
"1180","MERCH010","CUST0590","CARD","HDFC","CUSTOMER_ACTION_REQUIRED","CUSTOMER_AUTHENTICATION","7539","2026-08-02 18:04:23","0","False","0.4","not_recovered"
"1181","MERCH046","CUST0953","CARD","SBI","INSUFFICIENT_FUNDS","BANK_AUTHORIZATION","658","2026-08-22 22:38:26","0","True","0.48","recovered"
"1182","MERCH033","CUST0888","CARD","AXIS","PROCESSING_ERROR","PAYMENT_PROCESSING","6691","2026-08-29 00:52:58","0","False","0.55","recovered"
"1183","MERCH022","CUST0606","UPI","SBI","INSUFFICIENT_FUNDS","BANK_AUTHORIZATION","5915","2026-08-23 19:00:03","2","False","0.35","not_recovered"
"1184","MERCH028","CUST0297","CARD","HDFC","BANK_TIMEOUT","BANK_RESPONSE","9759","2026-08-26 17:27:49","0","False","0.5","not_recovered"
"1185","MERCH024","CUST0691","CARD","AXIS","INSUFFICIENT_FUNDS","BANK_AUTHORIZATION","2995","2026-08-26 16:38:24","1","False","0.4","not_recovered"
"1186","MERCH015","CUST0305","CARD","ICICI","INSUFFICIENT_FUNDS","BANK_AUTHORIZATION","8581","2026-08-27 11:53:41","1","False","0.4","not_recovered"
"1187","MERCH021","CUST0394","CARD","HDFC","CARD_BLOCKED","CARD_AUTHORIZATION","787","2026-08-12 05:27:38","0","False","0.05","not_recovered"
"1188","MERCH021","CUST0102","CARD","ICICI","INSUFFICIENT_FUNDS","BANK_AUTHORIZATION","4816","2026-08-15 07:03:23","0","False","0.45","recovered"
"1189","MERCH017","CUST0621","UPI","HDFC","BANK_TIMEOUT","BANK_RESPONSE","2410","2026-08-06 15:49:12","0","False","0.5","not_recovered"
"1190","MERCH002","CUST0613","UPI","HDFC","INSUFFICIENT_FUNDS","BANK_AUTHORIZATION","522","2026-08-19 22:32:45","0","False","0.45","not_recovered"
"1191","MERCH047","CUST0456","UPI","AXIS","INSUFFICIENT_FUNDS","BANK_AUTHORIZATION","1895","2026-08-07 19:44:27","0","False","0.45","recovered"
"1192","MERCH009","CUST0286","UPI","ICICI","CUSTOMER_ACTION_REQUIRED","CUSTOMER_AUTHENTICATION","3744","2026-08-05 14:37:27","0","False","0.4","recovered"
"1193","MERCH041","CUST0754","UPI","ICICI","CUSTOMER_ACTION_REQUIRED","CUSTOMER_AUTHENTICATION","728","2026-08-23 00:55:17","0","False","0.4","not_recovered"
"1194","MERCH013","CUST0862","UPI","SBI","INSUFFICIENT_FUNDS","BANK_AUTHORIZATION","9706","2026-08-20 06:18:55","2","False","0.35","recovered"
"1195","MERCH031","CUST0156","CARD","HDFC","BANK_TIMEOUT","BANK_RESPONSE","4730","2026-08-08 09:32:55","0","False","0.5","not_recovered"
"1196","MERCH047","CUST0768","UPI","SBI","PROCESSING_ERROR","PAYMENT_PROCESSING","8139","2026-08-29 01:48:39","1","False","0.5","recovered"
"1197","MERCH045","CUST0270","CARD","HDFC","BANK_TIMEOUT","BANK_RESPONSE","8033","2026-08-27 18:01:55","1","True","0.48","recovered"
"1198","MERCH015","CUST0897","CARD","AXIS","PROCESSING_ERROR","PAYMENT_PROCESSING","6525","2026-08-31 00:32:11","0","False","0.55","unknown"
"1199","MERCH007","CUST0225","UPI","ICICI","PROCESSING_ERROR","PAYMENT_PROCESSING","7426","2026-08-17 19:06:54","0","False","0.55","recovered"
"1200","MERCH021","CUST0677","UPI","ICICI","BANK_TIMEOUT","BANK_RESPONSE","2198","2026-08-25 11:35:47","2","False","0.4","not_recovered"
"1201","MERCH044","CUST0241","UPI","ICICI","INSUFFICIENT_FUNDS","BANK_AUTHORIZATION","3624","2026-08-21 20:31:34","0","False","0.45","recovered"
"1202","MERCH021","CUST0422","CARD","AXIS","PROCESSING_ERROR","PAYMENT_PROCESSING","4371","2026-08-04 15:39:08","0","False","0.55","recovered"
"1203","MERCH003","CUST0316","CARD","AXIS","INSUFFICIENT_FUNDS","BANK_AUTHORIZATION","2828","2026-08-28 00:30:01","0","False","0.45","not_recovered"
"1204","MERCH040","CUST0626","CARD","HDFC","BANK_TIMEOUT","BANK_RESPONSE","426","2026-08-03 00:36:14","2","True","0.43","not_recovered"
"1205","MERCH023","CUST0786","UPI","SBI","PROCESSING_ERROR","PAYMENT_PROCESSING","6032","2026-08-27 23:52:15","0","True","0.58","recovered"
"1206","MERCH046","CUST0235","CARD","HDFC","CUSTOMER_ACTION_REQUIRED","CUSTOMER_AUTHENTICATION","5531","2026-08-22 01:38:25","0","False","0.4","not_recovered"
"1207","MERCH003","CUST0866","UPI","SBI","PROCESSING_ERROR","PAYMENT_PROCESSING","8044","2026-08-04 01:15:56","0","False","0.55","recovered"
"1208","MERCH050","CUST0705","UPI","SBI","INSUFFICIENT_FUNDS","BANK_AUTHORIZATION","2125","2026-08-20 08:14:06","1","True","0.43","not_recovered"
"1209","MERCH018","CUST0883","UPI","SBI","INSUFFICIENT_FUNDS","BANK_AUTHORIZATION","6905","2026-08-02 23:28:52","0","False","0.45","not_recovered"
"1210","MERCH010","CUST0098","CARD","HDFC","CUSTOMER_ACTION_REQUIRED","CUSTOMER_AUTHENTICATION","5214","2026-08-17 17:10:08","0","False","0.4","recovered"
"1211","MERCH030","CUST0208","UPI","ICICI","CARD_BLOCKED","CARD_AUTHORIZATION","9540","2026-08-24 21:13:16","0","False","0.05","not_recovered"
"1212","MERCH027","CUST0575","CARD","AXIS","INSUFFICIENT_FUNDS","BANK_AUTHORIZATION","8836","2026-08-26 14:13:27","0","True","0.48","not_recovered"
"1213","MERCH026","CUST0975","CARD","SBI","PROCESSING_ERROR","PAYMENT_PROCESSING","9567","2026-08-03 05:00:04","0","False","0.55","recovered"
"1214","MERCH037","CUST0112","CARD","ICICI","INSUFFICIENT_FUNDS","BANK_AUTHORIZATION","1470","2026-08-06 15:08:10","1","False","0.4","not_recovered"
"1215","MERCH038","CUST0256","UPI","HDFC","PROCESSING_ERROR","PAYMENT_PROCESSING","7858","2026-08-27 09:48:42","1","False","0.5","recovered"
"1216","MERCH050","CUST0506","CARD","AXIS","INSUFFICIENT_FUNDS","BANK_AUTHORIZATION","5635","2026-08-09 07:28:32","0","False","0.45","not_recovered"
"1217","MERCH001","CUST0275","UPI","AXIS","PROCESSING_ERROR","PAYMENT_PROCESSING","5228","2026-08-13 10:39:22","0","False","0.55","recovered"
"1218","MERCH048","CUST0751","UPI","SBI","PROCESSING_ERROR","PAYMENT_PROCESSING","1369","2026-08-20 05:42:21","0","True","0.58","recovered"
"1219","MERCH008","CUST0171","UPI","AXIS","CUSTOMER_ACTION_REQUIRED","CUSTOMER_AUTHENTICATION","1962","2026-08-03 21:30:37","2","False","0.3","not_recovered"
"1220","MERCH034","CUST0499","UPI","AXIS","PROCESSING_ERROR","PAYMENT_PROCESSING","4961","2026-08-07 16:59:40","0","False","0.55","not_recovered"
"1221","MERCH044","CUST0278","CARD","ICICI","PROCESSING_ERROR","PAYMENT_PROCESSING","2818","2026-08-08 20:52:47","0","False","0.55","not_recovered"
"1222","MERCH046","CUST0381","CARD","AXIS","PROCESSING_ERROR","PAYMENT_PROCESSING","5509","2026-08-08 13:40:53","0","False","0.55","recovered"
"1223","MERCH021","CUST0427","UPI","HDFC","PROCESSING_ERROR","PAYMENT_PROCESSING","191","2026-08-17 03:19:13","1","True","0.53","recovered"
"1224","MERCH030","CUST0339","UPI","SBI","BANK_TIMEOUT","BANK_RESPONSE","9839","2026-08-09 14:16:51","0","False","0.5","not_recovered"
"1225","MERCH023","CUST0644","UPI","HDFC","INSUFFICIENT_FUNDS","BANK_AUTHORIZATION","7082","2026-08-30 08:57:18","1","False","0.4","unknown"
"1226","MERCH050","CUST0413","CARD","HDFC","INSUFFICIENT_FUNDS","BANK_AUTHORIZATION","2597","2026-08-06 23:58:33","1","False","0.4","recovered"
"1227","MERCH007","CUST0130","CARD","ICICI","PROCESSING_ERROR","PAYMENT_PROCESSING","9802","2026-08-31 08:36:51","0","False","0.55","unknown"
"1228","MERCH040","CUST0685","CARD","HDFC","INSUFFICIENT_FUNDS","BANK_AUTHORIZATION","3898","2026-08-12 12:10:29","0","False","0.45","recovered"
"1229","MERCH011","CUST0487","UPI","ICICI","INSUFFICIENT_FUNDS","BANK_AUTHORIZATION","955","2026-08-08 15:35:14","0","False","0.45","not_recovered"
"1230","MERCH021","CUST0310","UPI","HDFC","PROCESSING_ERROR","PAYMENT_PROCESSING","6281","2026-08-20 17:10:29","1","False","0.5","not_recovered"
"1231","MERCH021","CUST0544","UPI","HDFC","CARD_BLOCKED","CARD_AUTHORIZATION","4650","2026-08-08 22:28:18","2","False","0.0","not_recovered"
"1232","MERCH017","CUST0702","UPI","AXIS","BANK_TIMEOUT","BANK_RESPONSE","3016","2026-08-03 05:28:17","2","False","0.4","not_recovered"
"1233","MERCH023","CUST0746","CARD","HDFC","BANK_TIMEOUT","BANK_RESPONSE","3229","2026-08-20 13:35:42","0","False","0.5","not_recovered"
"1234","MERCH013","CUST0453","CARD","HDFC","INSUFFICIENT_FUNDS","BANK_AUTHORIZATION","5185","2026-08-17 22:40:25","0","False","0.45","recovered"
"1235","MERCH001","CUST0622","CARD","SBI","BANK_TIMEOUT","BANK_RESPONSE","7943","2026-08-21 08:02:46","0","False","0.5","recovered"
"1236","MERCH041","CUST0059","UPI","AXIS","CARD_BLOCKED","CARD_AUTHORIZATION","7546","2026-08-25 19:14:29","0","False","0.05","not_recovered"
"1237","MERCH035","CUST0827","UPI","SBI","PROCESSING_ERROR","PAYMENT_PROCESSING","2609","2026-08-10 14:06:44","2","True","0.48","recovered"
"1238","MERCH008","CUST0058","CARD","SBI","INSUFFICIENT_FUNDS","BANK_AUTHORIZATION","9014","2026-08-15 11:17:07","3","True","0.33","not_recovered"
"1239","MERCH002","CUST0341","CARD","HDFC","CUSTOMER_ACTION_REQUIRED","CUSTOMER_AUTHENTICATION","9714","2026-08-19 18:43:11","0","False","0.4","not_recovered"
"1240","MERCH043","CUST0686","UPI","SBI","INSUFFICIENT_FUNDS","BANK_AUTHORIZATION","8316","2026-08-09 03:51:58","1","True","0.43","not_recovered"
"1241","MERCH018","CUST0624","UPI","AXIS","INSUFFICIENT_FUNDS","BANK_AUTHORIZATION","152","2026-08-17 02:31:58","0","False","0.45","recovered"
"1242","MERCH037","CUST0857","UPI","AXIS","INSUFFICIENT_FUNDS","BANK_AUTHORIZATION","1583","2026-08-10 20:37:44","1","True","0.43","not_recovered"
"1243","MERCH002","CUST0786","UPI","SBI","INSUFFICIENT_FUNDS","BANK_AUTHORIZATION","6236","2026-08-24 08:20:44","0","False","0.45","recovered"
"1244","MERCH044","CUST0658","UPI","HDFC","INSUFFICIENT_FUNDS","BANK_AUTHORIZATION","6314","2026-08-15 22:28:06","0","True","0.48","recovered"
"1245","MERCH015","CUST0856","UPI","ICICI","CUSTOMER_ACTION_REQUIRED","CUSTOMER_AUTHENTICATION","3001","2026-08-16 07:37:15","0","False","0.4","recovered"
"1246","MERCH023","CUST0593","CARD","ICICI","BANK_TIMEOUT","BANK_RESPONSE","8669","2026-08-23 19:54:25","2","False","0.4","recovered"
"1247","MERCH038","CUST0395","UPI","HDFC","CARD_BLOCKED","CARD_AUTHORIZATION","7208","2026-08-18 20:11:34","1","False","0.0","not_recovered"
"1248","MERCH022","CUST0717","CARD","SBI","PROCESSING_ERROR","PAYMENT_PROCESSING","3552","2026-08-14 12:50:27","0","False","0.55","not_recovered"
"1249","MERCH034","CUST0675","UPI","AXIS","INSUFFICIENT_FUNDS","BANK_AUTHORIZATION","9714","2026-08-17 16:18:42","0","False","0.45","not_recovered"
"1250","MERCH003","CUST0331","UPI","ICICI","CUSTOMER_ACTION_REQUIRED","CUSTOMER_AUTHENTICATION","229","2026-08-09 16:57:27","0","False","0.4","not_recovered"
"1251","MERCH007","CUST0192","CARD","ICICI","INSUFFICIENT_FUNDS","BANK_AUTHORIZATION","9058","2026-08-11 00:53:34","1","False","0.4","not_recovered"
"1252","MERCH038","CUST0590","CARD","AXIS","PROCESSING_ERROR","PAYMENT_PROCESSING","4090","2026-08-14 06:16:15","1","False","0.5","recovered"
"1253","MERCH026","CUST0308","UPI","HDFC","BANK_TIMEOUT","BANK_RESPONSE","8406","2026-08-07 05:39:37","0","False","0.5","not_recovered"
"1254","MERCH026","CUST0608","UPI","HDFC","PROCESSING_ERROR","PAYMENT_PROCESSING","5024","2026-08-30 23:22:55","3","False","0.4","unknown"
"1255","MERCH013","CUST0975","UPI","HDFC","BANK_TIMEOUT","BANK_RESPONSE","981","2026-08-06 09:19:19","0","False","0.5","not_recovered"
"1256","MERCH030","CUST0406","UPI","AXIS","INSUFFICIENT_FUNDS","BANK_AUTHORIZATION","2516","2026-08-11 17:29:25","2","False","0.35","recovered"
"1257","MERCH016","CUST0879","UPI","AXIS","INSUFFICIENT_FUNDS","BANK_AUTHORIZATION","4109","2026-08-09 11:35:01","1","False","0.4","recovered"
"1258","MERCH031","CUST0164","CARD","SBI","PROCESSING_ERROR","PAYMENT_PROCESSING","6556","2026-08-12 07:34:15","2","False","0.45","not_recovered"
"1259","MERCH046","CUST0249","UPI","AXIS","INSUFFICIENT_FUNDS","BANK_AUTHORIZATION","2287","2026-08-21 09:53:53","1","False","0.4","not_recovered"
"1260","MERCH047","CUST0894","CARD","AXIS","PROCESSING_ERROR","PAYMENT_PROCESSING","5783","2026-08-25 16:55:17","1","False","0.5","recovered"
"1261","MERCH039","CUST0183","UPI","ICICI","PROCESSING_ERROR","PAYMENT_PROCESSING","8315","2026-08-02 01:51:15","1","False","0.5","not_recovered"
"1262","MERCH042","CUST0236","UPI","AXIS","INSUFFICIENT_FUNDS","BANK_AUTHORIZATION","3560","2026-08-16 15:46:59","0","False","0.45","not_recovered"
"1263","MERCH028","CUST0155","CARD","ICICI","PROCESSING_ERROR","PAYMENT_PROCESSING","7975","2026-08-03 16:34:33","0","False","0.55","recovered"
"1264","MERCH026","CUST0699","UPI","AXIS","CUSTOMER_ACTION_REQUIRED","CUSTOMER_AUTHENTICATION","5773","2026-08-06 22:08:43","1","False","0.35","not_recovered"
"1265","MERCH011","CUST0327","UPI","AXIS","BANK_TIMEOUT","BANK_RESPONSE","289","2026-08-25 14:23:36","1","False","0.45","recovered"
"1266","MERCH004","CUST0311","CARD","ICICI","BANK_TIMEOUT","BANK_RESPONSE","1999","2026-08-31 07:17:13","2","False","0.4","unknown"
"1267","MERCH033","CUST0382","CARD","ICICI","CUSTOMER_ACTION_REQUIRED","CUSTOMER_AUTHENTICATION","6077","2026-08-07 10:06:26","1","False","0.35","not_recovered"
"1268","MERCH025","CUST0892","UPI","HDFC","INSUFFICIENT_FUNDS","BANK_AUTHORIZATION","9769","2026-08-14 12:24:04","0","False","0.45","not_recovered"
"1269","MERCH030","CUST0446","UPI","AXIS","INSUFFICIENT_FUNDS","BANK_AUTHORIZATION","2091","2026-08-25 18:27:01","0","True","0.48","not_recovered"
"1270","MERCH024","CUST0259","CARD","ICICI","BANK_TIMEOUT","BANK_RESPONSE","485","2026-08-28 08:20:52","0","False","0.5","recovered"
"1271","MERCH029","CUST0333","CARD","SBI","PROCESSING_ERROR","PAYMENT_PROCESSING","5953","2026-08-03 18:39:23","0","False","0.55","recovered"
"1272","MERCH035","CUST0097","UPI","HDFC","BANK_TIMEOUT","BANK_RESPONSE","7163","2026-08-15 08:02:39","0","False","0.5","not_recovered"
"1273","MERCH047","CUST0841","CARD","SBI","INSUFFICIENT_FUNDS","BANK_AUTHORIZATION","6207","2026-08-03 20:36:28","0","False","0.45","not_recovered"
"1274","MERCH007","CUST0392","UPI","ICICI","CARD_BLOCKED","CARD_AUTHORIZATION","5047","2026-08-22 12:16:58","0","True","0.08","not_recovered"
"1275","MERCH047","CUST0669","UPI","AXIS","CARD_BLOCKED","CARD_AUTHORIZATION","3239","2026-08-29 17:08:27","0","False","0.05","not_recovered"
"1276","MERCH016","CUST0711","UPI","ICICI","PROCESSING_ERROR","PAYMENT_PROCESSING","3625","2026-08-23 05:04:42","0","False","0.55","recovered"
"1277","MERCH033","CUST0688","UPI","AXIS","CUSTOMER_ACTION_REQUIRED","CUSTOMER_AUTHENTICATION","4768","2026-08-15 05:41:40","0","False","0.4","not_recovered"
"1278","MERCH043","CUST0133","CARD","ICICI","PROCESSING_ERROR","PAYMENT_PROCESSING","5312","2026-08-06 17:11:06","0","True","0.58","recovered"
"1279","MERCH005","CUST0627","CARD","AXIS","PROCESSING_ERROR","PAYMENT_PROCESSING","9852","2026-08-17 23:01:25","0","False","0.55","not_recovered"
"1280","MERCH022","CUST0349","CARD","ICICI","CUSTOMER_ACTION_REQUIRED","CUSTOMER_AUTHENTICATION","2586","2026-08-24 10:12:28","2","False","0.3","not_recovered"
"1281","MERCH011","CUST0690","CARD","ICICI","PROCESSING_ERROR","PAYMENT_PROCESSING","9460","2026-08-05 19:35:08","1","False","0.5","recovered"
"1282","MERCH014","CUST0766","CARD","ICICI","INSUFFICIENT_FUNDS","BANK_AUTHORIZATION","5266","2026-08-23 22:02:04","1","True","0.43","not_recovered"
"1283","MERCH011","CUST0640","CARD","AXIS","PROCESSING_ERROR","PAYMENT_PROCESSING","483","2026-08-15 18:45:11","1","False","0.5","recovered"
"1284","MERCH035","CUST0135","CARD","SBI","INSUFFICIENT_FUNDS","BANK_AUTHORIZATION","3676","2026-08-12 06:11:18","3","False","0.3","recovered"
"1285","MERCH011","CUST0786","CARD","AXIS","PROCESSING_ERROR","PAYMENT_PROCESSING","3667","2026-08-22 07:12:54","2","False","0.45","not_recovered"
"1286","MERCH041","CUST0109","CARD","AXIS","INSUFFICIENT_FUNDS","BANK_AUTHORIZATION","6718","2026-08-26 00:31:20","1","False","0.4","not_recovered"
"1287","MERCH011","CUST0947","UPI","AXIS","INSUFFICIENT_FUNDS","BANK_AUTHORIZATION","8827","2026-08-18 05:12:07","1","False","0.4","not_recovered"
"1288","MERCH007","CUST0393","CARD","AXIS","PROCESSING_ERROR","PAYMENT_PROCESSING","575","2026-08-12 21:12:11","0","False","0.55","not_recovered"
"1289","MERCH039","CUST0585","CARD","SBI","INSUFFICIENT_FUNDS","BANK_AUTHORIZATION","4195","2026-08-10 01:56:19","1","False","0.4","recovered"
"1290","MERCH024","CUST0024","CARD","HDFC","CUSTOMER_ACTION_REQUIRED","CUSTOMER_AUTHENTICATION","2744","2026-08-24 05:20:21","0","False","0.4","recovered"
"1291","MERCH046","CUST0944","UPI","ICICI","INSUFFICIENT_FUNDS","BANK_AUTHORIZATION","1161","2026-08-03 11:59:21","0","False","0.45","recovered"
"1292","MERCH039","CUST0455","UPI","HDFC","CARD_BLOCKED","CARD_AUTHORIZATION","8295","2026-08-07 09:30:27","2","False","0.0","not_recovered"
"1293","MERCH011","CUST0251","CARD","SBI","INSUFFICIENT_FUNDS","BANK_AUTHORIZATION","629","2026-08-21 17:25:41","2","False","0.35","not_recovered"
"1294","MERCH005","CUST0802","CARD","ICICI","CUSTOMER_ACTION_REQUIRED","CUSTOMER_AUTHENTICATION","8903","2026-08-07 20:57:15","1","False","0.35","not_recovered"
"1295","MERCH046","CUST0025","CARD","AXIS","CUSTOMER_ACTION_REQUIRED","CUSTOMER_AUTHENTICATION","1079","2026-08-16 05:19:36","2","False","0.3","not_recovered"
"1296","MERCH003","CUST0373","CARD","AXIS","PROCESSING_ERROR","PAYMENT_PROCESSING","2132","2026-08-07 00:43:46","0","False","0.55","not_recovered"
"1297","MERCH049","CUST0811","UPI","HDFC","PROCESSING_ERROR","PAYMENT_PROCESSING","5667","2026-08-08 21:23:01","2","False","0.45","recovered"
"1298","MERCH007","CUST0338","UPI","AXIS","CUSTOMER_ACTION_REQUIRED","CUSTOMER_AUTHENTICATION","8153","2026-08-13 21:07:45","1","False","0.35","not_recovered"
"1299","MERCH022","CUST0807","CARD","ICICI","PROCESSING_ERROR","PAYMENT_PROCESSING","9839","2026-08-03 17:38:43","1","True","0.53","recovered"
"1300","MERCH015","CUST0902","CARD","ICICI","BANK_TIMEOUT","BANK_RESPONSE","5124","2026-08-09 16:26:08","1","False","0.45","not_recovered"
"1301","MERCH044","CUST0302","UPI","HDFC","INSUFFICIENT_FUNDS","BANK_AUTHORIZATION","4889","2026-08-20 15:39:23","0","False","0.45","not_recovered"
"1302","MERCH038","CUST0311","UPI","SBI","INSUFFICIENT_FUNDS","BANK_AUTHORIZATION","8432","2026-08-27 02:08:11","0","False","0.45","recovered"
"1303","MERCH023","CUST0660","UPI","ICICI","PROCESSING_ERROR","PAYMENT_PROCESSING","6292","2026-08-25 13:21:08","1","False","0.5","recovered"
"1304","MERCH031","CUST0919","CARD","SBI","BANK_TIMEOUT","BANK_RESPONSE","1160","2026-08-18 14:53:11","0","False","0.5","recovered"
"1305","MERCH039","CUST0797","UPI","HDFC","PROCESSING_ERROR","PAYMENT_PROCESSING","7625","2026-08-29 15:24:30","2","False","0.45","not_recovered"
"1306","MERCH034","CUST0920","UPI","HDFC","PROCESSING_ERROR","PAYMENT_PROCESSING","638","2026-08-21 08:16:33","1","False","0.5","not_recovered"
"1307","MERCH018","CUST0567","UPI","SBI","PROCESSING_ERROR","PAYMENT_PROCESSING","8667","2026-08-14 00:54:29","0","False","0.55","recovered"
"1308","MERCH042","CUST0879","UPI","HDFC","BANK_TIMEOUT","BANK_RESPONSE","7572","2026-08-10 14:43:18","0","False","0.5","not_recovered"
"1309","MERCH006","CUST0761","UPI","SBI","CUSTOMER_ACTION_REQUIRED","CUSTOMER_AUTHENTICATION","2271","2026-08-27 08:49:25","0","False","0.4","recovered"
"1310","MERCH049","CUST0596","CARD","AXIS","INSUFFICIENT_FUNDS","BANK_AUTHORIZATION","936","2026-08-17 11:29:48","1","True","0.43","not_recovered"
"1311","MERCH029","CUST0086","CARD","HDFC","INSUFFICIENT_FUNDS","BANK_AUTHORIZATION","9756","2026-08-12 10:29:09","1","False","0.4","recovered"
"1312","MERCH028","CUST0882","UPI","AXIS","BANK_TIMEOUT","BANK_RESPONSE","3291","2026-08-30 14:09:43","2","False","0.4","unknown"
"1313","MERCH030","CUST0001","CARD","AXIS","BANK_TIMEOUT","BANK_RESPONSE","8170","2026-08-10 13:40:28","0","False","0.5","recovered"
"1314","MERCH042","CUST0307","CARD","HDFC","INSUFFICIENT_FUNDS","BANK_AUTHORIZATION","9295","2026-08-26 10:06:36","0","False","0.45","not_recovered"
"1315","MERCH012","CUST0500","UPI","ICICI","CUSTOMER_ACTION_REQUIRED","CUSTOMER_AUTHENTICATION","8448","2026-08-24 20:10:46","0","True","0.43","not_recovered"
"1316","MERCH044","CUST0312","UPI","AXIS","INSUFFICIENT_FUNDS","BANK_AUTHORIZATION","8924","2026-08-10 20:48:33","0","True","0.48","recovered"
"1317","MERCH020","CUST0514","CARD","ICICI","BANK_TIMEOUT","BANK_RESPONSE","7831","2026-08-06 23:54:25","1","False","0.45","recovered"
"1318","MERCH044","CUST0159","CARD","HDFC","INSUFFICIENT_FUNDS","BANK_AUTHORIZATION","6591","2026-08-10 08:08:06","2","False","0.35","recovered"
"1319","MERCH034","CUST0486","CARD","ICICI","INSUFFICIENT_FUNDS","BANK_AUTHORIZATION","4406","2026-08-24 21:53:54","3","False","0.3","not_recovered"
"1320","MERCH020","CUST0342","CARD","ICICI","PROCESSING_ERROR","PAYMENT_PROCESSING","7068","2026-08-29 08:16:34","0","False","0.55","not_recovered"
"1321","MERCH026","CUST0057","CARD","ICICI","BANK_TIMEOUT","BANK_RESPONSE","2392","2026-08-24 04:18:54","1","True","0.48","not_recovered"
"1322","MERCH014","CUST0678","CARD","ICICI","CUSTOMER_ACTION_REQUIRED","CUSTOMER_AUTHENTICATION","487","2026-08-17 14:58:39","0","False","0.4","not_recovered"
"1323","MERCH048","CUST0205","UPI","AXIS","CUSTOMER_ACTION_REQUIRED","CUSTOMER_AUTHENTICATION","1850","2026-08-05 14:42:49","0","False","0.4","not_recovered"
"1324","MERCH047","CUST0608","CARD","SBI","BANK_TIMEOUT","BANK_RESPONSE","6490","2026-08-25 15:26:39","0","False","0.5","not_recovered"
"1325","MERCH004","CUST0104","UPI","ICICI","INSUFFICIENT_FUNDS","BANK_AUTHORIZATION","6153","2026-08-23 06:27:06","2","True","0.38","recovered"
"1326","MERCH048","CUST0076","CARD","AXIS","CUSTOMER_ACTION_REQUIRED","CUSTOMER_AUTHENTICATION","2564","2026-08-30 15:10:35","0","True","0.43","unknown"
"1327","MERCH006","CUST0449","UPI","ICICI","PROCESSING_ERROR","PAYMENT_PROCESSING","4371","2026-08-29 00:34:21","0","False","0.55","recovered"
"1328","MERCH050","CUST0789","UPI","ICICI","CARD_BLOCKED","CARD_AUTHORIZATION","6018","2026-08-23 15:26:30","1","False","0.0","not_recovered"
"1329","MERCH015","CUST0472","CARD","ICICI","INSUFFICIENT_FUNDS","BANK_AUTHORIZATION","4343","2026-08-14 09:30:48","1","False","0.4","recovered"
"1330","MERCH042","CUST0421","CARD","AXIS","CUSTOMER_ACTION_REQUIRED","CUSTOMER_AUTHENTICATION","886","2026-08-27 15:37:39","0","False","0.4","recovered"
"1331","MERCH037","CUST0448","UPI","ICICI","BANK_TIMEOUT","BANK_RESPONSE","8161","2026-08-15 17:18:25","1","False","0.45","not_recovered"
"1332","MERCH037","CUST0095","UPI","HDFC","BANK_TIMEOUT","BANK_RESPONSE","1537","2026-08-29 20:40:16","2","False","0.4","not_recovered"
"1333","MERCH049","CUST0075","CARD","ICICI","PROCESSING_ERROR","PAYMENT_PROCESSING","2593","2026-08-18 00:58:41","0","False","0.55","recovered"
"1334","MERCH034","CUST0800","CARD","SBI","PROCESSING_ERROR","PAYMENT_PROCESSING","4913","2026-08-02 07:24:10","1","False","0.5","recovered"
"1335","MERCH021","CUST0438","UPI","ICICI","CUSTOMER_ACTION_REQUIRED","CUSTOMER_AUTHENTICATION","9674","2026-08-17 20:32:20","0","False","0.4","recovered"
"1336","MERCH037","CUST0948","CARD","HDFC","INSUFFICIENT_FUNDS","BANK_AUTHORIZATION","2529","2026-08-12 00:10:31","0","True","0.48","not_recovered"
"1337","MERCH003","CUST0799","UPI","ICICI","CARD_BLOCKED","CARD_AUTHORIZATION","5465","2026-08-17 07:23:36","2","False","0.0","not_recovered"
"1338","MERCH011","CUST0435","CARD","HDFC","CARD_BLOCKED","CARD_AUTHORIZATION","3659","2026-08-19 06:00:23","0","False","0.05","not_recovered"
"1339","MERCH008","CUST0855","CARD","SBI","PROCESSING_ERROR","PAYMENT_PROCESSING","3517","2026-08-20 11:13:02","0","False","0.55","recovered"
"1340","MERCH050","CUST0390","UPI","SBI","CARD_BLOCKED","CARD_AUTHORIZATION","8401","2026-08-30 01:46:20","1","True","0.03","unknown"
"1341","MERCH049","CUST0215","UPI","AXIS","BANK_TIMEOUT","BANK_RESPONSE","5971","2026-08-17 09:11:29","0","False","0.5","recovered"
"1342","MERCH033","CUST0369","CARD","ICICI","PROCESSING_ERROR","PAYMENT_PROCESSING","7586","2026-08-02 18:48:38","0","False","0.55","recovered"
"1343","MERCH007","CUST0364","CARD","ICICI","CUSTOMER_ACTION_REQUIRED","CUSTOMER_AUTHENTICATION","7213","2026-08-16 14:20:03","0","False","0.4","not_recovered"
"1344","MERCH025","CUST0897","CARD","SBI","CARD_BLOCKED","CARD_AUTHORIZATION","4600","2026-08-17 16:38:16","0","False","0.05","not_recovered"
"1345","MERCH001","CUST0132","UPI","HDFC","BANK_TIMEOUT","BANK_RESPONSE","738","2026-08-04 23:16:53","1","False","0.45","not_recovered"
"1346","MERCH019","CUST0381","CARD","HDFC","PROCESSING_ERROR","PAYMENT_PROCESSING","2961","2026-08-27 04:12:44","3","False","0.4","not_recovered"
"1347","MERCH012","CUST0374","UPI","HDFC","INSUFFICIENT_FUNDS","BANK_AUTHORIZATION","3443","2026-08-16 20:35:28","0","False","0.45","not_recovered"
"1348","MERCH040","CUST0329","UPI","SBI","INSUFFICIENT_FUNDS","BANK_AUTHORIZATION","7808","2026-08-03 15:52:20","1","True","0.43","recovered"
"1349","MERCH035","CUST0387","UPI","HDFC","INSUFFICIENT_FUNDS","BANK_AUTHORIZATION","5812","2026-08-12 19:27:50","0","False","0.45","recovered"
"1350","MERCH031","CUST0476","CARD","AXIS","INSUFFICIENT_FUNDS","BANK_AUTHORIZATION","9983","2026-08-02 00:50:26","0","False","0.45","not_recovered"
"1351","MERCH009","CUST0331","CARD","SBI","PROCESSING_ERROR","PAYMENT_PROCESSING","9459","2026-08-11 12:41:27","0","False","0.55","not_recovered"
"1352","MERCH010","CUST0231","UPI","SBI","BANK_TIMEOUT","BANK_RESPONSE","4725","2026-08-31 20:32:38","0","False","0.5","unknown"
"1353","MERCH012","CUST0748","CARD","ICICI","BANK_TIMEOUT","BANK_RESPONSE","7671","2026-08-30 16:18:50","0","False","0.5","unknown"
"1354","MERCH018","CUST0779","UPI","ICICI","PROCESSING_ERROR","PAYMENT_PROCESSING","2479","2026-08-30 03:00:47","1","False","0.5","unknown"
"1355","MERCH048","CUST0928","CARD","SBI","BANK_TIMEOUT","BANK_RESPONSE","3084","2026-08-02 16:41:09","0","True","0.53","not_recovered"
"1356","MERCH011","CUST0407","CARD","SBI","PROCESSING_ERROR","PAYMENT_PROCESSING","8027","2026-08-18 16:40:28","0","False","0.55","not_recovered"
"1357","MERCH026","CUST0463","UPI","AXIS","BANK_TIMEOUT","BANK_RESPONSE","9043","2026-08-23 08:28:39","0","False","0.5","not_recovered"
"1358","MERCH022","CUST0346","UPI","ICICI","INSUFFICIENT_FUNDS","BANK_AUTHORIZATION","8084","2026-08-28 15:30:56","0","True","0.48","not_recovered"
"1359","MERCH049","CUST0532","CARD","SBI","BANK_TIMEOUT","BANK_RESPONSE","7088","2026-08-03 05:36:33","3","True","0.38","recovered"
"1360","MERCH030","CUST0850","UPI","SBI","PROCESSING_ERROR","PAYMENT_PROCESSING","4944","2026-08-08 03:08:57","2","False","0.45","recovered"
"1361","MERCH006","CUST0990","UPI","AXIS","CUSTOMER_ACTION_REQUIRED","CUSTOMER_AUTHENTICATION","8470","2026-08-11 11:02:57","0","False","0.4","not_recovered"
"1362","MERCH013","CUST0752","CARD","HDFC","PROCESSING_ERROR","PAYMENT_PROCESSING","8792","2026-08-27 11:43:19","0","False","0.55","recovered"
"1363","MERCH045","CUST0970","UPI","ICICI","INSUFFICIENT_FUNDS","BANK_AUTHORIZATION","2813","2026-08-12 23:36:32","2","False","0.35","recovered"
"1364","MERCH040","CUST0435","UPI","ICICI","INSUFFICIENT_FUNDS","BANK_AUTHORIZATION","6667","2026-08-16 09:26:36","0","False","0.45","recovered"
"1365","MERCH031","CUST0480","CARD","HDFC","BANK_TIMEOUT","BANK_RESPONSE","5015","2026-08-02 00:24:43","0","False","0.5","not_recovered"
"1366","MERCH014","CUST0946","UPI","SBI","BANK_TIMEOUT","BANK_RESPONSE","2398","2026-08-08 23:31:45","0","True","0.53","not_recovered"
"1367","MERCH016","CUST0401","UPI","AXIS","PROCESSING_ERROR","PAYMENT_PROCESSING","3268","2026-08-14 01:36:31","2","True","0.48","not_recovered"
"1368","MERCH018","CUST0144","CARD","SBI","BANK_TIMEOUT","BANK_RESPONSE","9699","2026-08-09 08:54:49","0","True","0.53","recovered"
"1369","MERCH021","CUST0012","UPI","ICICI","PROCESSING_ERROR","PAYMENT_PROCESSING","9904","2026-08-24 20:52:55","0","False","0.55","not_recovered"
"1370","MERCH035","CUST0761","CARD","HDFC","INSUFFICIENT_FUNDS","BANK_AUTHORIZATION","5693","2026-08-15 05:01:21","3","True","0.33","not_recovered"
"1371","MERCH017","CUST0116","CARD","AXIS","PROCESSING_ERROR","PAYMENT_PROCESSING","8083","2026-08-16 03:09:50","0","True","0.58","not_recovered"
"1372","MERCH039","CUST0983","CARD","HDFC","CUSTOMER_ACTION_REQUIRED","CUSTOMER_AUTHENTICATION","8202","2026-08-22 23:52:21","0","False","0.4","not_recovered"
"1373","MERCH018","CUST0863","CARD","ICICI","BANK_TIMEOUT","BANK_RESPONSE","5487","2026-08-22 08:55:20","1","False","0.45","recovered"
"1374","MERCH001","CUST0104","CARD","HDFC","PROCESSING_ERROR","PAYMENT_PROCESSING","3727","2026-08-30 16:39:47","0","False","0.55","unknown"
"1375","MERCH050","CUST0847","CARD","AXIS","BANK_TIMEOUT","BANK_RESPONSE","6368","2026-08-04 01:03:05","1","False","0.45","not_recovered"
"1376","MERCH007","CUST0590","UPI","SBI","CARD_BLOCKED","CARD_AUTHORIZATION","4009","2026-08-19 12:14:48","1","False","0.0","not_recovered"
"1377","MERCH026","CUST0736","UPI","ICICI","BANK_TIMEOUT","BANK_RESPONSE","7312","2026-08-24 08:48:16","1","False","0.45","not_recovered"
"1378","MERCH041","CUST0763","CARD","SBI","INSUFFICIENT_FUNDS","BANK_AUTHORIZATION","3061","2026-08-03 04:07:49","1","False","0.4","recovered"
"1379","MERCH027","CUST0822","UPI","AXIS","CUSTOMER_ACTION_REQUIRED","CUSTOMER_AUTHENTICATION","4253","2026-08-19 09:47:10","2","False","0.3","not_recovered"
"1380","MERCH016","CUST0284","CARD","SBI","INSUFFICIENT_FUNDS","BANK_AUTHORIZATION","4411","2026-08-09 19:06:12","0","False","0.45","not_recovered"
"1381","MERCH021","CUST0759","CARD","ICICI","BANK_TIMEOUT","BANK_RESPONSE","2918","2026-08-26 06:21:05","2","False","0.4","not_recovered"
"1382","MERCH048","CUST0825","UPI","ICICI","CUSTOMER_ACTION_REQUIRED","CUSTOMER_AUTHENTICATION","1759","2026-08-06 09:21:41","1","False","0.35","not_recovered"
"1383","MERCH012","CUST0775","CARD","HDFC","INSUFFICIENT_FUNDS","BANK_AUTHORIZATION","8053","2026-08-19 00:28:17","0","False","0.45","recovered"
"1384","MERCH011","CUST0983","UPI","ICICI","INSUFFICIENT_FUNDS","BANK_AUTHORIZATION","3209","2026-08-30 05:54:02","0","False","0.45","unknown"
"1385","MERCH042","CUST0574","CARD","HDFC","PROCESSING_ERROR","PAYMENT_PROCESSING","1344","2026-08-11 15:24:31","0","False","0.55","not_recovered"
"1386","MERCH043","CUST0415","CARD","HDFC","BANK_TIMEOUT","BANK_RESPONSE","8829","2026-08-19 04:12:23","0","False","0.5","recovered"
"1387","MERCH048","CUST0835","CARD","SBI","INSUFFICIENT_FUNDS","BANK_AUTHORIZATION","3783","2026-08-23 11:35:30","2","False","0.35","recovered"
"1388","MERCH018","CUST0027","CARD","HDFC","CUSTOMER_ACTION_REQUIRED","CUSTOMER_AUTHENTICATION","3687","2026-08-13 21:51:19","2","False","0.3","not_recovered"
"1389","MERCH010","CUST0013","CARD","HDFC","CARD_BLOCKED","CARD_AUTHORIZATION","8017","2026-08-23 07:24:49","0","False","0.05","not_recovered"
"1390","MERCH027","CUST0191","CARD","AXIS","BANK_TIMEOUT","BANK_RESPONSE","6063","2026-08-14 19:03:59","0","False","0.5","not_recovered"
"1391","MERCH016","CUST0328","CARD","SBI","CARD_BLOCKED","CARD_AUTHORIZATION","2303","2026-08-17 14:45:50","2","False","0.0","not_recovered"
"1392","MERCH035","CUST0593","UPI","SBI","CARD_BLOCKED","CARD_AUTHORIZATION","8414","2026-08-25 02:16:28","0","True","0.08","not_recovered"
"1393","MERCH015","CUST0738","CARD","HDFC","PROCESSING_ERROR","PAYMENT_PROCESSING","9508","2026-08-04 13:59:03","0","False","0.55","not_recovered"
"1394","MERCH005","CUST0977","UPI","SBI","PROCESSING_ERROR","PAYMENT_PROCESSING","9258","2026-08-04 19:02:44","2","False","0.45","not_recovered"
"1395","MERCH005","CUST0699","CARD","SBI","CARD_BLOCKED","CARD_AUTHORIZATION","4623","2026-08-29 15:48:39","0","False","0.05","recovered"
"1396","MERCH039","CUST0503","CARD","HDFC","CARD_BLOCKED","CARD_AUTHORIZATION","3625","2026-08-23 22:44:54","0","False","0.05","not_recovered"
"1397","MERCH015","CUST0584","CARD","HDFC","BANK_TIMEOUT","BANK_RESPONSE","9715","2026-08-17 06:22:14","2","False","0.4","recovered"
"1398","MERCH049","CUST0367","UPI","SBI","BANK_TIMEOUT","BANK_RESPONSE","8779","2026-08-22 02:00:31","1","False","0.45","recovered"
"1399","MERCH039","CUST0793","UPI","HDFC","INSUFFICIENT_FUNDS","BANK_AUTHORIZATION","8209","2026-08-07 19:13:39","0","True","0.48","recovered"
"1400","MERCH045","CUST0972","CARD","AXIS","PROCESSING_ERROR","PAYMENT_PROCESSING","7872","2026-08-08 17:22:30","2","True","0.48","recovered"
"1401","MERCH012","CUST0725","CARD","ICICI","PROCESSING_ERROR","PAYMENT_PROCESSING","3123","2026-08-14 15:30:39","0","False","0.55","not_recovered"
"1402","MERCH041","CUST0084","CARD","AXIS","BANK_TIMEOUT","BANK_RESPONSE","8683","2026-08-14 12:19:16","0","False","0.5","not_recovered"
"1403","MERCH004","CUST0700","CARD","SBI","INSUFFICIENT_FUNDS","BANK_AUTHORIZATION","8769","2026-08-02 14:39:17","0","False","0.45","recovered"
"1404","MERCH037","CUST0577","CARD","SBI","CARD_BLOCKED","CARD_AUTHORIZATION","3188","2026-08-26 04:26:47","0","False","0.05","not_recovered"
"1405","MERCH044","CUST0935","UPI","ICICI","PROCESSING_ERROR","PAYMENT_PROCESSING","7320","2026-08-10 14:47:35","0","False","0.55","recovered"
"1406","MERCH040","CUST0040","UPI","ICICI","CARD_BLOCKED","CARD_AUTHORIZATION","1865","2026-08-18 22:40:38","1","False","0.0","not_recovered"
"1407","MERCH007","CUST0510","UPI","HDFC","CARD_BLOCKED","CARD_AUTHORIZATION","5627","2026-08-24 01:43:31","2","False","0.0","not_recovered"
"1408","MERCH029","CUST0967","UPI","SBI","INSUFFICIENT_FUNDS","BANK_AUTHORIZATION","6091","2026-08-08 20:43:16","0","False","0.45","recovered"
"1409","MERCH026","CUST0043","CARD","SBI","CUSTOMER_ACTION_REQUIRED","CUSTOMER_AUTHENTICATION","7971","2026-08-30 16:43:12","0","False","0.4","unknown"
"1410","MERCH043","CUST0671","CARD","AXIS","BANK_TIMEOUT","BANK_RESPONSE","3392","2026-08-15 17:12:29","0","False","0.5","recovered"
"1411","MERCH041","CUST0437","CARD","AXIS","PROCESSING_ERROR","PAYMENT_PROCESSING","8135","2026-08-03 03:46:07","0","False","0.55","recovered"
"1412","MERCH025","CUST0314","CARD","ICICI","BANK_TIMEOUT","BANK_RESPONSE","1003","2026-08-27 14:38:25","2","True","0.43","recovered"
"1413","MERCH038","CUST0766","UPI","ICICI","BANK_TIMEOUT","BANK_RESPONSE","8853","2026-08-03 08:34:45","0","False","0.5","recovered"
"1414","MERCH035","CUST0054","CARD","HDFC","PROCESSING_ERROR","PAYMENT_PROCESSING","832","2026-08-12 09:54:09","0","False","0.55","not_recovered"
"1415","MERCH046","CUST0328","UPI","HDFC","PROCESSING_ERROR","PAYMENT_PROCESSING","9457","2026-08-31 18:12:59","0","False","0.55","unknown"
"1416","MERCH014","CUST0922","UPI","ICICI","INSUFFICIENT_FUNDS","BANK_AUTHORIZATION","4038","2026-08-18 01:21:08","3","False","0.3","not_recovered"
"1417","MERCH024","CUST0940","CARD","SBI","INSUFFICIENT_FUNDS","BANK_AUTHORIZATION","9909","2026-08-13 22:48:45","1","False","0.4","not_recovered"
"1418","MERCH044","CUST0585","CARD","HDFC","CARD_BLOCKED","CARD_AUTHORIZATION","4566","2026-08-21 20:45:23","1","False","0.0","not_recovered"
"1419","MERCH018","CUST0863","UPI","AXIS","INSUFFICIENT_FUNDS","BANK_AUTHORIZATION","270","2026-08-21 04:45:15","0","False","0.45","recovered"
"1420","MERCH045","CUST0229","UPI","SBI","INSUFFICIENT_FUNDS","BANK_AUTHORIZATION","8104","2026-08-05 05:28:42","0","False","0.45","not_recovered"
"1421","MERCH017","CUST0979","CARD","ICICI","PROCESSING_ERROR","PAYMENT_PROCESSING","4764","2026-08-29 16:13:27","0","False","0.55","recovered"
"1422","MERCH013","CUST0974","UPI","AXIS","INSUFFICIENT_FUNDS","BANK_AUTHORIZATION","8590","2026-08-03 17:35:16","0","True","0.48","recovered"
"1423","MERCH025","CUST0189","UPI","SBI","INSUFFICIENT_FUNDS","BANK_AUTHORIZATION","6176","2026-08-23 06:26:00","1","False","0.4","not_recovered"
"1424","MERCH043","CUST0957","UPI","HDFC","BANK_TIMEOUT","BANK_RESPONSE","816","2026-08-29 14:42:05","0","True","0.53","not_recovered"
"1425","MERCH017","CUST0944","UPI","ICICI","PROCESSING_ERROR","PAYMENT_PROCESSING","1024","2026-08-20 23:54:40","0","False","0.55","recovered"
"1426","MERCH015","CUST0189","UPI","ICICI","BANK_TIMEOUT","BANK_RESPONSE","7290","2026-08-03 05:29:16","2","True","0.43","recovered"
"1427","MERCH034","CUST0295","UPI","HDFC","PROCESSING_ERROR","PAYMENT_PROCESSING","5302","2026-08-04 18:04:32","0","True","0.58","recovered"
"1428","MERCH002","CUST0634","UPI","ICICI","PROCESSING_ERROR","PAYMENT_PROCESSING","2450","2026-08-07 00:55:37","1","True","0.53","recovered"
"1429","MERCH004","CUST0834","CARD","SBI","CUSTOMER_ACTION_REQUIRED","CUSTOMER_AUTHENTICATION","676","2026-08-29 08:41:12","0","True","0.43","not_recovered"
"1430","MERCH031","CUST0960","CARD","ICICI","BANK_TIMEOUT","BANK_RESPONSE","6436","2026-08-23 19:54:17","2","False","0.4","not_recovered"
"1431","MERCH017","CUST0354","CARD","AXIS","CUSTOMER_ACTION_REQUIRED","CUSTOMER_AUTHENTICATION","2609","2026-08-24 01:12:30","0","False","0.4","recovered"
"1432","MERCH041","CUST0749","UPI","AXIS","CARD_BLOCKED","CARD_AUTHORIZATION","2726","2026-08-19 20:50:31","1","False","0.0","not_recovered"
"1433","MERCH003","CUST0471","CARD","HDFC","CARD_BLOCKED","CARD_AUTHORIZATION","2148","2026-08-19 03:12:23","0","False","0.05","not_recovered"
"1434","MERCH030","CUST0752","CARD","AXIS","CARD_BLOCKED","CARD_AUTHORIZATION","7694","2026-08-19 15:34:42","0","False","0.05","not_recovered"
"1435","MERCH034","CUST0211","UPI","HDFC","BANK_TIMEOUT","BANK_RESPONSE","9412","2026-08-11 10:43:39","3","False","0.35","not_recovered"
"1436","MERCH024","CUST0922","CARD","AXIS","PROCESSING_ERROR","PAYMENT_PROCESSING","5128","2026-08-12 08:45:41","0","False","0.55","recovered"
"1437","MERCH029","CUST0308","CARD","SBI","INSUFFICIENT_FUNDS","BANK_AUTHORIZATION","5632","2026-08-28 18:46:08","2","False","0.35","not_recovered"
"1438","MERCH028","CUST0185","CARD","SBI","BANK_TIMEOUT","BANK_RESPONSE","6423","2026-08-29 13:03:38","1","False","0.45","not_recovered"
"1439","MERCH037","CUST0788","UPI","AXIS","PROCESSING_ERROR","PAYMENT_PROCESSING","3340","2026-08-09 07:33:31","0","False","0.55","not_recovered"
"1440","MERCH009","CUST0781","CARD","ICICI","BANK_TIMEOUT","BANK_RESPONSE","8793","2026-08-03 17:07:45","1","False","0.45","recovered"
"1441","MERCH001","CUST0943","UPI","ICICI","CUSTOMER_ACTION_REQUIRED","CUSTOMER_AUTHENTICATION","5233","2026-08-19 07:34:52","0","True","0.43","recovered"
"1442","MERCH005","CUST0372","CARD","AXIS","PROCESSING_ERROR","PAYMENT_PROCESSING","2970","2026-08-16 01:34:22","0","False","0.55","recovered"
"1443","MERCH010","CUST0168","CARD","SBI","PROCESSING_ERROR","PAYMENT_PROCESSING","6812","2026-08-09 16:24:36","1","False","0.5","not_recovered"
"1444","MERCH018","CUST0707","UPI","SBI","BANK_TIMEOUT","BANK_RESPONSE","2502","2026-08-23 14:21:02","0","True","0.53","not_recovered"
"1445","MERCH031","CUST0389","CARD","HDFC","BANK_TIMEOUT","BANK_RESPONSE","9703","2026-08-19 14:12:29","3","False","0.35","recovered"
"1446","MERCH002","CUST0994","CARD","ICICI","CUSTOMER_ACTION_REQUIRED","CUSTOMER_AUTHENTICATION","1492","2026-08-19 23:02:38","0","True","0.43","recovered"
"1447","MERCH026","CUST0939","UPI","SBI","CARD_BLOCKED","CARD_AUTHORIZATION","3329","2026-08-17 13:38:27","0","False","0.05","not_recovered"
"1448","MERCH023","CUST0618","CARD","SBI","BANK_TIMEOUT","BANK_RESPONSE","9771","2026-08-22 06:42:02","3","False","0.35","recovered"
"1449","MERCH033","CUST0287","UPI","AXIS","INSUFFICIENT_FUNDS","BANK_AUTHORIZATION","2834","2026-08-04 12:35:50","1","False","0.4","recovered"
"1450","MERCH028","CUST0346","UPI","ICICI","BANK_TIMEOUT","BANK_RESPONSE","7605","2026-08-05 21:29:28","0","True","0.53","not_recovered"
"1451","MERCH040","CUST0011","UPI","ICICI","PROCESSING_ERROR","PAYMENT_PROCESSING","7802","2026-08-20 10:45:06","0","False","0.55","recovered"
"1452","MERCH025","CUST0344","CARD","AXIS","PROCESSING_ERROR","PAYMENT_PROCESSING","5705","2026-08-08 10:11:14","3","False","0.4","not_recovered"
"1453","MERCH032","CUST0289","CARD","SBI","CUSTOMER_ACTION_REQUIRED","CUSTOMER_AUTHENTICATION","1489","2026-08-17 11:12:43","2","False","0.3","recovered"
"1454","MERCH009","CUST0826","UPI","HDFC","INSUFFICIENT_FUNDS","BANK_AUTHORIZATION","6217","2026-08-05 03:40:58","0","False","0.45","not_recovered"
"1455","MERCH005","CUST0010","UPI","ICICI","CUSTOMER_ACTION_REQUIRED","CUSTOMER_AUTHENTICATION","1253","2026-08-09 14:02:13","1","False","0.35","not_recovered"
"1456","MERCH041","CUST0895","CARD","SBI","BANK_TIMEOUT","BANK_RESPONSE","1020","2026-08-08 17:36:52","0","False","0.5","recovered"
"1457","MERCH006","CUST0736","UPI","SBI","PROCESSING_ERROR","PAYMENT_PROCESSING","3918","2026-08-12 04:55:22","0","True","0.58","recovered"
"1458","MERCH034","CUST0198","CARD","HDFC","BANK_TIMEOUT","BANK_RESPONSE","8215","2026-08-31 09:24:34","1","False","0.45","unknown"
"1459","MERCH047","CUST0693","UPI","AXIS","INSUFFICIENT_FUNDS","BANK_AUTHORIZATION","203","2026-08-05 20:41:31","0","True","0.48","recovered"
"1460","MERCH035","CUST0590","UPI","SBI","BANK_TIMEOUT","BANK_RESPONSE","1341","2026-08-11 03:16:01","0","False","0.5","not_recovered"
"1461","MERCH011","CUST0405","CARD","AXIS","PROCESSING_ERROR","PAYMENT_PROCESSING","4776","2026-08-12 14:17:21","0","False","0.55","not_recovered"
"1462","MERCH034","CUST0008","CARD","ICICI","BANK_TIMEOUT","BANK_RESPONSE","1159","2026-08-04 23:47:31","0","False","0.5","not_recovered"
"1463","MERCH040","CUST0774","CARD","SBI","BANK_TIMEOUT","BANK_RESPONSE","7406","2026-08-02 13:58:47","3","False","0.35","recovered"
"1464","MERCH050","CUST0939","CARD","SBI","PROCESSING_ERROR","PAYMENT_PROCESSING","5327","2026-08-23 21:12:17","0","False","0.55","recovered"
"1465","MERCH020","CUST0782","CARD","ICICI","PROCESSING_ERROR","PAYMENT_PROCESSING","3217","2026-08-13 01:46:09","1","True","0.53","recovered"
"1466","MERCH030","CUST0902","CARD","ICICI","CARD_BLOCKED","CARD_AUTHORIZATION","6706","2026-08-24 12:09:39","2","False","0.0","not_recovered"
"1467","MERCH048","CUST0769","CARD","AXIS","CARD_BLOCKED","CARD_AUTHORIZATION","2384","2026-08-17 09:00:34","0","False","0.05","not_recovered"
"1468","MERCH024","CUST0015","CARD","HDFC","INSUFFICIENT_FUNDS","BANK_AUTHORIZATION","3113","2026-08-12 12:48:57","0","False","0.45","recovered"
"1469","MERCH022","CUST0203","UPI","AXIS","PROCESSING_ERROR","PAYMENT_PROCESSING","5072","2026-08-28 16:00:51","0","True","0.58","not_recovered"
"1470","MERCH032","CUST0444","CARD","HDFC","PROCESSING_ERROR","PAYMENT_PROCESSING","1079","2026-08-19 03:42:18","3","True","0.43","recovered"
"1471","MERCH031","CUST0623","CARD","HDFC","INSUFFICIENT_FUNDS","BANK_AUTHORIZATION","8197","2026-08-12 12:07:43","0","True","0.48","recovered"
"1472","MERCH011","CUST0347","CARD","AXIS","BANK_TIMEOUT","BANK_RESPONSE","9915","2026-08-08 06:47:40","0","False","0.5","recovered"
"1473","MERCH045","CUST0885","UPI","ICICI","PROCESSING_ERROR","PAYMENT_PROCESSING","7858","2026-08-05 01:32:45","0","False","0.55","recovered"
"1474","MERCH021","CUST0705","UPI","ICICI","BANK_TIMEOUT","BANK_RESPONSE","7901","2026-08-15 14:50:33","1","False","0.45","recovered"
"1475","MERCH013","CUST0924","UPI","ICICI","BANK_TIMEOUT","BANK_RESPONSE","9476","2026-08-13 02:43:08","1","False","0.45","not_recovered"
"1476","MERCH016","CUST0501","CARD","SBI","INSUFFICIENT_FUNDS","BANK_AUTHORIZATION","1666","2026-08-20 15:33:33","1","False","0.4","recovered"
"1477","MERCH032","CUST0474","CARD","SBI","PROCESSING_ERROR","PAYMENT_PROCESSING","3265","2026-08-15 09:48:30","1","False","0.5","not_recovered"
"1478","MERCH031","CUST0253","UPI","SBI","INSUFFICIENT_FUNDS","BANK_AUTHORIZATION","8006","2026-08-29 06:38:06","0","False","0.45","recovered"
"1479","MERCH021","CUST0620","UPI","HDFC","CARD_BLOCKED","CARD_AUTHORIZATION","9890","2026-08-31 08:58:15","0","False","0.05","unknown"
"1480","MERCH048","CUST0907","UPI","ICICI","INSUFFICIENT_FUNDS","BANK_AUTHORIZATION","6260","2026-08-22 12:49:14","1","False","0.4","recovered"
"1481","MERCH014","CUST0148","CARD","SBI","INSUFFICIENT_FUNDS","BANK_AUTHORIZATION","7004","2026-08-05 19:42:12","0","False","0.45","not_recovered"
"1482","MERCH029","CUST0641","CARD","HDFC","PROCESSING_ERROR","PAYMENT_PROCESSING","5246","2026-08-07 05:31:54","3","False","0.4","recovered"
"1483","MERCH039","CUST0465","CARD","HDFC","PROCESSING_ERROR","PAYMENT_PROCESSING","5388","2026-08-02 19:45:19","0","False","0.55","not_recovered"
"1484","MERCH024","CUST0146","CARD","AXIS","PROCESSING_ERROR","PAYMENT_PROCESSING","7214","2026-08-17 17:21:08","0","False","0.55","not_recovered"
"1485","MERCH003","CUST0660","CARD","ICICI","PROCESSING_ERROR","PAYMENT_PROCESSING","9414","2026-08-03 21:52:57","2","True","0.48","not_recovered"
"1486","MERCH009","CUST0509","UPI","SBI","INSUFFICIENT_FUNDS","BANK_AUTHORIZATION","1775","2026-08-27 09:05:00","0","False","0.45","recovered"
"1487","MERCH024","CUST0996","CARD","ICICI","INSUFFICIENT_FUNDS","BANK_AUTHORIZATION","5729","2026-08-05 09:03:45","0","False","0.45","not_recovered"
"1488","MERCH042","CUST0809","CARD","HDFC","PROCESSING_ERROR","PAYMENT_PROCESSING","1565","2026-08-12 01:28:08","0","True","0.58","not_recovered"
"1489","MERCH017","CUST0233","UPI","SBI","BANK_TIMEOUT","BANK_RESPONSE","9237","2026-08-03 04:13:27","0","False","0.5","recovered"
"1490","MERCH003","CUST0044","UPI","HDFC","CARD_BLOCKED","CARD_AUTHORIZATION","2355","2026-08-26 07:13:20","0","False","0.05","not_recovered"
"1491","MERCH026","CUST0020","CARD","AXIS","INSUFFICIENT_FUNDS","BANK_AUTHORIZATION","6898","2026-08-28 16:49:57","0","False","0.45","recovered"
"1492","MERCH015","CUST0597","CARD","SBI","INSUFFICIENT_FUNDS","BANK_AUTHORIZATION","1420","2026-08-30 05:35:36","2","False","0.35","unknown"
"1493","MERCH011","CUST0407","UPI","HDFC","PROCESSING_ERROR","PAYMENT_PROCESSING","4710","2026-08-14 21:30:03","1","False","0.5","recovered"
"1494","MERCH013","CUST0773","CARD","ICICI","INSUFFICIENT_FUNDS","BANK_AUTHORIZATION","4365","2026-08-21 01:26:59","0","False","0.45","recovered"
"1495","MERCH039","CUST0991","CARD","HDFC","INSUFFICIENT_FUNDS","BANK_AUTHORIZATION","782","2026-08-20 19:24:51","2","False","0.35","not_recovered"
"1496","MERCH013","CUST0778","CARD","HDFC","CUSTOMER_ACTION_REQUIRED","CUSTOMER_AUTHENTICATION","5070","2026-08-19 12:31:25","0","False","0.4","recovered"
"1497","MERCH017","CUST0223","UPI","ICICI","INSUFFICIENT_FUNDS","BANK_AUTHORIZATION","3064","2026-08-18 05:03:32","0","False","0.45","recovered"
"1498","MERCH021","CUST0469","CARD","HDFC","CARD_BLOCKED","CARD_AUTHORIZATION","7967","2026-08-29 05:24:50","1","False","0.0","not_recovered"
"1499","MERCH016","CUST0080","UPI","SBI","CUSTOMER_ACTION_REQUIRED","CUSTOMER_AUTHENTICATION","919","2026-08-02 13:03:46","3","False","0.25","not_recovered"
"1500","MERCH025","CUST0747","UPI","SBI","INSUFFICIENT_FUNDS","BANK_AUTHORIZATION","3627","2026-08-11 06:16:52","3","False","0.3","not_recovered"
"1501","MERCH018","CUST0428","UPI","ICICI","BANK_TIMEOUT","BANK_RESPONSE","2067","2026-08-16 15:54:50","0","False","0.5","not_recovered"
"1502","MERCH014","CUST0124","UPI","AXIS","INSUFFICIENT_FUNDS","BANK_AUTHORIZATION","1944","2026-08-06 04:18:29","1","False","0.4","not_recovered"
"1503","MERCH045","CUST0571","CARD","ICICI","INSUFFICIENT_FUNDS","BANK_AUTHORIZATION","9327","2026-08-25 06:55:12","0","False","0.45","recovered"
"1504","MERCH026","CUST0695","CARD","SBI","INSUFFICIENT_FUNDS","BANK_AUTHORIZATION","7185","2026-08-24 14:34:54","0","False","0.45","not_recovered"
"1505","MERCH003","CUST0673","UPI","ICICI","BANK_TIMEOUT","BANK_RESPONSE","7950","2026-08-11 20:09:39","2","True","0.43","recovered"
"1506","MERCH013","CUST0241","CARD","SBI","CARD_BLOCKED","CARD_AUTHORIZATION","822","2026-08-29 08:11:22","2","False","0.0","not_recovered"
"1507","MERCH032","CUST0811","UPI","SBI","INSUFFICIENT_FUNDS","BANK_AUTHORIZATION","1548","2026-08-31 00:46:39","0","False","0.45","unknown"
"1508","MERCH035","CUST0168","CARD","ICICI","BANK_TIMEOUT","BANK_RESPONSE","8959","2026-08-09 01:44:52","0","False","0.5","recovered"
"1509","MERCH038","CUST0412","CARD","AXIS","CARD_BLOCKED","CARD_AUTHORIZATION","4891","2026-08-09 04:00:18","2","False","0.0","not_recovered"
"1510","MERCH035","CUST0418","CARD","AXIS","INSUFFICIENT_FUNDS","BANK_AUTHORIZATION","4248","2026-08-08 16:21:50","0","False","0.45","not_recovered"
"1511","MERCH049","CUST0553","UPI","SBI","INSUFFICIENT_FUNDS","BANK_AUTHORIZATION","2476","2026-08-31 01:38:37","0","False","0.45","unknown"
"1512","MERCH048","CUST0164","UPI","HDFC","CUSTOMER_ACTION_REQUIRED","CUSTOMER_AUTHENTICATION","6593","2026-08-05 23:14:16","2","False","0.3","not_recovered"
"1513","MERCH035","CUST0043","UPI","SBI","INSUFFICIENT_FUNDS","BANK_AUTHORIZATION","9118","2026-08-09 23:53:29","1","False","0.4","not_recovered"
"1514","MERCH032","CUST0120","CARD","ICICI","PROCESSING_ERROR","PAYMENT_PROCESSING","6571","2026-08-27 09:28:48","1","False","0.5","not_recovered"
"1515","MERCH048","CUST0418","UPI","HDFC","BANK_TIMEOUT","BANK_RESPONSE","7532","2026-08-09 13:24:18","2","False","0.4","recovered"
"1516","MERCH001","CUST0915","UPI","AXIS","INSUFFICIENT_FUNDS","BANK_AUTHORIZATION","1283","2026-08-16 21:09:48","0","False","0.45","not_recovered"
"1517","MERCH035","CUST0654","UPI","HDFC","INSUFFICIENT_FUNDS","BANK_AUTHORIZATION","609","2026-08-16 08:36:48","0","True","0.48","not_recovered"
"1518","MERCH005","CUST0069","CARD","AXIS","CARD_BLOCKED","CARD_AUTHORIZATION","7012","2026-08-19 08:32:03","1","True","0.03","not_recovered"
"1519","MERCH022","CUST0398","CARD","HDFC","INSUFFICIENT_FUNDS","BANK_AUTHORIZATION","9761","2026-08-25 05:25:20","1","False","0.4","not_recovered"
"1520","MERCH003","CUST0512","CARD","ICICI","INSUFFICIENT_FUNDS","BANK_AUTHORIZATION","7859","2026-08-20 15:06:26","1","False","0.4","not_recovered"
"1521","MERCH038","CUST0636","CARD","AXIS","CARD_BLOCKED","CARD_AUTHORIZATION","6325","2026-08-03 21:03:20","3","False","0.0","not_recovered"
"1522","MERCH017","CUST0557","UPI","SBI","INSUFFICIENT_FUNDS","BANK_AUTHORIZATION","1640","2026-08-24 01:44:52","0","False","0.45","not_recovered"
"1523","MERCH031","CUST0036","CARD","ICICI","PROCESSING_ERROR","PAYMENT_PROCESSING","7492","2026-08-12 12:18:18","1","True","0.53","not_recovered"
"1524","MERCH038","CUST0884","UPI","AXIS","INSUFFICIENT_FUNDS","BANK_AUTHORIZATION","3069","2026-08-24 11:38:37","0","False","0.45","not_recovered"
"1525","MERCH035","CUST0670","UPI","ICICI","PROCESSING_ERROR","PAYMENT_PROCESSING","8566","2026-08-25 20:10:18","0","False","0.55","not_recovered"
"1526","MERCH003","CUST0298","CARD","AXIS","INSUFFICIENT_FUNDS","BANK_AUTHORIZATION","2636","2026-08-05 17:30:09","0","False","0.45","recovered"
"1527","MERCH050","CUST0763","UPI","AXIS","INSUFFICIENT_FUNDS","BANK_AUTHORIZATION","3092","2026-08-12 20:18:22","0","False","0.45","not_recovered"
"1528","MERCH015","CUST0731","CARD","SBI","INSUFFICIENT_FUNDS","BANK_AUTHORIZATION","2380","2026-08-08 09:47:23","1","False","0.4","not_recovered"
"1529","MERCH029","CUST0509","CARD","AXIS","INSUFFICIENT_FUNDS","BANK_AUTHORIZATION","8704","2026-08-19 21:05:13","1","True","0.43","not_recovered"
"1530","MERCH018","CUST0447","CARD","SBI","INSUFFICIENT_FUNDS","BANK_AUTHORIZATION","4405","2026-08-19 08:41:01","0","False","0.45","recovered"
"1531","MERCH009","CUST0124","UPI","HDFC","INSUFFICIENT_FUNDS","BANK_AUTHORIZATION","3160","2026-08-11 12:57:32","0","False","0.45","recovered"
"1532","MERCH017","CUST0490","UPI","HDFC","PROCESSING_ERROR","PAYMENT_PROCESSING","1998","2026-08-29 04:03:31","0","False","0.55","recovered"
"1533","MERCH048","CUST0719","CARD","SBI","PROCESSING_ERROR","PAYMENT_PROCESSING","8459","2026-08-02 14:10:25","0","False","0.55","not_recovered"
"1534","MERCH001","CUST0311","UPI","ICICI","CARD_BLOCKED","CARD_AUTHORIZATION","7970","2026-08-12 08:48:59","0","False","0.05","not_recovered"
"1535","MERCH007","CUST0177","CARD","SBI","INSUFFICIENT_FUNDS","BANK_AUTHORIZATION","2180","2026-08-26 18:02:20","0","False","0.45","not_recovered"
"1536","MERCH005","CUST0580","UPI","HDFC","BANK_TIMEOUT","BANK_RESPONSE","6874","2026-08-19 13:26:14","3","False","0.35","not_recovered"
"1537","MERCH049","CUST0443","UPI","ICICI","BANK_TIMEOUT","BANK_RESPONSE","553","2026-08-11 08:24:06","1","False","0.45","recovered"
"1538","MERCH039","CUST0857","UPI","HDFC","PROCESSING_ERROR","PAYMENT_PROCESSING","8448","2026-08-21 17:38:38","1","False","0.5","recovered"
"1539","MERCH039","CUST0534","CARD","AXIS","BANK_TIMEOUT","BANK_RESPONSE","7190","2026-08-31 02:50:34","0","True","0.53","unknown"
"1540","MERCH006","CUST0722","UPI","SBI","PROCESSING_ERROR","PAYMENT_PROCESSING","6543","2026-08-15 15:11:40","0","False","0.55","not_recovered"
"1541","MERCH020","CUST0857","CARD","ICICI","CUSTOMER_ACTION_REQUIRED","CUSTOMER_AUTHENTICATION","7799","2026-08-26 19:52:14","0","False","0.4","not_recovered"
"1542","MERCH038","CUST0712","UPI","AXIS","INSUFFICIENT_FUNDS","BANK_AUTHORIZATION","8122","2026-08-18 14:56:11","0","False","0.45","recovered"
"1543","MERCH041","CUST0275","CARD","ICICI","PROCESSING_ERROR","PAYMENT_PROCESSING","3832","2026-08-17 04:43:53","2","False","0.45","recovered"
"1544","MERCH013","CUST0357","CARD","HDFC","CUSTOMER_ACTION_REQUIRED","CUSTOMER_AUTHENTICATION","8581","2026-08-21 23:28:40","0","False","0.4","not_recovered"
"1545","MERCH013","CUST0787","UPI","ICICI","INSUFFICIENT_FUNDS","BANK_AUTHORIZATION","6022","2026-08-28 08:22:47","1","False","0.4","not_recovered"
"1546","MERCH034","CUST0178","UPI","ICICI","BANK_TIMEOUT","BANK_RESPONSE","3470","2026-08-31 00:52:24","1","False","0.45","unknown"
"1547","MERCH012","CUST0909","CARD","ICICI","INSUFFICIENT_FUNDS","BANK_AUTHORIZATION","8035","2026-08-15 03:26:07","3","False","0.3","not_recovered"
"1548","MERCH017","CUST0621","UPI","ICICI","INSUFFICIENT_FUNDS","BANK_AUTHORIZATION","6269","2026-08-28 17:35:33","3","True","0.33","recovered"
"1549","MERCH017","CUST0951","CARD","AXIS","CARD_BLOCKED","CARD_AUTHORIZATION","9121","2026-08-30 07:55:27","2","False","0.0","unknown"
"1550","MERCH027","CUST0204","CARD","SBI","CARD_BLOCKED","CARD_AUTHORIZATION","8120","2026-08-30 21:32:30","0","False","0.05","unknown"
"1551","MERCH021","CUST0123","UPI","HDFC","INSUFFICIENT_FUNDS","BANK_AUTHORIZATION","992","2026-08-03 23:48:31","2","False","0.35","not_recovered"
"1552","MERCH018","CUST0131","UPI","AXIS","INSUFFICIENT_FUNDS","BANK_AUTHORIZATION","9382","2026-08-04 21:45:54","0","False","0.45","not_recovered"
"1553","MERCH018","CUST0292","CARD","HDFC","INSUFFICIENT_FUNDS","BANK_AUTHORIZATION","9990","2026-08-29 16:49:01","1","False","0.4","recovered"
"1554","MERCH016","CUST0156","UPI","ICICI","BANK_TIMEOUT","BANK_RESPONSE","2915","2026-08-20 14:32:39","0","False","0.5","not_recovered"
"1555","MERCH006","CUST0585","CARD","AXIS","INSUFFICIENT_FUNDS","BANK_AUTHORIZATION","4133","2026-08-21 17:29:34","0","False","0.45","recovered"
"1556","MERCH012","CUST0940","UPI","ICICI","INSUFFICIENT_FUNDS","BANK_AUTHORIZATION","4012","2026-08-16 23:25:18","0","False","0.45","not_recovered"
"1557","MERCH029","CUST0219","UPI","SBI","CUSTOMER_ACTION_REQUIRED","CUSTOMER_AUTHENTICATION","6793","2026-08-23 13:27:09","0","False","0.4","recovered"
"1558","MERCH040","CUST0769","CARD","SBI","PROCESSING_ERROR","PAYMENT_PROCESSING","4551","2026-08-11 22:59:32","2","False","0.45","not_recovered"
"1559","MERCH034","CUST0351","CARD","SBI","PROCESSING_ERROR","PAYMENT_PROCESSING","6455","2026-08-23 11:11:17","1","False","0.5","not_recovered"
"1560","MERCH039","CUST0858","CARD","HDFC","BANK_TIMEOUT","BANK_RESPONSE","3493","2026-08-12 13:54:17","0","False","0.5","recovered"
"1561","MERCH019","CUST0921","UPI","AXIS","BANK_TIMEOUT","BANK_RESPONSE","7795","2026-08-03 04:17:00","1","False","0.45","not_recovered"
"1562","MERCH005","CUST0464","UPI","AXIS","PROCESSING_ERROR","PAYMENT_PROCESSING","5990","2026-08-20 11:51:47","0","False","0.55","recovered"
"1563","MERCH028","CUST0092","CARD","ICICI","INSUFFICIENT_FUNDS","BANK_AUTHORIZATION","4509","2026-08-19 19:06:49","2","False","0.35","recovered"
"1564","MERCH015","CUST0875","UPI","SBI","CARD_BLOCKED","CARD_AUTHORIZATION","6073","2026-08-04 07:53:56","1","True","0.03","not_recovered"
"1565","MERCH006","CUST0631","UPI","ICICI","INSUFFICIENT_FUNDS","BANK_AUTHORIZATION","4280","2026-08-23 23:54:02","0","True","0.48","recovered"
"1566","MERCH012","CUST0235","CARD","ICICI","INSUFFICIENT_FUNDS","BANK_AUTHORIZATION","1194","2026-08-13 06:05:05","2","False","0.35","not_recovered"
"1567","MERCH048","CUST0181","CARD","AXIS","CARD_BLOCKED","CARD_AUTHORIZATION","2851","2026-08-13 11:14:44","0","False","0.05","not_recovered"
"1568","MERCH005","CUST0069","UPI","ICICI","CUSTOMER_ACTION_REQUIRED","CUSTOMER_AUTHENTICATION","3028","2026-08-27 22:06:02","0","False","0.4","not_recovered"
"1569","MERCH047","CUST0184","UPI","HDFC","INSUFFICIENT_FUNDS","BANK_AUTHORIZATION","243","2026-08-17 19:12:33","2","False","0.35","not_recovered"
"1570","MERCH002","CUST0513","UPI","AXIS","INSUFFICIENT_FUNDS","BANK_AUTHORIZATION","892","2026-08-24 18:30:09","0","True","0.48","not_recovered"
"1571","MERCH024","CUST0588","CARD","AXIS","INSUFFICIENT_FUNDS","BANK_AUTHORIZATION","2969","2026-08-07 08:00:54","1","True","0.43","not_recovered"
"1572","MERCH003","CUST0069","CARD","HDFC","INSUFFICIENT_FUNDS","BANK_AUTHORIZATION","7649","2026-08-27 16:12:18","1","False","0.4","recovered"
"1573","MERCH035","CUST0744","CARD","AXIS","CARD_BLOCKED","CARD_AUTHORIZATION","8614","2026-08-19 04:21:53","1","False","0.0","not_recovered"
"1574","MERCH026","CUST0770","CARD","AXIS","INSUFFICIENT_FUNDS","BANK_AUTHORIZATION","8287","2026-08-08 03:04:48","2","False","0.35","not_recovered"
"1575","MERCH024","CUST0863","CARD","SBI","BANK_TIMEOUT","BANK_RESPONSE","6856","2026-08-20 13:43:44","0","False","0.5","recovered"
"1576","MERCH013","CUST0769","UPI","HDFC","PROCESSING_ERROR","PAYMENT_PROCESSING","2511","2026-08-23 20:13:06","2","False","0.45","not_recovered"
"1577","MERCH042","CUST0813","CARD","AXIS","INSUFFICIENT_FUNDS","BANK_AUTHORIZATION","368","2026-08-13 00:33:26","2","False","0.35","not_recovered"
"1578","MERCH046","CUST0477","CARD","HDFC","PROCESSING_ERROR","PAYMENT_PROCESSING","6912","2026-08-04 11:49:21","0","True","0.58","not_recovered"
"1579","MERCH007","CUST0303","CARD","SBI","PROCESSING_ERROR","PAYMENT_PROCESSING","6433","2026-08-23 00:55:37","0","False","0.55","not_recovered"
"1580","MERCH036","CUST0489","UPI","AXIS","INSUFFICIENT_FUNDS","BANK_AUTHORIZATION","5530","2026-08-11 09:25:11","0","False","0.45","recovered"
"1581","MERCH007","CUST0150","CARD","SBI","INSUFFICIENT_FUNDS","BANK_AUTHORIZATION","3683","2026-08-27 07:06:54","0","False","0.45","recovered"
"1582","MERCH040","CUST0472","CARD","ICICI","INSUFFICIENT_FUNDS","BANK_AUTHORIZATION","934","2026-08-27 02:20:44","1","False","0.4","not_recovered"
"1583","MERCH028","CUST0782","UPI","SBI","CARD_BLOCKED","CARD_AUTHORIZATION","2612","2026-08-20 08:18:52","0","False","0.05","not_recovered"
"1584","MERCH041","CUST0274","UPI","HDFC","BANK_TIMEOUT","BANK_RESPONSE","3316","2026-08-06 12:34:25","1","False","0.45","recovered"
"1585","MERCH003","CUST0311","UPI","HDFC","INSUFFICIENT_FUNDS","BANK_AUTHORIZATION","9427","2026-08-11 09:38:06","0","False","0.45","recovered"
"1586","MERCH036","CUST0582","CARD","HDFC","INSUFFICIENT_FUNDS","BANK_AUTHORIZATION","1185","2026-08-09 22:21:53","2","False","0.35","not_recovered"
"1587","MERCH005","CUST0225","CARD","HDFC","CARD_BLOCKED","CARD_AUTHORIZATION","8185","2026-08-07 13:05:44","0","False","0.05","not_recovered"
"1588","MERCH040","CUST0746","CARD","AXIS","CARD_BLOCKED","CARD_AUTHORIZATION","4328","2026-08-30 00:18:15","1","False","0.0","unknown"
"1589","MERCH048","CUST0339","CARD","HDFC","BANK_TIMEOUT","BANK_RESPONSE","9762","2026-08-27 05:54:00","1","False","0.45","not_recovered"
"1590","MERCH016","CUST0232","UPI","AXIS","PROCESSING_ERROR","PAYMENT_PROCESSING","5476","2026-08-26 16:50:08","0","False","0.55","not_recovered"
"1591","MERCH004","CUST0975","CARD","ICICI","INSUFFICIENT_FUNDS","BANK_AUTHORIZATION","2524","2026-08-28 22:38:17","0","False","0.45","not_recovered"
"1592","MERCH016","CUST0476","UPI","SBI","BANK_TIMEOUT","BANK_RESPONSE","8387","2026-08-19 14:55:02","0","False","0.5","not_recovered"
"1593","MERCH020","CUST0084","UPI","HDFC","BANK_TIMEOUT","BANK_RESPONSE","1186","2026-08-17 05:47:11","2","True","0.43","recovered"
"1594","MERCH028","CUST0158","CARD","AXIS","CARD_BLOCKED","CARD_AUTHORIZATION","5568","2026-08-19 23:31:26","0","False","0.05","not_recovered"
"1595","MERCH032","CUST0951","CARD","HDFC","PROCESSING_ERROR","PAYMENT_PROCESSING","3952","2026-08-15 21:45:32","0","False","0.55","recovered"
"1596","MERCH039","CUST0335","CARD","SBI","INSUFFICIENT_FUNDS","BANK_AUTHORIZATION","1448","2026-08-02 09:53:29","0","False","0.45","not_recovered"
"1597","MERCH045","CUST0664","UPI","SBI","INSUFFICIENT_FUNDS","BANK_AUTHORIZATION","3009","2026-08-03 14:04:49","0","False","0.45","recovered"
"1598","MERCH044","CUST0941","CARD","SBI","INSUFFICIENT_FUNDS","BANK_AUTHORIZATION","5175","2026-08-18 00:38:34","0","False","0.45","recovered"
"1599","MERCH003","CUST0630","UPI","HDFC","BANK_TIMEOUT","BANK_RESPONSE","6503","2026-08-25 19:18:39","0","False","0.5","not_recovered"
"1600","MERCH034","CUST0074","CARD","HDFC","INSUFFICIENT_FUNDS","BANK_AUTHORIZATION","4359","2026-08-09 15:22:38","1","False","0.4","recovered"
"1601","MERCH039","CUST0230","CARD","SBI","PROCESSING_ERROR","PAYMENT_PROCESSING","5648","2026-08-09 21:41:00","1","False","0.5","recovered"
"1602","MERCH033","CUST0314","CARD","AXIS","PROCESSING_ERROR","PAYMENT_PROCESSING","3952","2026-08-17 00:23:27","1","False","0.5","recovered"
"1603","MERCH046","CUST0159","UPI","SBI","INSUFFICIENT_FUNDS","BANK_AUTHORIZATION","2028","2026-08-09 04:03:34","0","False","0.45","recovered"
"1604","MERCH005","CUST0290","CARD","ICICI","PROCESSING_ERROR","PAYMENT_PROCESSING","7990","2026-08-23 03:12:06","0","False","0.55","not_recovered"
"1605","MERCH043","CUST0566","CARD","HDFC","CUSTOMER_ACTION_REQUIRED","CUSTOMER_AUTHENTICATION","654","2026-08-19 16:20:04","0","True","0.43","recovered"
"1606","MERCH003","CUST0862","CARD","AXIS","INSUFFICIENT_FUNDS","BANK_AUTHORIZATION","8252","2026-08-24 12:01:16","1","False","0.4","not_recovered"
"1607","MERCH021","CUST0461","UPI","ICICI","BANK_TIMEOUT","BANK_RESPONSE","7019","2026-08-17 06:45:18","3","False","0.35","not_recovered"
"1608","MERCH012","CUST0008","UPI","ICICI","PROCESSING_ERROR","PAYMENT_PROCESSING","8077","2026-08-18 05:47:10","0","False","0.55","recovered"
"1609","MERCH039","CUST0508","CARD","HDFC","BANK_TIMEOUT","BANK_RESPONSE","6946","2026-08-03 20:47:47","1","False","0.45","not_recovered"
"1610","MERCH040","CUST0382","CARD","SBI","INSUFFICIENT_FUNDS","BANK_AUTHORIZATION","8309","2026-08-11 19:00:46","0","False","0.45","not_recovered"
"1611","MERCH048","CUST0762","CARD","AXIS","CUSTOMER_ACTION_REQUIRED","CUSTOMER_AUTHENTICATION","9774","2026-08-31 17:34:19","2","True","0.33","unknown"
"1612","MERCH050","CUST0973","UPI","AXIS","CARD_BLOCKED","CARD_AUTHORIZATION","9782","2026-08-28 13:26:40","0","False","0.05","not_recovered"
"1613","MERCH019","CUST0341","UPI","AXIS","PROCESSING_ERROR","PAYMENT_PROCESSING","1128","2026-08-25 00:51:10","2","False","0.45","not_recovered"
"1614","MERCH039","CUST0586","UPI","ICICI","CUSTOMER_ACTION_REQUIRED","CUSTOMER_AUTHENTICATION","3751","2026-08-23 19:26:20","0","False","0.4","not_recovered"
"1615","MERCH015","CUST0685","CARD","AXIS","INSUFFICIENT_FUNDS","BANK_AUTHORIZATION","8795","2026-08-13 03:03:41","0","False","0.45","recovered"
"1616","MERCH026","CUST0003","CARD","SBI","CARD_BLOCKED","CARD_AUTHORIZATION","4583","2026-08-27 23:37:13","2","False","0.0","not_recovered"
"1617","MERCH033","CUST0890","CARD","SBI","PROCESSING_ERROR","PAYMENT_PROCESSING","9605","2026-08-12 08:38:45","0","False","0.55","not_recovered"
"1618","MERCH016","CUST0948","CARD","ICICI","INSUFFICIENT_FUNDS","BANK_AUTHORIZATION","3381","2026-08-02 16:33:26","1","True","0.43","not_recovered"
"1619","MERCH031","CUST0022","UPI","HDFC","CARD_BLOCKED","CARD_AUTHORIZATION","4330","2026-08-10 04:55:32","1","False","0.0","not_recovered"
"1620","MERCH028","CUST0209","UPI","ICICI","INSUFFICIENT_FUNDS","BANK_AUTHORIZATION","4831","2026-08-17 00:35:05","3","False","0.3","not_recovered"
"1621","MERCH005","CUST0160","UPI","SBI","CARD_BLOCKED","CARD_AUTHORIZATION","1181","2026-08-15 02:37:56","3","True","0.0","not_recovered"
"1622","MERCH008","CUST0513","CARD","SBI","PROCESSING_ERROR","PAYMENT_PROCESSING","4659","2026-08-06 01:00:51","0","True","0.58","recovered"
"1623","MERCH013","CUST0559","CARD","SBI","CUSTOMER_ACTION_REQUIRED","CUSTOMER_AUTHENTICATION","1515","2026-08-05 01:54:17","0","False","0.4","not_recovered"
"1624","MERCH045","CUST0548","UPI","AXIS","CARD_BLOCKED","CARD_AUTHORIZATION","5857","2026-08-03 10:42:24","0","False","0.05","not_recovered"
"1625","MERCH007","CUST0827","CARD","HDFC","INSUFFICIENT_FUNDS","BANK_AUTHORIZATION","8020","2026-08-30 11:09:08","1","True","0.43","unknown"
"1626","MERCH048","CUST0233","CARD","AXIS","PROCESSING_ERROR","PAYMENT_PROCESSING","6143","2026-08-11 15:59:00","2","True","0.48","recovered"
"1627","MERCH037","CUST0364","UPI","ICICI","BANK_TIMEOUT","BANK_RESPONSE","6908","2026-08-02 08:39:56","3","False","0.35","recovered"
"1628","MERCH007","CUST0609","UPI","HDFC","PROCESSING_ERROR","PAYMENT_PROCESSING","9169","2026-08-28 18:39:57","1","False","0.5","not_recovered"
"1629","MERCH003","CUST0806","CARD","HDFC","INSUFFICIENT_FUNDS","BANK_AUTHORIZATION","7073","2026-08-16 05:53:44","0","True","0.48","not_recovered"
"1630","MERCH043","CUST0988","UPI","ICICI","CUSTOMER_ACTION_REQUIRED","CUSTOMER_AUTHENTICATION","2607","2026-08-15 15:00:07","0","False","0.4","recovered"
"1631","MERCH034","CUST0373","UPI","AXIS","INSUFFICIENT_FUNDS","BANK_AUTHORIZATION","5012","2026-08-21 18:02:20","0","False","0.45","recovered"
"1632","MERCH046","CUST0096","UPI","SBI","PROCESSING_ERROR","PAYMENT_PROCESSING","1659","2026-08-14 19:48:54","1","False","0.5","recovered"
"1633","MERCH037","CUST0218","UPI","HDFC","INSUFFICIENT_FUNDS","BANK_AUTHORIZATION","5203","2026-08-28 17:02:21","1","False","0.4","recovered"
"1634","MERCH046","CUST0563","CARD","ICICI","INSUFFICIENT_FUNDS","BANK_AUTHORIZATION","6713","2026-08-03 23:27:45","0","False","0.45","recovered"
"1635","MERCH022","CUST0276","UPI","HDFC","INSUFFICIENT_FUNDS","BANK_AUTHORIZATION","9738","2026-08-02 04:40:16","0","False","0.45","not_recovered"
"1636","MERCH024","CUST0416","UPI","ICICI","INSUFFICIENT_FUNDS","BANK_AUTHORIZATION","9294","2026-08-14 00:26:48","0","True","0.48","not_recovered"
"1637","MERCH037","CUST0718","UPI","SBI","PROCESSING_ERROR","PAYMENT_PROCESSING","2175","2026-08-10 05:19:47","1","False","0.5","not_recovered"
"1638","MERCH016","CUST0418","UPI","ICICI","PROCESSING_ERROR","PAYMENT_PROCESSING","3172","2026-08-25 21:58:55","0","True","0.58","recovered"
"1639","MERCH043","CUST0398","UPI","ICICI","INSUFFICIENT_FUNDS","BANK_AUTHORIZATION","6727","2026-08-30 16:17:49","0","False","0.45","unknown"
"1640","MERCH018","CUST0256","UPI","AXIS","INSUFFICIENT_FUNDS","BANK_AUTHORIZATION","8253","2026-08-02 01:41:32","3","False","0.3","recovered"
"1641","MERCH017","CUST0708","UPI","HDFC","CUSTOMER_ACTION_REQUIRED","CUSTOMER_AUTHENTICATION","9606","2026-08-07 19:47:00","3","False","0.25","not_recovered"
"1642","MERCH015","CUST0256","UPI","SBI","BANK_TIMEOUT","BANK_RESPONSE","2278","2026-08-12 14:08:47","0","True","0.53","recovered"
"1643","MERCH014","CUST0735","UPI","SBI","PROCESSING_ERROR","PAYMENT_PROCESSING","5692","2026-08-12 00:23:45","0","True","0.58","not_recovered"
"1644","MERCH008","CUST0890","CARD","ICICI","CARD_BLOCKED","CARD_AUTHORIZATION","6305","2026-08-27 04:31:21","1","False","0.0","not_recovered"
"1645","MERCH041","CUST0150","UPI","AXIS","PROCESSING_ERROR","PAYMENT_PROCESSING","4077","2026-08-25 18:47:25","0","False","0.55","recovered"
"1646","MERCH001","CUST0444","CARD","HDFC","INSUFFICIENT_FUNDS","BANK_AUTHORIZATION","1076","2026-08-24 06:28:46","0","False","0.45","recovered"
"1647","MERCH019","CUST0145","CARD","ICICI","INSUFFICIENT_FUNDS","BANK_AUTHORIZATION","325","2026-08-24 23:21:27","1","False","0.4","not_recovered"
"1648","MERCH023","CUST0311","UPI","AXIS","INSUFFICIENT_FUNDS","BANK_AUTHORIZATION","4615","2026-08-25 03:33:11","3","False","0.3","not_recovered"
"1649","MERCH029","CUST0927","UPI","SBI","BANK_TIMEOUT","BANK_RESPONSE","8061","2026-08-20 16:04:12","0","False","0.5","not_recovered"
"1650","MERCH010","CUST0113","CARD","ICICI","PROCESSING_ERROR","PAYMENT_PROCESSING","1719","2026-08-15 04:41:02","2","False","0.45","recovered"
"1651","MERCH026","CUST0021","UPI","SBI","INSUFFICIENT_FUNDS","BANK_AUTHORIZATION","4733","2026-08-14 05:42:58","2","False","0.35","not_recovered"
"1652","MERCH036","CUST0877","UPI","AXIS","CARD_BLOCKED","CARD_AUTHORIZATION","155","2026-08-09 05:42:35","3","False","0.0","not_recovered"
"1653","MERCH036","CUST0430","CARD","SBI","PROCESSING_ERROR","PAYMENT_PROCESSING","3169","2026-08-07 06:22:20","1","False","0.5","recovered"
"1654","MERCH045","CUST0824","CARD","HDFC","BANK_TIMEOUT","BANK_RESPONSE","9956","2026-08-29 10:31:26","1","True","0.48","recovered"
"1655","MERCH013","CUST0912","UPI","ICICI","INSUFFICIENT_FUNDS","BANK_AUTHORIZATION","5607","2026-08-19 07:47:45","0","False","0.45","recovered"
"1656","MERCH015","CUST0442","UPI","SBI","INSUFFICIENT_FUNDS","BANK_AUTHORIZATION","2344","2026-08-13 05:29:21","0","True","0.48","recovered"
"1657","MERCH035","CUST0757","UPI","SBI","BANK_TIMEOUT","BANK_RESPONSE","9087","2026-08-23 10:07:47","1","False","0.45","recovered"
"1658","MERCH024","CUST0100","UPI","ICICI","INSUFFICIENT_FUNDS","BANK_AUTHORIZATION","9725","2026-08-21 20:40:49","0","False","0.45","not_recovered"
"1659","MERCH029","CUST0915","UPI","SBI","INSUFFICIENT_FUNDS","BANK_AUTHORIZATION","3978","2026-08-31 16:46:06","0","False","0.45","unknown"
"1660","MERCH039","CUST0550","UPI","SBI","PROCESSING_ERROR","PAYMENT_PROCESSING","4639","2026-08-28 06:23:53","0","False","0.55","not_recovered"
"1661","MERCH032","CUST0837","UPI","AXIS","CUSTOMER_ACTION_REQUIRED","CUSTOMER_AUTHENTICATION","1739","2026-08-06 07:21:17","0","False","0.4","not_recovered"
"1662","MERCH001","CUST0438","CARD","ICICI","BANK_TIMEOUT","BANK_RESPONSE","9214","2026-08-09 23:25:00","0","True","0.53","not_recovered"
"1663","MERCH002","CUST0684","CARD","HDFC","INSUFFICIENT_FUNDS","BANK_AUTHORIZATION","2671","2026-08-13 08:53:08","1","False","0.4","recovered"
"1664","MERCH014","CUST0203","UPI","ICICI","PROCESSING_ERROR","PAYMENT_PROCESSING","7464","2026-08-12 22:52:20","1","True","0.53","not_recovered"
"1665","MERCH047","CUST0210","CARD","ICICI","CUSTOMER_ACTION_REQUIRED","CUSTOMER_AUTHENTICATION","7174","2026-08-09 11:20:27","1","False","0.35","recovered"
"1666","MERCH025","CUST0008","UPI","ICICI","INSUFFICIENT_FUNDS","BANK_AUTHORIZATION","2968","2026-08-22 09:45:03","0","False","0.45","recovered"
"1667","MERCH010","CUST0426","UPI","AXIS","INSUFFICIENT_FUNDS","BANK_AUTHORIZATION","2822","2026-08-14 22:04:32","1","False","0.4","not_recovered"
"1668","MERCH034","CUST0973","CARD","AXIS","INSUFFICIENT_FUNDS","BANK_AUTHORIZATION","9836","2026-08-27 20:48:45","1","False","0.4","not_recovered"
"1669","MERCH012","CUST0626","CARD","ICICI","INSUFFICIENT_FUNDS","BANK_AUTHORIZATION","3608","2026-08-02 23:20:02","0","False","0.45","not_recovered"
"1670","MERCH030","CUST0950","UPI","SBI","BANK_TIMEOUT","BANK_RESPONSE","2177","2026-08-04 14:40:20","0","False","0.5","not_recovered"
"1671","MERCH008","CUST0574","CARD","AXIS","CUSTOMER_ACTION_REQUIRED","CUSTOMER_AUTHENTICATION","9613","2026-08-08 13:32:26","0","True","0.43","not_recovered"
"1672","MERCH009","CUST0247","UPI","SBI","INSUFFICIENT_FUNDS","BANK_AUTHORIZATION","9148","2026-08-06 01:21:49","0","False","0.45","recovered"
"1673","MERCH022","CUST0563","UPI","HDFC","INSUFFICIENT_FUNDS","BANK_AUTHORIZATION","8136","2026-08-11 23:11:32","0","False","0.45","not_recovered"
"1674","MERCH006","CUST0531","UPI","AXIS","INSUFFICIENT_FUNDS","BANK_AUTHORIZATION","9057","2026-08-05 21:23:22","1","False","0.4","recovered"
"1675","MERCH018","CUST0868","CARD","SBI","INSUFFICIENT_FUNDS","BANK_AUTHORIZATION","288","2026-08-03 07:49:55","1","False","0.4","not_recovered"
"1676","MERCH047","CUST0032","UPI","ICICI","INSUFFICIENT_FUNDS","BANK_AUTHORIZATION","9698","2026-08-05 22:26:43","0","True","0.48","not_recovered"
"1677","MERCH007","CUST0450","CARD","SBI","BANK_TIMEOUT","BANK_RESPONSE","523","2026-08-09 06:30:02","3","False","0.35","not_recovered"
"1678","MERCH033","CUST0662","CARD","ICICI","INSUFFICIENT_FUNDS","BANK_AUTHORIZATION","1493","2026-08-28 11:52:27","2","False","0.35","not_recovered"
"1679","MERCH031","CUST0295","CARD","SBI","INSUFFICIENT_FUNDS","BANK_AUTHORIZATION","4834","2026-08-26 08:11:28","1","True","0.43","recovered"
"1680","MERCH003","CUST0520","CARD","AXIS","INSUFFICIENT_FUNDS","BANK_AUTHORIZATION","9917","2026-08-04 08:55:04","0","False","0.45","recovered"
"1681","MERCH023","CUST0652","CARD","SBI","PROCESSING_ERROR","PAYMENT_PROCESSING","8552","2026-08-15 08:29:26","0","False","0.55","not_recovered"
"1682","MERCH016","CUST0423","UPI","ICICI","PROCESSING_ERROR","PAYMENT_PROCESSING","5369","2026-08-19 22:34:33","1","False","0.5","not_recovered"
"1683","MERCH037","CUST0385","UPI","SBI","BANK_TIMEOUT","BANK_RESPONSE","968","2026-08-21 17:52:37","0","False","0.5","not_recovered"
"1684","MERCH036","CUST0472","CARD","SBI","BANK_TIMEOUT","BANK_RESPONSE","8715","2026-08-10 23:16:06","0","True","0.53","not_recovered"
"1685","MERCH008","CUST0887","CARD","ICICI","CUSTOMER_ACTION_REQUIRED","CUSTOMER_AUTHENTICATION","2135","2026-08-28 23:32:46","2","False","0.3","recovered"
"1686","MERCH047","CUST0265","UPI","AXIS","PROCESSING_ERROR","PAYMENT_PROCESSING","4179","2026-08-27 00:47:28","0","False","0.55","recovered"
"1687","MERCH042","CUST0066","CARD","ICICI","INSUFFICIENT_FUNDS","BANK_AUTHORIZATION","1173","2026-08-08 20:51:38","1","False","0.4","recovered"
"1688","MERCH011","CUST0535","CARD","AXIS","INSUFFICIENT_FUNDS","BANK_AUTHORIZATION","439","2026-08-13 18:47:05","2","False","0.35","recovered"
"1689","MERCH047","CUST0743","CARD","HDFC","INSUFFICIENT_FUNDS","BANK_AUTHORIZATION","4226","2026-08-05 23:43:58","0","True","0.48","recovered"
"1690","MERCH041","CUST0400","UPI","ICICI","CARD_BLOCKED","CARD_AUTHORIZATION","6222","2026-08-16 02:35:14","2","True","0.0","not_recovered"
"1691","MERCH015","CUST0739","CARD","ICICI","PROCESSING_ERROR","PAYMENT_PROCESSING","3163","2026-08-16 06:20:25","0","False","0.55","not_recovered"
"1692","MERCH043","CUST0087","CARD","AXIS","INSUFFICIENT_FUNDS","BANK_AUTHORIZATION","4684","2026-08-16 02:34:27","0","False","0.45","not_recovered"
"1693","MERCH002","CUST0791","UPI","SBI","PROCESSING_ERROR","PAYMENT_PROCESSING","9210","2026-08-26 07:40:19","0","False","0.55","recovered"
"1694","MERCH047","CUST0996","UPI","AXIS","BANK_TIMEOUT","BANK_RESPONSE","1108","2026-08-18 12:02:45","0","False","0.5","recovered"
"1695","MERCH019","CUST0245","UPI","HDFC","INSUFFICIENT_FUNDS","BANK_AUTHORIZATION","5917","2026-08-11 10:24:34","2","False","0.35","recovered"
"1696","MERCH046","CUST0126","CARD","HDFC","CUSTOMER_ACTION_REQUIRED","CUSTOMER_AUTHENTICATION","1774","2026-08-06 08:55:29","0","False","0.4","not_recovered"
"1697","MERCH047","CUST0900","UPI","SBI","BANK_TIMEOUT","BANK_RESPONSE","3354","2026-08-13 16:53:51","1","False","0.45","recovered"
"1698","MERCH014","CUST0138","CARD","ICICI","CARD_BLOCKED","CARD_AUTHORIZATION","742","2026-08-21 17:46:40","2","False","0.0","not_recovered"
"1699","MERCH049","CUST0627","CARD","ICICI","CARD_BLOCKED","CARD_AUTHORIZATION","1661","2026-08-24 09:56:05","3","False","0.0","not_recovered"
"1700","MERCH047","CUST0885","UPI","SBI","CUSTOMER_ACTION_REQUIRED","CUSTOMER_AUTHENTICATION","3519","2026-08-03 06:57:19","3","True","0.28","recovered"
"1701","MERCH050","CUST0425","UPI","HDFC","CUSTOMER_ACTION_REQUIRED","CUSTOMER_AUTHENTICATION","8683","2026-08-02 15:17:10","0","False","0.4","not_recovered"
"1702","MERCH045","CUST0510","CARD","ICICI","CUSTOMER_ACTION_REQUIRED","CUSTOMER_AUTHENTICATION","9866","2026-08-07 19:27:42","3","False","0.25","not_recovered"
"1703","MERCH040","CUST0697","UPI","AXIS","PROCESSING_ERROR","PAYMENT_PROCESSING","5765","2026-08-08 12:02:07","2","True","0.48","not_recovered"
"1704","MERCH008","CUST0892","CARD","SBI","PROCESSING_ERROR","PAYMENT_PROCESSING","3800","2026-08-13 05:32:30","0","False","0.55","not_recovered"
"1705","MERCH038","CUST0143","CARD","HDFC","INSUFFICIENT_FUNDS","BANK_AUTHORIZATION","2683","2026-08-12 11:10:31","1","False","0.4","recovered"
"1706","MERCH029","CUST0282","CARD","ICICI","PROCESSING_ERROR","PAYMENT_PROCESSING","1611","2026-08-14 09:16:05","3","False","0.4","not_recovered"
"1707","MERCH019","CUST0134","CARD","SBI","CUSTOMER_ACTION_REQUIRED","CUSTOMER_AUTHENTICATION","448","2026-08-18 09:12:23","0","False","0.4","not_recovered"
"1708","MERCH048","CUST0048","UPI","SBI","BANK_TIMEOUT","BANK_RESPONSE","7088","2026-08-02 20:56:06","3","False","0.35","not_recovered"
"1709","MERCH004","CUST0533","UPI","ICICI","PROCESSING_ERROR","PAYMENT_PROCESSING","1548","2026-08-03 07:46:16","0","False","0.55","recovered"
"1710","MERCH048","CUST0218","UPI","HDFC","BANK_TIMEOUT","BANK_RESPONSE","4261","2026-08-18 12:45:00","0","False","0.5","not_recovered"
"1711","MERCH012","CUST0447","UPI","AXIS","BANK_TIMEOUT","BANK_RESPONSE","8050","2026-08-22 14:32:51","1","False","0.45","recovered"
"1712","MERCH014","CUST0538","CARD","ICICI","BANK_TIMEOUT","BANK_RESPONSE","760","2026-08-07 14:57:00","0","False","0.5","recovered"
"1713","MERCH034","CUST0459","UPI","ICICI","INSUFFICIENT_FUNDS","BANK_AUTHORIZATION","7913","2026-08-28 17:07:56","1","False","0.4","not_recovered"
"1714","MERCH014","CUST0240","CARD","SBI","INSUFFICIENT_FUNDS","BANK_AUTHORIZATION","6171","2026-08-23 22:04:30","1","True","0.43","not_recovered"
"1715","MERCH033","CUST0378","UPI","ICICI","INSUFFICIENT_FUNDS","BANK_AUTHORIZATION","3078","2026-08-02 18:22:37","1","False","0.4","recovered"
"1716","MERCH011","CUST0413","CARD","AXIS","CUSTOMER_ACTION_REQUIRED","CUSTOMER_AUTHENTICATION","4956","2026-08-28 19:56:25","1","False","0.35","not_recovered"
"1717","MERCH044","CUST0695","CARD","SBI","CUSTOMER_ACTION_REQUIRED","CUSTOMER_AUTHENTICATION","4942","2026-08-09 01:08:53","0","False","0.4","recovered"
"1718","MERCH037","CUST0255","UPI","ICICI","PROCESSING_ERROR","PAYMENT_PROCESSING","4923","2026-08-03 00:47:06","1","False","0.5","not_recovered"
"1719","MERCH013","CUST0977","UPI","HDFC","INSUFFICIENT_FUNDS","BANK_AUTHORIZATION","3754","2026-08-16 07:02:15","1","False","0.4","not_recovered"
"1720","MERCH037","CUST0574","UPI","AXIS","BANK_TIMEOUT","BANK_RESPONSE","476","2026-08-29 02:00:38","0","False","0.5","recovered"
"1721","MERCH049","CUST0428","UPI","AXIS","INSUFFICIENT_FUNDS","BANK_AUTHORIZATION","3637","2026-08-17 00:35:44","1","False","0.4","recovered"
"1722","MERCH039","CUST0226","CARD","ICICI","BANK_TIMEOUT","BANK_RESPONSE","8623","2026-08-08 17:23:27","1","False","0.45","recovered"
"1723","MERCH019","CUST0848","UPI","ICICI","CARD_BLOCKED","CARD_AUTHORIZATION","2030","2026-08-08 21:58:24","2","False","0.0","not_recovered"
"1724","MERCH002","CUST0563","UPI","AXIS","PROCESSING_ERROR","PAYMENT_PROCESSING","5977","2026-08-28 10:23:20","1","False","0.5","recovered"
"1725","MERCH036","CUST0392","CARD","ICICI","PROCESSING_ERROR","PAYMENT_PROCESSING","1292","2026-08-12 12:23:40","0","False","0.55","recovered"
"1726","MERCH044","CUST0851","UPI","HDFC","CUSTOMER_ACTION_REQUIRED","CUSTOMER_AUTHENTICATION","5239","2026-08-29 17:51:14","0","False","0.4","recovered"
"1727","MERCH013","CUST0796","CARD","AXIS","PROCESSING_ERROR","PAYMENT_PROCESSING","4042","2026-08-30 12:37:00","1","False","0.5","unknown"
"1728","MERCH033","CUST0279","UPI","SBI","CUSTOMER_ACTION_REQUIRED","CUSTOMER_AUTHENTICATION","2790","2026-08-25 05:23:47","1","True","0.38","not_recovered"
"1729","MERCH033","CUST0445","CARD","AXIS","INSUFFICIENT_FUNDS","BANK_AUTHORIZATION","1003","2026-08-07 16:03:47","2","False","0.35","not_recovered"
"1730","MERCH005","CUST0084","UPI","ICICI","CUSTOMER_ACTION_REQUIRED","CUSTOMER_AUTHENTICATION","517","2026-08-04 07:49:34","3","False","0.25","recovered"
"1731","MERCH042","CUST0286","UPI","ICICI","BANK_TIMEOUT","BANK_RESPONSE","1298","2026-08-17 14:26:59","0","False","0.5","recovered"
"1732","MERCH041","CUST0535","UPI","AXIS","BANK_TIMEOUT","BANK_RESPONSE","2453","2026-08-04 10:36:10","1","False","0.45","recovered"
"1733","MERCH002","CUST0918","CARD","AXIS","PROCESSING_ERROR","PAYMENT_PROCESSING","4712","2026-08-20 23:14:33","0","False","0.55","recovered"
"1734","MERCH009","CUST0744","CARD","AXIS","BANK_TIMEOUT","BANK_RESPONSE","9869","2026-08-08 15:50:29","0","False","0.5","recovered"
"1735","MERCH032","CUST0743","CARD","AXIS","CARD_BLOCKED","CARD_AUTHORIZATION","2737","2026-08-29 10:45:49","1","False","0.0","not_recovered"
"1736","MERCH017","CUST0024","CARD","ICICI","INSUFFICIENT_FUNDS","BANK_AUTHORIZATION","3299","2026-08-11 15:11:54","0","False","0.45","not_recovered"
"1737","MERCH021","CUST0367","UPI","HDFC","INSUFFICIENT_FUNDS","BANK_AUTHORIZATION","6675","2026-08-07 06:39:36","0","False","0.45","not_recovered"
"1738","MERCH014","CUST0870","UPI","SBI","INSUFFICIENT_FUNDS","BANK_AUTHORIZATION","2776","2026-08-02 00:32:28","0","False","0.45","recovered"
"1739","MERCH033","CUST0686","CARD","HDFC","PROCESSING_ERROR","PAYMENT_PROCESSING","9047","2026-08-29 20:06:03","3","False","0.4","recovered"
"1740","MERCH029","CUST0077","CARD","ICICI","INSUFFICIENT_FUNDS","BANK_AUTHORIZATION","905","2026-08-10 04:32:32","2","False","0.35","recovered"
"1741","MERCH026","CUST0302","UPI","SBI","PROCESSING_ERROR","PAYMENT_PROCESSING","4765","2026-08-04 13:37:59","0","False","0.55","recovered"
"1742","MERCH007","CUST0408","CARD","SBI","CARD_BLOCKED","CARD_AUTHORIZATION","7689","2026-08-26 06:08:38","1","True","0.03","not_recovered"
"1743","MERCH001","CUST0854","UPI","SBI","CUSTOMER_ACTION_REQUIRED","CUSTOMER_AUTHENTICATION","9750","2026-08-28 00:46:10","2","True","0.33","recovered"
"1744","MERCH034","CUST0953","CARD","HDFC","PROCESSING_ERROR","PAYMENT_PROCESSING","5672","2026-08-25 20:24:46","1","False","0.5","recovered"
"1745","MERCH049","CUST0437","UPI","HDFC","CUSTOMER_ACTION_REQUIRED","CUSTOMER_AUTHENTICATION","8542","2026-08-10 14:28:20","0","False","0.4","not_recovered"
"1746","MERCH022","CUST0235","CARD","SBI","PROCESSING_ERROR","PAYMENT_PROCESSING","9743","2026-08-28 10:30:11","1","False","0.5","not_recovered"
"1747","MERCH008","CUST0465","CARD","SBI","PROCESSING_ERROR","PAYMENT_PROCESSING","8234","2026-08-13 10:54:05","2","False","0.45","not_recovered"
"1748","MERCH001","CUST0374","UPI","AXIS","PROCESSING_ERROR","PAYMENT_PROCESSING","1482","2026-08-10 07:09:35","0","False","0.55","recovered"
"1749","MERCH011","CUST0089","CARD","ICICI","INSUFFICIENT_FUNDS","BANK_AUTHORIZATION","5589","2026-08-28 04:04:02","3","False","0.3","not_recovered"
"1750","MERCH026","CUST0584","UPI","SBI","PROCESSING_ERROR","PAYMENT_PROCESSING","2954","2026-08-05 12:45:49","3","True","0.43","not_recovered"
"1751","MERCH030","CUST0774","UPI","ICICI","INSUFFICIENT_FUNDS","BANK_AUTHORIZATION","8977","2026-08-16 00:28:52","1","False","0.4","not_recovered"
"1752","MERCH009","CUST0914","UPI","ICICI","BANK_TIMEOUT","BANK_RESPONSE","3865","2026-08-28 07:48:16","0","False","0.5","not_recovered"
"1753","MERCH017","CUST0520","CARD","HDFC","INSUFFICIENT_FUNDS","BANK_AUTHORIZATION","5633","2026-08-31 14:23:12","0","False","0.45","unknown"
"1754","MERCH042","CUST0087","CARD","ICICI","PROCESSING_ERROR","PAYMENT_PROCESSING","9040","2026-08-26 15:19:15","0","False","0.55","not_recovered"
"1755","MERCH045","CUST0671","CARD","SBI","PROCESSING_ERROR","PAYMENT_PROCESSING","3033","2026-08-13 10:07:19","2","False","0.45","recovered"
"1756","MERCH013","CUST0553","UPI","SBI","CARD_BLOCKED","CARD_AUTHORIZATION","7505","2026-08-15 08:16:54","0","True","0.08","not_recovered"
"1757","MERCH047","CUST0643","CARD","AXIS","BANK_TIMEOUT","BANK_RESPONSE","8168","2026-08-20 15:56:42","0","False","0.5","not_recovered"
"1758","MERCH028","CUST0518","CARD","HDFC","CUSTOMER_ACTION_REQUIRED","CUSTOMER_AUTHENTICATION","2221","2026-08-17 12:57:44","0","True","0.43","not_recovered"
"1759","MERCH003","CUST0810","CARD","SBI","PROCESSING_ERROR","PAYMENT_PROCESSING","3151","2026-08-13 12:41:10","0","False","0.55","not_recovered"
"1760","MERCH043","CUST0917","CARD","AXIS","PROCESSING_ERROR","PAYMENT_PROCESSING","5537","2026-08-24 04:01:07","1","True","0.53","recovered"
"1761","MERCH018","CUST0922","UPI","ICICI","CUSTOMER_ACTION_REQUIRED","CUSTOMER_AUTHENTICATION","4496","2026-08-14 04:40:33","0","False","0.4","not_recovered"
"1762","MERCH026","CUST0201","UPI","ICICI","CUSTOMER_ACTION_REQUIRED","CUSTOMER_AUTHENTICATION","4919","2026-08-11 00:20:35","1","False","0.35","recovered"
"1763","MERCH035","CUST0758","CARD","AXIS","CUSTOMER_ACTION_REQUIRED","CUSTOMER_AUTHENTICATION","3740","2026-08-11 10:41:16","0","False","0.4","not_recovered"
"1764","MERCH007","CUST0349","CARD","HDFC","INSUFFICIENT_FUNDS","BANK_AUTHORIZATION","5471","2026-08-11 01:24:24","0","False","0.45","not_recovered"
"1765","MERCH031","CUST0183","CARD","AXIS","INSUFFICIENT_FUNDS","BANK_AUTHORIZATION","9528","2026-08-10 08:13:41","0","False","0.45","not_recovered"
"1766","MERCH015","CUST0352","CARD","SBI","INSUFFICIENT_FUNDS","BANK_AUTHORIZATION","8365","2026-08-07 03:44:39","1","False","0.4","recovered"
"1767","MERCH042","CUST0502","CARD","AXIS","CARD_BLOCKED","CARD_AUTHORIZATION","9253","2026-08-17 17:55:33","0","False","0.05","not_recovered"
"1768","MERCH044","CUST0295","CARD","HDFC","INSUFFICIENT_FUNDS","BANK_AUTHORIZATION","5123","2026-08-07 19:47:03","2","False","0.35","not_recovered"
"1769","MERCH005","CUST0949","UPI","AXIS","PROCESSING_ERROR","PAYMENT_PROCESSING","2800","2026-08-04 06:37:50","0","False","0.55","recovered"
"1770","MERCH016","CUST0276","UPI","SBI","CUSTOMER_ACTION_REQUIRED","CUSTOMER_AUTHENTICATION","3543","2026-08-21 03:39:41","0","False","0.4","not_recovered"
"1771","MERCH021","CUST0848","CARD","HDFC","INSUFFICIENT_FUNDS","BANK_AUTHORIZATION","2942","2026-08-19 18:32:57","1","False","0.4","not_recovered"
"1772","MERCH047","CUST0867","UPI","HDFC","BANK_TIMEOUT","BANK_RESPONSE","7429","2026-08-17 09:42:17","0","False","0.5","recovered"
"1773","MERCH010","CUST0714","UPI","ICICI","CARD_BLOCKED","CARD_AUTHORIZATION","1527","2026-08-03 17:00:06","1","True","0.03","not_recovered"
"1774","MERCH034","CUST0971","UPI","AXIS","PROCESSING_ERROR","PAYMENT_PROCESSING","2256","2026-08-25 04:55:35","0","False","0.55","recovered"
"1775","MERCH033","CUST0540","CARD","AXIS","INSUFFICIENT_FUNDS","BANK_AUTHORIZATION","2342","2026-08-18 01:31:06","1","False","0.4","not_recovered"
"1776","MERCH027","CUST0060","CARD","AXIS","BANK_TIMEOUT","BANK_RESPONSE","7469","2026-08-28 03:52:52","0","False","0.5","recovered"
"1777","MERCH032","CUST0724","CARD","ICICI","CARD_BLOCKED","CARD_AUTHORIZATION","4681","2026-08-28 06:43:04","1","False","0.0","not_recovered"
"1778","MERCH024","CUST0816","CARD","ICICI","INSUFFICIENT_FUNDS","BANK_AUTHORIZATION","2211","2026-08-16 18:49:00","3","False","0.3","not_recovered"
"1779","MERCH045","CUST0439","CARD","SBI","INSUFFICIENT_FUNDS","BANK_AUTHORIZATION","202","2026-08-03 21:54:24","0","False","0.45","recovered"
"1780","MERCH015","CUST0601","UPI","SBI","CARD_BLOCKED","CARD_AUTHORIZATION","2248","2026-08-07 14:50:21","1","False","0.0","not_recovered"
"1781","MERCH001","CUST0332","CARD","AXIS","INSUFFICIENT_FUNDS","BANK_AUTHORIZATION","3443","2026-08-22 15:57:23","1","True","0.43","recovered"
"1782","MERCH020","CUST0292","CARD","AXIS","PROCESSING_ERROR","PAYMENT_PROCESSING","8138","2026-08-08 23:51:23","0","False","0.55","not_recovered"
"1783","MERCH015","CUST0434","CARD","AXIS","BANK_TIMEOUT","BANK_RESPONSE","4895","2026-08-22 01:30:19","0","True","0.53","recovered"
"1784","MERCH033","CUST0757","UPI","ICICI","INSUFFICIENT_FUNDS","BANK_AUTHORIZATION","1240","2026-08-27 12:38:01","0","False","0.45","not_recovered"
"1785","MERCH007","CUST0755","UPI","HDFC","CUSTOMER_ACTION_REQUIRED","CUSTOMER_AUTHENTICATION","2169","2026-08-11 17:13:40","1","False","0.35","not_recovered"
"1786","MERCH041","CUST0313","UPI","SBI","PROCESSING_ERROR","PAYMENT_PROCESSING","232","2026-08-06 08:41:02","0","False","0.55","recovered"
"1787","MERCH014","CUST0735","CARD","ICICI","INSUFFICIENT_FUNDS","BANK_AUTHORIZATION","2804","2026-08-24 21:31:28","0","False","0.45","not_recovered"
"1788","MERCH012","CUST0806","UPI","ICICI","PROCESSING_ERROR","PAYMENT_PROCESSING","5356","2026-08-14 15:19:07","1","False","0.5","not_recovered"
"1789","MERCH031","CUST0139","CARD","HDFC","CUSTOMER_ACTION_REQUIRED","CUSTOMER_AUTHENTICATION","635","2026-08-17 19:09:30","0","True","0.43","not_recovered"
"1790","MERCH043","CUST0760","CARD","AXIS","CUSTOMER_ACTION_REQUIRED","CUSTOMER_AUTHENTICATION","9173","2026-08-13 16:53:20","1","False","0.35","not_recovered"
"1791","MERCH012","CUST0736","CARD","SBI","BANK_TIMEOUT","BANK_RESPONSE","2976","2026-08-05 01:46:31","0","False","0.5","recovered"
"1792","MERCH046","CUST0746","UPI","HDFC","CARD_BLOCKED","CARD_AUTHORIZATION","579","2026-08-17 19:36:39","0","True","0.08","not_recovered"
"1793","MERCH040","CUST0220","CARD","HDFC","CARD_BLOCKED","CARD_AUTHORIZATION","7097","2026-08-17 20:55:47","1","False","0.0","not_recovered"
"1794","MERCH016","CUST0567","UPI","HDFC","CUSTOMER_ACTION_REQUIRED","CUSTOMER_AUTHENTICATION","5426","2026-08-19 15:43:56","1","False","0.35","not_recovered"
"1795","MERCH035","CUST0209","CARD","ICICI","INSUFFICIENT_FUNDS","BANK_AUTHORIZATION","2101","2026-08-25 17:50:47","1","False","0.4","not_recovered"
"1796","MERCH032","CUST0225","UPI","AXIS","INSUFFICIENT_FUNDS","BANK_AUTHORIZATION","420","2026-08-29 17:18:50","0","False","0.45","not_recovered"
"1797","MERCH050","CUST0511","UPI","HDFC","CUSTOMER_ACTION_REQUIRED","CUSTOMER_AUTHENTICATION","9989","2026-08-30 06:23:19","0","True","0.43","unknown"
"1798","MERCH012","CUST0451","UPI","HDFC","INSUFFICIENT_FUNDS","BANK_AUTHORIZATION","4138","2026-08-30 22:16:08","0","False","0.45","unknown"
"1799","MERCH032","CUST0737","UPI","HDFC","PROCESSING_ERROR","PAYMENT_PROCESSING","5455","2026-08-08 17:06:08","1","False","0.5","not_recovered"
"1800","MERCH016","CUST0134","UPI","SBI","CUSTOMER_ACTION_REQUIRED","CUSTOMER_AUTHENTICATION","1714","2026-08-08 12:57:21","1","False","0.35","not_recovered"
"1801","MERCH004","CUST0562","UPI","HDFC","INSUFFICIENT_FUNDS","BANK_AUTHORIZATION","828","2026-08-14 21:06:37","1","False","0.4","not_recovered"
"1802","MERCH044","CUST0907","CARD","AXIS","INSUFFICIENT_FUNDS","BANK_AUTHORIZATION","3550","2026-08-20 01:38:10","1","False","0.4","recovered"
"1803","MERCH035","CUST0404","UPI","SBI","INSUFFICIENT_FUNDS","BANK_AUTHORIZATION","4656","2026-08-16 15:58:34","0","False","0.45","recovered"
"1804","MERCH037","CUST0876","CARD","SBI","PROCESSING_ERROR","PAYMENT_PROCESSING","5783","2026-08-09 21:54:51","3","False","0.4","not_recovered"
"1805","MERCH006","CUST0024","UPI","HDFC","BANK_TIMEOUT","BANK_RESPONSE","9715","2026-08-18 21:44:16","1","True","0.48","recovered"
"1806","MERCH018","CUST0670","UPI","SBI","BANK_TIMEOUT","BANK_RESPONSE","3316","2026-08-02 05:43:24","1","False","0.45","recovered"
"1807","MERCH044","CUST0608","CARD","SBI","BANK_TIMEOUT","BANK_RESPONSE","1986","2026-08-09 01:09:06","0","False","0.5","not_recovered"
"1808","MERCH008","CUST0213","UPI","SBI","CUSTOMER_ACTION_REQUIRED","CUSTOMER_AUTHENTICATION","7642","2026-08-21 21:48:52","0","False","0.4","recovered"
"1809","MERCH039","CUST0790","UPI","SBI","INSUFFICIENT_FUNDS","BANK_AUTHORIZATION","6697","2026-08-07 01:45:27","0","True","0.48","recovered"
"1810","MERCH047","CUST0033","CARD","HDFC","BANK_TIMEOUT","BANK_RESPONSE","8769","2026-08-23 05:53:02","3","True","0.38","not_recovered"
"1811","MERCH047","CUST0220","UPI","ICICI","PROCESSING_ERROR","PAYMENT_PROCESSING","7168","2026-08-20 11:03:45","0","False","0.55","not_recovered"
"1812","MERCH030","CUST0667","CARD","SBI","INSUFFICIENT_FUNDS","BANK_AUTHORIZATION","4721","2026-08-10 13:12:52","0","False","0.45","not_recovered"
"1813","MERCH044","CUST0405","UPI","ICICI","CUSTOMER_ACTION_REQUIRED","CUSTOMER_AUTHENTICATION","9544","2026-08-17 20:33:44","3","True","0.28","not_recovered"
"1814","MERCH009","CUST0018","UPI","ICICI","CARD_BLOCKED","CARD_AUTHORIZATION","5833","2026-08-20 11:18:34","2","True","0.0","not_recovered"
"1815","MERCH042","CUST0002","UPI","ICICI","INSUFFICIENT_FUNDS","BANK_AUTHORIZATION","9659","2026-08-26 02:31:55","2","False","0.35","recovered"
"1816","MERCH030","CUST0122","UPI","ICICI","INSUFFICIENT_FUNDS","BANK_AUTHORIZATION","5982","2026-08-28 16:26:27","0","False","0.45","recovered"
"1817","MERCH009","CUST0218","UPI","ICICI","CARD_BLOCKED","CARD_AUTHORIZATION","2658","2026-08-03 05:52:45","0","False","0.05","not_recovered"
"1818","MERCH008","CUST0371","UPI","AXIS","INSUFFICIENT_FUNDS","BANK_AUTHORIZATION","8207","2026-08-15 11:48:46","0","False","0.45","recovered"
"1819","MERCH047","CUST0739","UPI","AXIS","PROCESSING_ERROR","PAYMENT_PROCESSING","9779","2026-08-03 02:04:30","0","True","0.58","not_recovered"
"1820","MERCH034","CUST0666","UPI","ICICI","INSUFFICIENT_FUNDS","BANK_AUTHORIZATION","2698","2026-08-02 08:49:42","0","False","0.45","recovered"
"1821","MERCH016","CUST0061","UPI","SBI","BANK_TIMEOUT","BANK_RESPONSE","6744","2026-08-26 02:19:58","1","False","0.45","not_recovered"
"1822","MERCH028","CUST0915","CARD","SBI","PROCESSING_ERROR","PAYMENT_PROCESSING","9768","2026-08-18 21:29:12","0","False","0.55","recovered"
"1823","MERCH016","CUST0258","CARD","SBI","INSUFFICIENT_FUNDS","BANK_AUTHORIZATION","4214","2026-08-24 09:58:22","0","True","0.48","not_recovered"
"1824","MERCH050","CUST0122","UPI","SBI","INSUFFICIENT_FUNDS","BANK_AUTHORIZATION","6859","2026-08-28 21:16:27","0","False","0.45","recovered"
"1825","MERCH006","CUST0501","UPI","AXIS","PROCESSING_ERROR","PAYMENT_PROCESSING","9019","2026-08-02 15:17:47","0","False","0.55","not_recovered"
"1826","MERCH029","CUST0110","UPI","SBI","CUSTOMER_ACTION_REQUIRED","CUSTOMER_AUTHENTICATION","1872","2026-08-18 15:17:47","1","False","0.35","recovered"
"1827","MERCH003","CUST0419","CARD","SBI","INSUFFICIENT_FUNDS","BANK_AUTHORIZATION","7668","2026-08-13 03:01:28","0","False","0.45","not_recovered"
"1828","MERCH019","CUST0370","CARD","AXIS","INSUFFICIENT_FUNDS","BANK_AUTHORIZATION","6663","2026-08-10 11:52:01","0","True","0.48","recovered"
"1829","MERCH028","CUST0187","CARD","ICICI","PROCESSING_ERROR","PAYMENT_PROCESSING","7136","2026-08-30 22:34:37","0","True","0.58","unknown"
"1830","MERCH008","CUST0575","UPI","ICICI","INSUFFICIENT_FUNDS","BANK_AUTHORIZATION","3382","2026-08-31 11:09:46","0","False","0.45","unknown"
"1831","MERCH029","CUST0945","CARD","AXIS","CUSTOMER_ACTION_REQUIRED","CUSTOMER_AUTHENTICATION","7256","2026-08-09 05:29:48","0","False","0.4","not_recovered"
"1832","MERCH009","CUST0717","CARD","SBI","INSUFFICIENT_FUNDS","BANK_AUTHORIZATION","4458","2026-08-21 13:30:38","0","True","0.48","not_recovered"
"1833","MERCH041","CUST0604","UPI","SBI","BANK_TIMEOUT","BANK_RESPONSE","928","2026-08-23 16:42:46","1","False","0.45","recovered"
"1834","MERCH017","CUST0039","UPI","ICICI","PROCESSING_ERROR","PAYMENT_PROCESSING","9010","2026-08-28 19:10:01","0","False","0.55","not_recovered"
"1835","MERCH046","CUST0647","CARD","SBI","INSUFFICIENT_FUNDS","BANK_AUTHORIZATION","1177","2026-08-17 08:56:33","1","True","0.43","not_recovered"
"1836","MERCH033","CUST0039","CARD","AXIS","CARD_BLOCKED","CARD_AUTHORIZATION","6571","2026-08-31 10:10:05","0","False","0.05","unknown"
"1837","MERCH015","CUST0664","UPI","HDFC","PROCESSING_ERROR","PAYMENT_PROCESSING","7292","2026-08-07 20:08:02","2","False","0.45","not_recovered"
"1838","MERCH019","CUST0105","CARD","AXIS","CARD_BLOCKED","CARD_AUTHORIZATION","2532","2026-08-12 11:59:19","0","False","0.05","not_recovered"
"1839","MERCH037","CUST0273","UPI","HDFC","CUSTOMER_ACTION_REQUIRED","CUSTOMER_AUTHENTICATION","5380","2026-08-23 05:01:05","0","False","0.4","not_recovered"
"1840","MERCH043","CUST0606","CARD","SBI","CARD_BLOCKED","CARD_AUTHORIZATION","7408","2026-08-02 17:04:50","0","False","0.05","not_recovered"
"1841","MERCH028","CUST0869","UPI","SBI","INSUFFICIENT_FUNDS","BANK_AUTHORIZATION","935","2026-08-27 00:41:02","0","False","0.45","not_recovered"
"1842","MERCH007","CUST0092","CARD","SBI","CUSTOMER_ACTION_REQUIRED","CUSTOMER_AUTHENTICATION","549","2026-08-14 14:19:46","0","False","0.4","not_recovered"
"1843","MERCH006","CUST0241","CARD","AXIS","CUSTOMER_ACTION_REQUIRED","CUSTOMER_AUTHENTICATION","1934","2026-08-06 01:17:07","3","False","0.25","not_recovered"
"1844","MERCH035","CUST0516","CARD","SBI","CUSTOMER_ACTION_REQUIRED","CUSTOMER_AUTHENTICATION","1256","2026-08-28 12:51:22","2","False","0.3","not_recovered"
"1845","MERCH009","CUST0165","UPI","AXIS","CARD_BLOCKED","CARD_AUTHORIZATION","5933","2026-08-27 08:06:41","0","False","0.05","not_recovered"
"1846","MERCH029","CUST0996","CARD","AXIS","CARD_BLOCKED","CARD_AUTHORIZATION","8932","2026-08-10 09:03:52","0","True","0.08","not_recovered"
"1847","MERCH027","CUST0486","CARD","AXIS","BANK_TIMEOUT","BANK_RESPONSE","3046","2026-08-11 04:06:04","0","True","0.53","not_recovered"
"1848","MERCH006","CUST0783","UPI","HDFC","PROCESSING_ERROR","PAYMENT_PROCESSING","8286","2026-08-30 15:54:02","0","True","0.58","unknown"
"1849","MERCH043","CUST0434","UPI","AXIS","BANK_TIMEOUT","BANK_RESPONSE","6524","2026-08-30 02:06:47","3","False","0.35","unknown"
"1850","MERCH031","CUST0681","UPI","ICICI","INSUFFICIENT_FUNDS","BANK_AUTHORIZATION","5910","2026-08-13 03:11:50","1","False","0.4","not_recovered"
"1851","MERCH038","CUST0434","UPI","ICICI","PROCESSING_ERROR","PAYMENT_PROCESSING","8199","2026-08-28 18:56:58","1","True","0.53","recovered"
"1852","MERCH045","CUST0567","UPI","ICICI","BANK_TIMEOUT","BANK_RESPONSE","5900","2026-08-07 04:40:27","1","False","0.45","not_recovered"
"1853","MERCH043","CUST0687","CARD","HDFC","INSUFFICIENT_FUNDS","BANK_AUTHORIZATION","840","2026-08-31 08:34:51","2","False","0.35","unknown"
"1854","MERCH019","CUST0856","CARD","AXIS","PROCESSING_ERROR","PAYMENT_PROCESSING","4438","2026-08-31 16:48:11","0","False","0.55","unknown"
"1855","MERCH033","CUST0320","UPI","SBI","PROCESSING_ERROR","PAYMENT_PROCESSING","2605","2026-08-29 05:25:04","0","False","0.55","recovered"
"1856","MERCH023","CUST0594","UPI","AXIS","INSUFFICIENT_FUNDS","BANK_AUTHORIZATION","9057","2026-08-08 01:42:10","0","False","0.45","not_recovered"
"1857","MERCH050","CUST0228","CARD","AXIS","PROCESSING_ERROR","PAYMENT_PROCESSING","8321","2026-08-13 01:35:00","1","False","0.5","recovered"
"1858","MERCH017","CUST0405","CARD","HDFC","CARD_BLOCKED","CARD_AUTHORIZATION","8737","2026-08-23 14:39:56","1","True","0.03","recovered"
"1859","MERCH005","CUST0092","CARD","SBI","INSUFFICIENT_FUNDS","BANK_AUTHORIZATION","1950","2026-08-30 11:19:10","2","False","0.35","unknown"
"1860","MERCH016","CUST0367","UPI","HDFC","BANK_TIMEOUT","BANK_RESPONSE","1868","2026-08-13 07:03:20","0","False","0.5","not_recovered"
"1861","MERCH022","CUST0192","UPI","SBI","CUSTOMER_ACTION_REQUIRED","CUSTOMER_AUTHENTICATION","5362","2026-08-29 00:07:45","0","False","0.4","not_recovered"
"1862","MERCH045","CUST0023","UPI","ICICI","CUSTOMER_ACTION_REQUIRED","CUSTOMER_AUTHENTICATION","4661","2026-08-16 15:57:29","0","False","0.4","not_recovered"
"1863","MERCH028","CUST0326","UPI","HDFC","BANK_TIMEOUT","BANK_RESPONSE","4582","2026-08-03 08:55:09","1","False","0.45","not_recovered"
"1864","MERCH031","CUST0774","CARD","SBI","BANK_TIMEOUT","BANK_RESPONSE","2177","2026-08-14 13:23:52","1","False","0.45","not_recovered"
"1865","MERCH003","CUST0560","UPI","AXIS","PROCESSING_ERROR","PAYMENT_PROCESSING","9130","2026-08-09 01:28:24","0","True","0.58","recovered"
"1866","MERCH034","CUST0869","UPI","HDFC","CUSTOMER_ACTION_REQUIRED","CUSTOMER_AUTHENTICATION","3126","2026-08-21 03:38:55","1","False","0.35","not_recovered"
"1867","MERCH040","CUST0680","UPI","AXIS","BANK_TIMEOUT","BANK_RESPONSE","9103","2026-08-23 09:02:27","0","False","0.5","not_recovered"
"1868","MERCH045","CUST0914","UPI","ICICI","INSUFFICIENT_FUNDS","BANK_AUTHORIZATION","4379","2026-08-17 05:19:07","2","True","0.38","recovered"
"1869","MERCH009","CUST0740","UPI","SBI","CUSTOMER_ACTION_REQUIRED","CUSTOMER_AUTHENTICATION","7927","2026-08-19 12:57:49","0","False","0.4","not_recovered"
"1870","MERCH003","CUST0360","UPI","SBI","PROCESSING_ERROR","PAYMENT_PROCESSING","7021","2026-08-05 00:04:49","0","False","0.55","not_recovered"
"1871","MERCH036","CUST0827","CARD","HDFC","PROCESSING_ERROR","PAYMENT_PROCESSING","4172","2026-08-21 22:36:16","3","False","0.4","recovered"
"1872","MERCH038","CUST0267","CARD","ICICI","PROCESSING_ERROR","PAYMENT_PROCESSING","6309","2026-08-25 13:39:28","0","True","0.58","not_recovered"
"1873","MERCH037","CUST0309","UPI","ICICI","PROCESSING_ERROR","PAYMENT_PROCESSING","9608","2026-08-14 03:31:29","0","False","0.55","recovered"
"1874","MERCH025","CUST0699","CARD","AXIS","PROCESSING_ERROR","PAYMENT_PROCESSING","6824","2026-08-04 10:15:25","0","False","0.55","recovered"
"1875","MERCH020","CUST0323","CARD","ICICI","PROCESSING_ERROR","PAYMENT_PROCESSING","7359","2026-08-18 12:01:54","0","True","0.58","recovered"
"1876","MERCH020","CUST0787","CARD","HDFC","INSUFFICIENT_FUNDS","BANK_AUTHORIZATION","8397","2026-08-31 13:04:58","0","True","0.48","unknown"
"1877","MERCH024","CUST0265","CARD","AXIS","BANK_TIMEOUT","BANK_RESPONSE","3119","2026-08-22 07:51:37","0","False","0.5","recovered"
"1878","MERCH041","CUST0343","CARD","HDFC","CARD_BLOCKED","CARD_AUTHORIZATION","250","2026-08-22 15:44:18","0","True","0.08","not_recovered"
"1879","MERCH019","CUST0186","CARD","AXIS","CARD_BLOCKED","CARD_AUTHORIZATION","7937","2026-08-25 00:11:23","0","True","0.08","not_recovered"
"1880","MERCH005","CUST0400","UPI","SBI","INSUFFICIENT_FUNDS","BANK_AUTHORIZATION","4702","2026-08-06 20:24:32","0","False","0.45","not_recovered"
"1881","MERCH017","CUST0547","CARD","SBI","INSUFFICIENT_FUNDS","BANK_AUTHORIZATION","8895","2026-08-02 17:29:33","0","False","0.45","not_recovered"
"1882","MERCH031","CUST0729","CARD","HDFC","INSUFFICIENT_FUNDS","BANK_AUTHORIZATION","1396","2026-08-10 09:25:49","1","False","0.4","recovered"
"1883","MERCH001","CUST0954","CARD","AXIS","INSUFFICIENT_FUNDS","BANK_AUTHORIZATION","6793","2026-08-14 18:33:34","2","False","0.35","not_recovered"
"1884","MERCH010","CUST0748","UPI","HDFC","INSUFFICIENT_FUNDS","BANK_AUTHORIZATION","8763","2026-08-14 04:42:08","0","False","0.45","not_recovered"
"1885","MERCH015","CUST0441","CARD","AXIS","CUSTOMER_ACTION_REQUIRED","CUSTOMER_AUTHENTICATION","8821","2026-08-04 08:01:59","0","False","0.4","not_recovered"
"1886","MERCH011","CUST0378","CARD","HDFC","INSUFFICIENT_FUNDS","BANK_AUTHORIZATION","2121","2026-08-29 01:31:31","1","False","0.4","recovered"
"1887","MERCH017","CUST0371","CARD","SBI","INSUFFICIENT_FUNDS","BANK_AUTHORIZATION","7132","2026-08-14 08:28:22","0","False","0.45","not_recovered"
"1888","MERCH022","CUST0758","UPI","HDFC","CUSTOMER_ACTION_REQUIRED","CUSTOMER_AUTHENTICATION","1356","2026-08-07 09:47:40","0","True","0.43","not_recovered"
"1889","MERCH029","CUST0293","CARD","SBI","PROCESSING_ERROR","PAYMENT_PROCESSING","6623","2026-08-12 00:20:00","0","False","0.55","not_recovered"
"1890","MERCH048","CUST0171","CARD","HDFC","INSUFFICIENT_FUNDS","BANK_AUTHORIZATION","9194","2026-08-28 03:51:33","0","True","0.48","recovered"
"1891","MERCH031","CUST0363","UPI","SBI","CUSTOMER_ACTION_REQUIRED","CUSTOMER_AUTHENTICATION","1202","2026-08-31 10:54:14","1","False","0.35","unknown"
"1892","MERCH003","CUST0262","CARD","HDFC","INSUFFICIENT_FUNDS","BANK_AUTHORIZATION","3860","2026-08-17 18:39:07","1","False","0.4","recovered"
"1893","MERCH040","CUST0916","UPI","ICICI","CUSTOMER_ACTION_REQUIRED","CUSTOMER_AUTHENTICATION","5106","2026-08-02 13:45:56","0","False","0.4","not_recovered"
"1894","MERCH041","CUST0759","UPI","SBI","BANK_TIMEOUT","BANK_RESPONSE","6593","2026-08-23 09:16:05","0","False","0.5","not_recovered"
"1895","MERCH028","CUST0354","UPI","ICICI","INSUFFICIENT_FUNDS","BANK_AUTHORIZATION","5989","2026-08-14 16:50:51","0","True","0.48","not_recovered"
"1896","MERCH035","CUST0901","CARD","SBI","PROCESSING_ERROR","PAYMENT_PROCESSING","3662","2026-08-23 20:40:47","1","False","0.5","recovered"
"1897","MERCH044","CUST0667","CARD","HDFC","BANK_TIMEOUT","BANK_RESPONSE","2120","2026-08-09 03:21:53","0","False","0.5","not_recovered"
"1898","MERCH017","CUST0896","CARD","AXIS","CARD_BLOCKED","CARD_AUTHORIZATION","8745","2026-08-26 23:25:37","1","False","0.0","not_recovered"
"1899","MERCH039","CUST0063","CARD","ICICI","PROCESSING_ERROR","PAYMENT_PROCESSING","2276","2026-08-25 06:28:23","0","False","0.55","not_recovered"
"1900","MERCH017","CUST0386","UPI","SBI","CUSTOMER_ACTION_REQUIRED","CUSTOMER_AUTHENTICATION","9901","2026-08-28 05:39:59","1","False","0.35","recovered"
"1901","MERCH018","CUST0136","UPI","HDFC","PROCESSING_ERROR","PAYMENT_PROCESSING","2766","2026-08-27 07:32:56","0","False","0.55","recovered"
"1902","MERCH008","CUST0662","CARD","SBI","PROCESSING_ERROR","PAYMENT_PROCESSING","2674","2026-08-29 12:06:53","0","True","0.58","not_recovered"
"1903","MERCH004","CUST0729","UPI","HDFC","INSUFFICIENT_FUNDS","BANK_AUTHORIZATION","833","2026-08-07 16:17:00","0","False","0.45","not_recovered"
"1904","MERCH002","CUST0065","CARD","AXIS","PROCESSING_ERROR","PAYMENT_PROCESSING","1977","2026-08-04 04:47:22","2","False","0.45","not_recovered"
"1905","MERCH043","CUST0889","CARD","AXIS","INSUFFICIENT_FUNDS","BANK_AUTHORIZATION","9074","2026-08-06 01:24:51","2","True","0.38","not_recovered"
"1906","MERCH006","CUST0296","UPI","HDFC","CUSTOMER_ACTION_REQUIRED","CUSTOMER_AUTHENTICATION","4840","2026-08-17 12:02:24","1","False","0.35","recovered"
"1907","MERCH033","CUST0774","UPI","AXIS","INSUFFICIENT_FUNDS","BANK_AUTHORIZATION","9116","2026-08-08 17:04:33","0","False","0.45","not_recovered"
"1908","MERCH038","CUST0324","UPI","SBI","INSUFFICIENT_FUNDS","BANK_AUTHORIZATION","376","2026-08-24 04:29:41","2","False","0.35","recovered"
"1909","MERCH024","CUST0837","CARD","ICICI","CARD_BLOCKED","CARD_AUTHORIZATION","9739","2026-08-20 09:47:15","0","True","0.08","recovered"
"1910","MERCH045","CUST0048","CARD","AXIS","CARD_BLOCKED","CARD_AUTHORIZATION","6488","2026-08-22 11:45:39","0","True","0.08","not_recovered"
"1911","MERCH026","CUST0939","CARD","ICICI","CUSTOMER_ACTION_REQUIRED","CUSTOMER_AUTHENTICATION","1579","2026-08-12 21:54:20","3","True","0.28","not_recovered"
"1912","MERCH021","CUST0103","CARD","ICICI","BANK_TIMEOUT","BANK_RESPONSE","7791","2026-08-04 00:53:03","0","True","0.53","not_recovered"
"1913","MERCH049","CUST0200","CARD","AXIS","PROCESSING_ERROR","PAYMENT_PROCESSING","4920","2026-08-28 21:24:41","0","False","0.55","not_recovered"
"1914","MERCH040","CUST0415","UPI","AXIS","BANK_TIMEOUT","BANK_RESPONSE","352","2026-08-27 15:06:41","0","False","0.5","not_recovered"
"1915","MERCH041","CUST0580","UPI","AXIS","PROCESSING_ERROR","PAYMENT_PROCESSING","8051","2026-08-31 19:47:14","0","True","0.58","unknown"
"1916","MERCH038","CUST0440","UPI","ICICI","PROCESSING_ERROR","PAYMENT_PROCESSING","1370","2026-08-29 15:20:25","0","False","0.55","not_recovered"
"1917","MERCH016","CUST0130","UPI","SBI","INSUFFICIENT_FUNDS","BANK_AUTHORIZATION","5973","2026-08-24 01:35:29","2","False","0.35","not_recovered"
"1918","MERCH012","CUST0390","UPI","ICICI","CARD_BLOCKED","CARD_AUTHORIZATION","9165","2026-08-02 06:48:33","1","False","0.0","not_recovered"
"1919","MERCH009","CUST0964","UPI","AXIS","PROCESSING_ERROR","PAYMENT_PROCESSING","8463","2026-08-17 06:14:58","3","True","0.43","not_recovered"
"1920","MERCH019","CUST0724","UPI","HDFC","PROCESSING_ERROR","PAYMENT_PROCESSING","6409","2026-08-31 05:31:27","0","True","0.58","unknown"
"1921","MERCH035","CUST0690","UPI","ICICI","INSUFFICIENT_FUNDS","BANK_AUTHORIZATION","9802","2026-08-21 13:18:39","3","False","0.3","recovered"
"1922","MERCH010","CUST0618","CARD","ICICI","PROCESSING_ERROR","PAYMENT_PROCESSING","1319","2026-08-23 19:26:53","0","False","0.55","not_recovered"
"1923","MERCH017","CUST0739","CARD","ICICI","CUSTOMER_ACTION_REQUIRED","CUSTOMER_AUTHENTICATION","1824","2026-08-28 20:56:05","0","False","0.4","not_recovered"
"1924","MERCH003","CUST0327","CARD","HDFC","INSUFFICIENT_FUNDS","BANK_AUTHORIZATION","9569","2026-08-08 20:54:04","0","False","0.45","not_recovered"
"1925","MERCH001","CUST0728","UPI","SBI","INSUFFICIENT_FUNDS","BANK_AUTHORIZATION","6642","2026-08-12 15:48:10","2","False","0.35","not_recovered"
"1926","MERCH004","CUST0471","UPI","HDFC","CUSTOMER_ACTION_REQUIRED","CUSTOMER_AUTHENTICATION","4662","2026-08-24 19:35:34","3","False","0.25","not_recovered"
"1927","MERCH040","CUST0336","CARD","SBI","INSUFFICIENT_FUNDS","BANK_AUTHORIZATION","8054","2026-08-27 06:02:33","1","False","0.4","not_recovered"
"1928","MERCH011","CUST0706","CARD","AXIS","INSUFFICIENT_FUNDS","BANK_AUTHORIZATION","2332","2026-08-22 08:58:07","0","False","0.45","not_recovered"
"1929","MERCH050","CUST0383","UPI","AXIS","INSUFFICIENT_FUNDS","BANK_AUTHORIZATION","5857","2026-08-29 07:18:40","1","False","0.4","recovered"
"1930","MERCH008","CUST0589","CARD","SBI","BANK_TIMEOUT","BANK_RESPONSE","7699","2026-08-07 07:14:08","3","False","0.35","recovered"
"1931","MERCH028","CUST0083","UPI","ICICI","INSUFFICIENT_FUNDS","BANK_AUTHORIZATION","7318","2026-08-04 14:01:45","2","True","0.38","recovered"
"1932","MERCH030","CUST0073","CARD","ICICI","BANK_TIMEOUT","BANK_RESPONSE","175","2026-08-25 11:44:44","0","False","0.5","not_recovered"
"1933","MERCH006","CUST0899","CARD","ICICI","BANK_TIMEOUT","BANK_RESPONSE","3819","2026-08-08 20:06:04","1","False","0.45","recovered"
"1934","MERCH036","CUST0587","UPI","AXIS","INSUFFICIENT_FUNDS","BANK_AUTHORIZATION","9851","2026-08-14 11:31:57","0","False","0.45","recovered"
"1935","MERCH047","CUST0091","UPI","AXIS","INSUFFICIENT_FUNDS","BANK_AUTHORIZATION","5193","2026-08-28 03:18:16","0","False","0.45","not_recovered"
"1936","MERCH005","CUST0037","CARD","ICICI","INSUFFICIENT_FUNDS","BANK_AUTHORIZATION","5863","2026-08-29 06:10:19","1","False","0.4","not_recovered"
"1937","MERCH005","CUST0480","CARD","HDFC","CARD_BLOCKED","CARD_AUTHORIZATION","5997","2026-08-23 06:07:57","0","False","0.05","not_recovered"
"1938","MERCH022","CUST0893","UPI","AXIS","PROCESSING_ERROR","PAYMENT_PROCESSING","6745","2026-08-15 06:04:40","3","False","0.4","not_recovered"
"1939","MERCH029","CUST0199","UPI","ICICI","CUSTOMER_ACTION_REQUIRED","CUSTOMER_AUTHENTICATION","8979","2026-08-26 10:28:48","0","False","0.4","recovered"
"1940","MERCH015","CUST0392","CARD","AXIS","CUSTOMER_ACTION_REQUIRED","CUSTOMER_AUTHENTICATION","8950","2026-08-04 07:15:47","0","True","0.43","not_recovered"
"1941","MERCH018","CUST0722","UPI","AXIS","PROCESSING_ERROR","PAYMENT_PROCESSING","5597","2026-08-19 02:37:17","0","False","0.55","recovered"
"1942","MERCH037","CUST0188","UPI","SBI","PROCESSING_ERROR","PAYMENT_PROCESSING","5560","2026-08-17 18:07:51","0","False","0.55","not_recovered"
"1943","MERCH047","CUST0029","UPI","HDFC","INSUFFICIENT_FUNDS","BANK_AUTHORIZATION","1465","2026-08-06 20:38:41","0","False","0.45","recovered"
"1944","MERCH039","CUST0704","UPI","HDFC","INSUFFICIENT_FUNDS","BANK_AUTHORIZATION","4932","2026-08-23 14:40:42","1","True","0.43","not_recovered"
"1945","MERCH011","CUST0650","UPI","AXIS","BANK_TIMEOUT","BANK_RESPONSE","6177","2026-08-13 08:24:21","0","False","0.5","recovered"
"1946","MERCH006","CUST0699","UPI","SBI","CUSTOMER_ACTION_REQUIRED","CUSTOMER_AUTHENTICATION","2315","2026-08-10 20:19:33","0","False","0.4","not_recovered"
"1947","MERCH037","CUST0366","UPI","SBI","INSUFFICIENT_FUNDS","BANK_AUTHORIZATION","6943","2026-08-04 11:09:21","0","True","0.48","recovered"
"1948","MERCH047","CUST0953","UPI","ICICI","CARD_BLOCKED","CARD_AUTHORIZATION","9737","2026-08-14 14:29:25","0","False","0.05","not_recovered"
"1949","MERCH029","CUST0290","UPI","AXIS","INSUFFICIENT_FUNDS","BANK_AUTHORIZATION","7357","2026-08-11 06:50:14","2","False","0.35","not_recovered"
"1950","MERCH023","CUST0726","CARD","SBI","CUSTOMER_ACTION_REQUIRED","CUSTOMER_AUTHENTICATION","1177","2026-08-04 08:05:32","0","False","0.4","not_recovered"
"1951","MERCH040","CUST0222","CARD","SBI","INSUFFICIENT_FUNDS","BANK_AUTHORIZATION","9585","2026-08-07 18:04:58","0","False","0.45","not_recovered"
"1952","MERCH014","CUST0439","UPI","ICICI","INSUFFICIENT_FUNDS","BANK_AUTHORIZATION","8992","2026-08-16 13:23:57","1","False","0.4","not_recovered"
"1953","MERCH042","CUST0345","UPI","ICICI","INSUFFICIENT_FUNDS","BANK_AUTHORIZATION","4091","2026-08-20 03:30:30","1","False","0.4","recovered"
"1954","MERCH025","CUST0073","UPI","SBI","PROCESSING_ERROR","PAYMENT_PROCESSING","8077","2026-08-29 15:23:33","3","True","0.43","recovered"
"1955","MERCH037","CUST0439","UPI","SBI","PROCESSING_ERROR","PAYMENT_PROCESSING","7296","2026-08-25 04:19:42","0","False","0.55","not_recovered"
"1956","MERCH031","CUST0513","CARD","HDFC","BANK_TIMEOUT","BANK_RESPONSE","3668","2026-08-11 09:50:46","1","False","0.45","not_recovered"
"1957","MERCH024","CUST0883","UPI","SBI","INSUFFICIENT_FUNDS","BANK_AUTHORIZATION","8140","2026-08-24 06:09:48","0","False","0.45","recovered"
"1958","MERCH021","CUST0009","UPI","HDFC","BANK_TIMEOUT","BANK_RESPONSE","281","2026-08-05 12:54:34","0","False","0.5","recovered"
"1959","MERCH009","CUST0921","CARD","HDFC","INSUFFICIENT_FUNDS","BANK_AUTHORIZATION","7626","2026-08-28 01:55:43","0","False","0.45","not_recovered"
"1960","MERCH043","CUST0970","UPI","HDFC","BANK_TIMEOUT","BANK_RESPONSE","5141","2026-08-18 01:40:40","2","True","0.43","not_recovered"
"1961","MERCH003","CUST0586","UPI","AXIS","CUSTOMER_ACTION_REQUIRED","CUSTOMER_AUTHENTICATION","860","2026-08-19 06:58:03","0","False","0.4","not_recovered"
"1962","MERCH036","CUST0936","CARD","ICICI","INSUFFICIENT_FUNDS","BANK_AUTHORIZATION","2581","2026-08-07 15:54:18","0","False","0.45","recovered"
"1963","MERCH009","CUST0632","UPI","ICICI","CUSTOMER_ACTION_REQUIRED","CUSTOMER_AUTHENTICATION","5580","2026-08-24 03:54:21","0","False","0.4","not_recovered"
"1964","MERCH035","CUST0462","CARD","HDFC","INSUFFICIENT_FUNDS","BANK_AUTHORIZATION","9822","2026-08-30 19:35:24","1","False","0.4","unknown"
"1965","MERCH026","CUST0048","UPI","HDFC","PROCESSING_ERROR","PAYMENT_PROCESSING","3035","2026-08-02 09:52:11","2","True","0.48","recovered"
"1966","MERCH034","CUST0192","UPI","ICICI","PROCESSING_ERROR","PAYMENT_PROCESSING","7691","2026-08-03 04:44:08","1","True","0.53","not_recovered"
"1967","MERCH008","CUST0094","CARD","HDFC","INSUFFICIENT_FUNDS","BANK_AUTHORIZATION","9123","2026-08-02 07:07:45","0","False","0.45","not_recovered"
"1968","MERCH007","CUST0663","UPI","SBI","PROCESSING_ERROR","PAYMENT_PROCESSING","8692","2026-08-08 01:02:41","0","False","0.55","not_recovered"
"1969","MERCH044","CUST0375","UPI","AXIS","INSUFFICIENT_FUNDS","BANK_AUTHORIZATION","1936","2026-08-26 10:11:32","0","False","0.45","recovered"
"1970","MERCH036","CUST0084","CARD","AXIS","BANK_TIMEOUT","BANK_RESPONSE","7807","2026-08-10 03:07:39","1","True","0.48","not_recovered"
"1971","MERCH003","CUST0726","UPI","ICICI","CUSTOMER_ACTION_REQUIRED","CUSTOMER_AUTHENTICATION","7943","2026-08-27 23:17:40","1","False","0.35","not_recovered"
"1972","MERCH005","CUST0561","CARD","HDFC","PROCESSING_ERROR","PAYMENT_PROCESSING","9633","2026-08-25 06:45:54","2","False","0.45","recovered"
"1973","MERCH020","CUST0888","UPI","SBI","CARD_BLOCKED","CARD_AUTHORIZATION","2362","2026-08-10 03:52:32","1","False","0.0","not_recovered"
"1974","MERCH012","CUST0565","UPI","ICICI","PROCESSING_ERROR","PAYMENT_PROCESSING","3846","2026-08-08 13:36:04","1","True","0.53","recovered"
"1975","MERCH018","CUST0286","CARD","ICICI","BANK_TIMEOUT","BANK_RESPONSE","2257","2026-08-27 11:33:12","1","True","0.48","not_recovered"
"1976","MERCH024","CUST0592","UPI","SBI","BANK_TIMEOUT","BANK_RESPONSE","313","2026-08-08 04:38:32","0","False","0.5","recovered"
"1977","MERCH046","CUST0713","UPI","HDFC","CUSTOMER_ACTION_REQUIRED","CUSTOMER_AUTHENTICATION","2239","2026-08-23 07:21:48","0","False","0.4","recovered"
"1978","MERCH007","CUST0250","CARD","HDFC","INSUFFICIENT_FUNDS","BANK_AUTHORIZATION","2240","2026-08-26 10:25:53","0","False","0.45","recovered"
"1979","MERCH017","CUST0406","UPI","SBI","BANK_TIMEOUT","BANK_RESPONSE","1041","2026-08-18 17:17:42","1","False","0.45","not_recovered"
"1980","MERCH029","CUST0468","CARD","ICICI","PROCESSING_ERROR","PAYMENT_PROCESSING","9677","2026-08-06 15:47:39","1","False","0.5","not_recovered"
"1981","MERCH044","CUST0024","UPI","SBI","PROCESSING_ERROR","PAYMENT_PROCESSING","1312","2026-08-24 19:12:45","0","False","0.55","recovered"
"1982","MERCH011","CUST0597","UPI","SBI","CARD_BLOCKED","CARD_AUTHORIZATION","577","2026-08-14 19:11:54","0","False","0.05","not_recovered"
"1983","MERCH018","CUST0069","CARD","AXIS","INSUFFICIENT_FUNDS","BANK_AUTHORIZATION","9397","2026-08-05 22:33:29","2","False","0.35","recovered"
"1984","MERCH032","CUST0015","UPI","ICICI","PROCESSING_ERROR","PAYMENT_PROCESSING","6138","2026-08-22 06:38:13","2","False","0.45","not_recovered"
"1985","MERCH049","CUST0899","UPI","AXIS","INSUFFICIENT_FUNDS","BANK_AUTHORIZATION","6555","2026-08-09 10:13:29","0","False","0.45","recovered"
"1986","MERCH024","CUST0062","CARD","ICICI","BANK_TIMEOUT","BANK_RESPONSE","4273","2026-08-16 14:06:41","1","False","0.45","recovered"
"1987","MERCH013","CUST0702","CARD","HDFC","BANK_TIMEOUT","BANK_RESPONSE","9398","2026-08-22 05:38:41","0","False","0.5","not_recovered"
"1988","MERCH011","CUST0465","UPI","HDFC","CUSTOMER_ACTION_REQUIRED","CUSTOMER_AUTHENTICATION","6413","2026-08-08 12:55:29","0","False","0.4","recovered"
"1989","MERCH010","CUST0262","UPI","AXIS","BANK_TIMEOUT","BANK_RESPONSE","5728","2026-08-28 22:23:41","1","False","0.45","recovered"
"1990","MERCH044","CUST0528","UPI","AXIS","CARD_BLOCKED","CARD_AUTHORIZATION","9834","2026-08-31 23:40:18","0","False","0.05","unknown"
"1991","MERCH027","CUST0152","UPI","ICICI","CUSTOMER_ACTION_REQUIRED","CUSTOMER_AUTHENTICATION","1486","2026-08-31 03:57:55","1","False","0.35","unknown"
"1992","MERCH015","CUST0206","CARD","HDFC","CUSTOMER_ACTION_REQUIRED","CUSTOMER_AUTHENTICATION","4715","2026-08-24 09:01:33","3","True","0.28","not_recovered"
"1993","MERCH004","CUST0374","UPI","HDFC","INSUFFICIENT_FUNDS","BANK_AUTHORIZATION","3414","2026-08-03 16:28:06","2","False","0.35","recovered"
"1994","MERCH024","CUST0869","CARD","AXIS","INSUFFICIENT_FUNDS","BANK_AUTHORIZATION","4475","2026-08-19 22:50:32","2","False","0.35","not_recovered"
"1995","MERCH045","CUST0578","CARD","AXIS","INSUFFICIENT_FUNDS","BANK_AUTHORIZATION","7530","2026-08-21 11:38:15","1","False","0.4","not_recovered"
"1996","MERCH018","CUST0740","CARD","HDFC","PROCESSING_ERROR","PAYMENT_PROCESSING","4030","2026-08-23 04:39:34","0","False","0.55","not_recovered"
"1997","MERCH026","CUST0396","CARD","SBI","PROCESSING_ERROR","PAYMENT_PROCESSING","4693","2026-08-08 03:21:06","0","False","0.55","recovered"
"1998","MERCH035","CUST0715","UPI","ICICI","CARD_BLOCKED","CARD_AUTHORIZATION","5119","2026-08-26 15:54:57","0","False","0.05","not_recovered"
"1999","MERCH039","CUST0147","CARD","ICICI","PROCESSING_ERROR","PAYMENT_PROCESSING","6605","2026-08-16 15:57:24","2","True","0.48","not_recovered"
"2000","MERCH016","CUST0014","CARD","ICICI","INSUFFICIENT_FUNDS","BANK_AUTHORIZATION","6128","2026-08-30 13:39:13","3","False","0.3","unknown"
"2001","MERCH025","CUST0126","CARD","SBI","CARD_BLOCKED","CARD_AUTHORIZATION","4438","2026-08-28 10:20:38","1","False","0.0","not_recovered"
"2002","MERCH027","CUST0837","UPI","ICICI","BANK_TIMEOUT","BANK_RESPONSE","5161","2026-08-12 08:44:06","1","True","0.48","not_recovered"
"2003","MERCH015","CUST0674","CARD","HDFC","INSUFFICIENT_FUNDS","BANK_AUTHORIZATION","396","2026-08-03 10:56:17","0","False","0.45","recovered"
"2004","MERCH034","CUST0842","CARD","HDFC","INSUFFICIENT_FUNDS","BANK_AUTHORIZATION","2070","2026-08-05 20:30:31","0","False","0.45","recovered"
"2005","MERCH036","CUST0288","CARD","HDFC","INSUFFICIENT_FUNDS","BANK_AUTHORIZATION","4677","2026-08-10 13:18:32","0","False","0.45","not_recovered"
"2006","MERCH017","CUST0274","CARD","SBI","INSUFFICIENT_FUNDS","BANK_AUTHORIZATION","3278","2026-08-09 22:36:30","2","False","0.35","not_recovered"
"2007","MERCH045","CUST0542","CARD","ICICI","CUSTOMER_ACTION_REQUIRED","CUSTOMER_AUTHENTICATION","2518","2026-08-12 19:18:22","2","False","0.3","recovered"
"2008","MERCH028","CUST0410","CARD","AXIS","INSUFFICIENT_FUNDS","BANK_AUTHORIZATION","7768","2026-08-02 03:58:02","0","False","0.45","not_recovered"
"2009","MERCH003","CUST0948","CARD","HDFC","CUSTOMER_ACTION_REQUIRED","CUSTOMER_AUTHENTICATION","8898","2026-08-05 01:15:45","0","False","0.4","recovered"
"2010","MERCH034","CUST0675","UPI","SBI","INSUFFICIENT_FUNDS","BANK_AUTHORIZATION","2590","2026-08-25 11:43:12","2","True","0.38","recovered"
"2011","MERCH020","CUST0191","CARD","AXIS","BANK_TIMEOUT","BANK_RESPONSE","3292","2026-08-07 19:42:40","0","False","0.5","recovered"
"2012","MERCH037","CUST0709","UPI","HDFC","BANK_TIMEOUT","BANK_RESPONSE","8768","2026-08-06 05:10:52","0","True","0.53","recovered"
"2013","MERCH008","CUST0203","CARD","ICICI","PROCESSING_ERROR","PAYMENT_PROCESSING","2625","2026-08-27 03:37:38","1","True","0.53","not_recovered"
"2014","MERCH039","CUST0661","UPI","AXIS","BANK_TIMEOUT","BANK_RESPONSE","5735","2026-08-08 04:55:18","1","False","0.45","recovered"
"2015","MERCH043","CUST0700","UPI","HDFC","INSUFFICIENT_FUNDS","BANK_AUTHORIZATION","2570","2026-08-23 11:46:32","0","False","0.45","not_recovered"
"2016","MERCH039","CUST0623","UPI","SBI","INSUFFICIENT_FUNDS","BANK_AUTHORIZATION","7860","2026-08-12 18:43:05","1","False","0.4","recovered"
"2017","MERCH028","CUST0090","CARD","SBI","PROCESSING_ERROR","PAYMENT_PROCESSING","1601","2026-08-04 09:02:11","1","False","0.5","not_recovered"
"2018","MERCH025","CUST0622","CARD","SBI","BANK_TIMEOUT","BANK_RESPONSE","2695","2026-08-11 16:54:15","0","True","0.53","recovered"
"2019","MERCH010","CUST0406","UPI","ICICI","BANK_TIMEOUT","BANK_RESPONSE","9170","2026-08-12 18:57:11","2","False","0.4","not_recovered"
"2020","MERCH012","CUST0724","UPI","AXIS","BANK_TIMEOUT","BANK_RESPONSE","7222","2026-08-14 17:24:48","0","False","0.5","recovered"
"2021","MERCH013","CUST0333","CARD","ICICI","INSUFFICIENT_FUNDS","BANK_AUTHORIZATION","3537","2026-08-12 12:27:47","3","False","0.3","recovered"
"2022","MERCH011","CUST0942","UPI","SBI","BANK_TIMEOUT","BANK_RESPONSE","4884","2026-08-14 07:38:51","3","False","0.35","not_recovered"
"2023","MERCH048","CUST0580","UPI","HDFC","INSUFFICIENT_FUNDS","BANK_AUTHORIZATION","5895","2026-08-21 15:53:27","0","True","0.48","not_recovered"
"2024","MERCH022","CUST0217","CARD","SBI","CUSTOMER_ACTION_REQUIRED","CUSTOMER_AUTHENTICATION","4068","2026-08-25 05:49:44","2","False","0.3","not_recovered"
"2025","MERCH008","CUST0545","UPI","ICICI","PROCESSING_ERROR","PAYMENT_PROCESSING","8157","2026-08-15 09:18:23","0","False","0.55","recovered"
"2026","MERCH021","CUST0235","CARD","SBI","BANK_TIMEOUT","BANK_RESPONSE","5407","2026-08-09 05:00:42","0","False","0.5","recovered"
"2027","MERCH025","CUST0179","CARD","SBI","PROCESSING_ERROR","PAYMENT_PROCESSING","4799","2026-08-21 09:12:50","0","False","0.55","recovered"
"2028","MERCH024","CUST0396","UPI","ICICI","BANK_TIMEOUT","BANK_RESPONSE","7901","2026-08-04 04:28:01","0","False","0.5","recovered"
"2029","MERCH012","CUST0960","UPI","ICICI","INSUFFICIENT_FUNDS","BANK_AUTHORIZATION","4485","2026-08-05 11:54:37","0","False","0.45","not_recovered"
"2030","MERCH022","CUST0439","CARD","SBI","PROCESSING_ERROR","PAYMENT_PROCESSING","1596","2026-08-29 23:21:32","1","False","0.5","recovered"
"2031","MERCH021","CUST0462","CARD","ICICI","CUSTOMER_ACTION_REQUIRED","CUSTOMER_AUTHENTICATION","1086","2026-08-25 03:55:55","2","False","0.3","recovered"
"2032","MERCH011","CUST0446","UPI","SBI","INSUFFICIENT_FUNDS","BANK_AUTHORIZATION","8228","2026-08-06 15:57:27","0","False","0.45","recovered"
"2033","MERCH005","CUST0964","UPI","HDFC","BANK_TIMEOUT","BANK_RESPONSE","7145","2026-08-21 14:09:02","0","False","0.5","recovered"
"2034","MERCH003","CUST0580","CARD","HDFC","INSUFFICIENT_FUNDS","BANK_AUTHORIZATION","7085","2026-08-25 19:31:53","2","False","0.35","not_recovered"
"2035","MERCH050","CUST0190","UPI","AXIS","BANK_TIMEOUT","BANK_RESPONSE","563","2026-08-24 08:23:03","3","False","0.35","not_recovered"
"2036","MERCH035","CUST0637","CARD","AXIS","PROCESSING_ERROR","PAYMENT_PROCESSING","3507","2026-08-29 18:02:20","2","False","0.45","recovered"
"2037","MERCH008","CUST0618","UPI","AXIS","INSUFFICIENT_FUNDS","BANK_AUTHORIZATION","3186","2026-08-03 11:58:28","3","False","0.3","not_recovered"
"2038","MERCH041","CUST0343","UPI","HDFC","INSUFFICIENT_FUNDS","BANK_AUTHORIZATION","848","2026-08-09 16:42:43","0","True","0.48","not_recovered"
"2039","MERCH050","CUST0358","CARD","AXIS","INSUFFICIENT_FUNDS","BANK_AUTHORIZATION","4733","2026-08-29 07:59:22","1","False","0.4","recovered"
"2040","MERCH001","CUST0729","UPI","SBI","INSUFFICIENT_FUNDS","BANK_AUTHORIZATION","9295","2026-08-24 12:54:37","0","False","0.45","not_recovered"
"2041","MERCH028","CUST0509","CARD","ICICI","PROCESSING_ERROR","PAYMENT_PROCESSING","9817","2026-08-23 20:26:59","2","False","0.45","recovered"
"2042","MERCH013","CUST0395","CARD","AXIS","BANK_TIMEOUT","BANK_RESPONSE","653","2026-08-14 11:20:49","2","True","0.43","recovered"
"2043","MERCH023","CUST0323","UPI","AXIS","INSUFFICIENT_FUNDS","BANK_AUTHORIZATION","9747","2026-08-20 17:51:48","3","False","0.3","not_recovered"
"2044","MERCH030","CUST0452","UPI","SBI","CUSTOMER_ACTION_REQUIRED","CUSTOMER_AUTHENTICATION","9364","2026-08-19 09:12:32","0","False","0.4","recovered"
"2045","MERCH014","CUST0051","CARD","AXIS","BANK_TIMEOUT","BANK_RESPONSE","3036","2026-08-19 20:45:32","0","True","0.53","recovered"
"2046","MERCH027","CUST0691","UPI","AXIS","INSUFFICIENT_FUNDS","BANK_AUTHORIZATION","1383","2026-08-17 05:51:08","1","False","0.4","not_recovered"
"2047","MERCH036","CUST0861","CARD","AXIS","INSUFFICIENT_FUNDS","BANK_AUTHORIZATION","4715","2026-08-22 02:17:01","1","False","0.4","not_recovered"
"2048","MERCH049","CUST0269","CARD","HDFC","INSUFFICIENT_FUNDS","BANK_AUTHORIZATION","4317","2026-08-05 13:02:38","1","False","0.4","recovered"
"2049","MERCH037","CUST0951","UPI","HDFC","CUSTOMER_ACTION_REQUIRED","CUSTOMER_AUTHENTICATION","4334","2026-08-15 09:18:58","1","False","0.35","not_recovered"
"2050","MERCH018","CUST0899","CARD","ICICI","INSUFFICIENT_FUNDS","BANK_AUTHORIZATION","9297","2026-08-10 07:37:20","0","True","0.48","recovered"
"2051","MERCH027","CUST0132","CARD","HDFC","CARD_BLOCKED","CARD_AUTHORIZATION","8835","2026-08-27 08:37:21","1","False","0.0","not_recovered"
"2052","MERCH011","CUST0107","UPI","AXIS","INSUFFICIENT_FUNDS","BANK_AUTHORIZATION","2939","2026-08-07 14:09:06","2","False","0.35","not_recovered"
"2053","MERCH020","CUST0921","CARD","HDFC","INSUFFICIENT_FUNDS","BANK_AUTHORIZATION","6863","2026-08-19 23:42:54","0","False","0.45","recovered"
"2054","MERCH050","CUST0129","UPI","HDFC","INSUFFICIENT_FUNDS","BANK_AUTHORIZATION","5044","2026-08-15 12:03:13","1","False","0.4","recovered"
"2055","MERCH005","CUST0152","UPI","SBI","CUSTOMER_ACTION_REQUIRED","CUSTOMER_AUTHENTICATION","2417","2026-08-19 06:30:13","0","False","0.4","recovered"
"2056","MERCH030","CUST0342","CARD","ICICI","PROCESSING_ERROR","PAYMENT_PROCESSING","9846","2026-08-21 00:15:15","0","False","0.55","not_recovered"
"2057","MERCH031","CUST0987","UPI","AXIS","CARD_BLOCKED","CARD_AUTHORIZATION","1392","2026-08-29 20:22:01","1","False","0.0","not_recovered"
"2058","MERCH024","CUST0566","CARD","HDFC","INSUFFICIENT_FUNDS","BANK_AUTHORIZATION","5461","2026-08-21 06:00:46","0","True","0.48","recovered"
"2059","MERCH035","CUST0564","CARD","SBI","CUSTOMER_ACTION_REQUIRED","CUSTOMER_AUTHENTICATION","4959","2026-08-10 21:52:16","0","False","0.4","not_recovered"
"2060","MERCH048","CUST0139","UPI","HDFC","INSUFFICIENT_FUNDS","BANK_AUTHORIZATION","7595","2026-08-16 05:05:03","0","False","0.45","not_recovered"
"2061","MERCH002","CUST0309","UPI","AXIS","BANK_TIMEOUT","BANK_RESPONSE","6910","2026-08-26 11:42:32","1","False","0.45","not_recovered"
"2062","MERCH035","CUST0852","UPI","SBI","PROCESSING_ERROR","PAYMENT_PROCESSING","5241","2026-08-08 20:07:24","1","False","0.5","not_recovered"
"2063","MERCH004","CUST0157","UPI","AXIS","PROCESSING_ERROR","PAYMENT_PROCESSING","4786","2026-08-05 03:02:40","0","True","0.58","recovered"
"2064","MERCH014","CUST0862","CARD","SBI","INSUFFICIENT_FUNDS","BANK_AUTHORIZATION","8891","2026-08-19 19:08:05","3","True","0.33","not_recovered"
"2065","MERCH040","CUST0967","CARD","AXIS","PROCESSING_ERROR","PAYMENT_PROCESSING","3068","2026-08-23 18:29:19","1","False","0.5","not_recovered"
"2066","MERCH049","CUST0164","UPI","HDFC","INSUFFICIENT_FUNDS","BANK_AUTHORIZATION","2611","2026-08-13 08:21:55","0","True","0.48","recovered"
"2067","MERCH037","CUST0111","UPI","HDFC","CUSTOMER_ACTION_REQUIRED","CUSTOMER_AUTHENTICATION","3863","2026-08-03 01:35:34","0","False","0.4","not_recovered"
"2068","MERCH005","CUST0752","UPI","AXIS","BANK_TIMEOUT","BANK_RESPONSE","6083","2026-08-02 12:28:24","0","False","0.5","not_recovered"
"2069","MERCH040","CUST0625","CARD","ICICI","INSUFFICIENT_FUNDS","BANK_AUTHORIZATION","1028","2026-08-10 10:12:46","0","False","0.45","recovered"
"2070","MERCH012","CUST0933","UPI","ICICI","CUSTOMER_ACTION_REQUIRED","CUSTOMER_AUTHENTICATION","2895","2026-08-13 09:46:50","0","False","0.4","not_recovered"
"2071","MERCH009","CUST0048","UPI","ICICI","PROCESSING_ERROR","PAYMENT_PROCESSING","9627","2026-08-02 19:05:25","0","False","0.55","not_recovered"
"2072","MERCH043","CUST0817","UPI","ICICI","INSUFFICIENT_FUNDS","BANK_AUTHORIZATION","6216","2026-08-04 20:08:43","0","False","0.45","recovered"
"2073","MERCH017","CUST0677","CARD","SBI","CUSTOMER_ACTION_REQUIRED","CUSTOMER_AUTHENTICATION","7903","2026-08-26 00:56:26","0","False","0.4","recovered"
"2074","MERCH039","CUST0959","UPI","ICICI","INSUFFICIENT_FUNDS","BANK_AUTHORIZATION","5994","2026-08-28 07:02:15","0","False","0.45","recovered"
"2075","MERCH044","CUST0481","UPI","ICICI","PROCESSING_ERROR","PAYMENT_PROCESSING","1150","2026-08-10 17:34:26","0","False","0.55","not_recovered"
"2076","MERCH038","CUST0801","CARD","AXIS","PROCESSING_ERROR","PAYMENT_PROCESSING","8845","2026-08-15 16:15:34","1","False","0.5","not_recovered"
"2077","MERCH010","CUST0970","UPI","AXIS","INSUFFICIENT_FUNDS","BANK_AUTHORIZATION","3174","2026-08-23 21:53:00","1","False","0.4","not_recovered"
"2078","MERCH007","CUST0134","UPI","SBI","CARD_BLOCKED","CARD_AUTHORIZATION","2053","2026-08-27 18:33:42","0","False","0.05","not_recovered"
"2079","MERCH023","CUST0705","CARD","SBI","BANK_TIMEOUT","BANK_RESPONSE","1311","2026-08-24 01:25:52","2","False","0.4","not_recovered"
"2080","MERCH045","CUST0037","UPI","HDFC","PROCESSING_ERROR","PAYMENT_PROCESSING","9729","2026-08-31 23:08:56","0","False","0.55","unknown"
"2081","MERCH039","CUST0326","UPI","AXIS","INSUFFICIENT_FUNDS","BANK_AUTHORIZATION","2975","2026-08-08 21:33:51","2","False","0.35","not_recovered"
"2082","MERCH016","CUST0226","CARD","HDFC","INSUFFICIENT_FUNDS","BANK_AUTHORIZATION","6009","2026-08-16 01:00:50","0","True","0.48","recovered"
"2083","MERCH044","CUST0329","CARD","AXIS","CUSTOMER_ACTION_REQUIRED","CUSTOMER_AUTHENTICATION","3251","2026-08-11 11:32:22","1","True","0.38","not_recovered"
"2084","MERCH013","CUST0208","CARD","ICICI","INSUFFICIENT_FUNDS","BANK_AUTHORIZATION","403","2026-08-16 19:02:23","0","False","0.45","not_recovered"
"2085","MERCH038","CUST0945","CARD","SBI","INSUFFICIENT_FUNDS","BANK_AUTHORIZATION","440","2026-08-10 01:38:55","0","False","0.45","not_recovered"
"2086","MERCH050","CUST0520","CARD","SBI","BANK_TIMEOUT","BANK_RESPONSE","5231","2026-08-11 04:44:40","1","False","0.45","recovered"
"2087","MERCH045","CUST0926","UPI","AXIS","PROCESSING_ERROR","PAYMENT_PROCESSING","3527","2026-08-09 18:21:53","3","False","0.4","recovered"
"2088","MERCH015","CUST0275","UPI","AXIS","CARD_BLOCKED","CARD_AUTHORIZATION","7868","2026-08-17 11:33:11","1","True","0.03","not_recovered"
"2089","MERCH010","CUST0018","CARD","SBI","CUSTOMER_ACTION_REQUIRED","CUSTOMER_AUTHENTICATION","5822","2026-08-28 08:20:03","0","False","0.4","recovered"
"2090","MERCH042","CUST0378","UPI","HDFC","PROCESSING_ERROR","PAYMENT_PROCESSING","2017","2026-08-05 11:06:44","0","False","0.55","not_recovered"
"2091","MERCH027","CUST0224","UPI","HDFC","PROCESSING_ERROR","PAYMENT_PROCESSING","5274","2026-08-30 05:34:23","0","False","0.55","unknown"
"2092","MERCH030","CUST0685","UPI","AXIS","INSUFFICIENT_FUNDS","BANK_AUTHORIZATION","4960","2026-08-10 17:34:54","0","False","0.45","recovered"
"2093","MERCH017","CUST0639","UPI","ICICI","INSUFFICIENT_FUNDS","BANK_AUTHORIZATION","3454","2026-08-07 04:37:41","0","False","0.45","not_recovered"
"2094","MERCH003","CUST0280","UPI","HDFC","INSUFFICIENT_FUNDS","BANK_AUTHORIZATION","1471","2026-08-10 13:57:49","2","True","0.38","not_recovered"
"2095","MERCH005","CUST0382","CARD","SBI","BANK_TIMEOUT","BANK_RESPONSE","8919","2026-08-09 11:01:10","2","False","0.4","not_recovered"
"2096","MERCH026","CUST0306","UPI","SBI","BANK_TIMEOUT","BANK_RESPONSE","1897","2026-08-27 18:28:17","0","False","0.5","recovered"
"2097","MERCH020","CUST0313","UPI","SBI","INSUFFICIENT_FUNDS","BANK_AUTHORIZATION","6461","2026-08-10 14:59:25","1","False","0.4","not_recovered"
"2098","MERCH029","CUST0654","CARD","HDFC","CUSTOMER_ACTION_REQUIRED","CUSTOMER_AUTHENTICATION","8632","2026-08-17 21:19:23","1","False","0.35","not_recovered"
"2099","MERCH019","CUST0969","CARD","ICICI","BANK_TIMEOUT","BANK_RESPONSE","2045","2026-08-30 22:08:58","0","True","0.53","unknown"
"2100","MERCH019","CUST0675","UPI","SBI","BANK_TIMEOUT","BANK_RESPONSE","7245","2026-08-09 00:44:23","0","True","0.53","recovered"
"2101","MERCH045","CUST0066","UPI","ICICI","INSUFFICIENT_FUNDS","BANK_AUTHORIZATION","4244","2026-08-27 19:42:19","0","False","0.45","recovered"
"2102","MERCH032","CUST0961","UPI","SBI","PROCESSING_ERROR","PAYMENT_PROCESSING","7415","2026-08-09 10:45:07","2","False","0.45","not_recovered"
"2103","MERCH040","CUST0285","UPI","HDFC","PROCESSING_ERROR","PAYMENT_PROCESSING","3363","2026-08-07 09:12:01","1","True","0.53","recovered"
"2104","MERCH028","CUST0433","CARD","SBI","BANK_TIMEOUT","BANK_RESPONSE","2854","2026-08-02 02:28:57","0","False","0.5","recovered"
"2105","MERCH011","CUST0553","CARD","HDFC","PROCESSING_ERROR","PAYMENT_PROCESSING","3189","2026-08-06 16:16:08","0","False","0.55","recovered"
"2106","MERCH012","CUST0277","UPI","HDFC","PROCESSING_ERROR","PAYMENT_PROCESSING","131","2026-08-19 05:55:44","1","True","0.53","recovered"
"2107","MERCH040","CUST0176","UPI","SBI","PROCESSING_ERROR","PAYMENT_PROCESSING","8848","2026-08-22 23:32:39","0","False","0.55","recovered"
"2108","MERCH016","CUST0879","UPI","HDFC","CUSTOMER_ACTION_REQUIRED","CUSTOMER_AUTHENTICATION","3488","2026-08-26 08:24:29","1","False","0.35","not_recovered"
"2109","MERCH014","CUST0220","CARD","AXIS","CUSTOMER_ACTION_REQUIRED","CUSTOMER_AUTHENTICATION","1464","2026-08-26 13:08:04","0","True","0.43","not_recovered"
"2110","MERCH035","CUST0935","CARD","HDFC","PROCESSING_ERROR","PAYMENT_PROCESSING","1816","2026-08-14 00:44:43","0","False","0.55","not_recovered"
"2111","MERCH001","CUST0997","UPI","HDFC","INSUFFICIENT_FUNDS","BANK_AUTHORIZATION","8387","2026-08-09 14:44:41","0","False","0.45","not_recovered"
"2112","MERCH007","CUST0690","UPI","ICICI","CUSTOMER_ACTION_REQUIRED","CUSTOMER_AUTHENTICATION","7654","2026-08-31 03:09:05","1","True","0.38","unknown"
"2113","MERCH031","CUST0334","UPI","AXIS","CARD_BLOCKED","CARD_AUTHORIZATION","8001","2026-08-25 22:23:46","0","False","0.05","not_recovered"
"2114","MERCH041","CUST0741","CARD","HDFC","INSUFFICIENT_FUNDS","BANK_AUTHORIZATION","8918","2026-08-27 08:55:39","0","False","0.45","recovered"
"2115","MERCH050","CUST0077","UPI","AXIS","BANK_TIMEOUT","BANK_RESPONSE","6813","2026-08-07 16:03:26","0","False","0.5","recovered"
"2116","MERCH038","CUST0430","UPI","ICICI","INSUFFICIENT_FUNDS","BANK_AUTHORIZATION","8250","2026-08-10 15:36:44","1","True","0.43","not_recovered"
"2117","MERCH047","CUST0155","CARD","AXIS","PROCESSING_ERROR","PAYMENT_PROCESSING","6641","2026-08-27 21:59:58","0","True","0.58","not_recovered"
"2118","MERCH037","CUST0850","UPI","HDFC","INSUFFICIENT_FUNDS","BANK_AUTHORIZATION","3444","2026-08-16 22:54:06","1","False","0.4","not_recovered"
"2119","MERCH011","CUST0352","CARD","HDFC","BANK_TIMEOUT","BANK_RESPONSE","7229","2026-08-02 10:31:24","1","False","0.45","not_recovered"
"2120","MERCH038","CUST0883","UPI","AXIS","INSUFFICIENT_FUNDS","BANK_AUTHORIZATION","7885","2026-08-08 22:16:48","1","False","0.4","not_recovered"
"2121","MERCH020","CUST0065","CARD","AXIS","PROCESSING_ERROR","PAYMENT_PROCESSING","9314","2026-08-02 04:28:56","1","False","0.5","recovered"
"2122","MERCH044","CUST0510","CARD","ICICI","BANK_TIMEOUT","BANK_RESPONSE","9454","2026-08-15 19:08:52","0","True","0.53","recovered"
"2123","MERCH039","CUST0822","CARD","SBI","PROCESSING_ERROR","PAYMENT_PROCESSING","4073","2026-08-16 00:40:50","2","False","0.45","not_recovered"
"2124","MERCH014","CUST0409","UPI","AXIS","INSUFFICIENT_FUNDS","BANK_AUTHORIZATION","9672","2026-08-27 21:48:37","0","False","0.45","recovered"
"2125","MERCH039","CUST0171","CARD","SBI","INSUFFICIENT_FUNDS","BANK_AUTHORIZATION","2900","2026-08-07 17:47:30","2","False","0.35","recovered"
"2126","MERCH009","CUST0985","CARD","SBI","PROCESSING_ERROR","PAYMENT_PROCESSING","4849","2026-08-28 20:08:53","1","True","0.53","not_recovered"
"2127","MERCH012","CUST0278","CARD","ICICI","PROCESSING_ERROR","PAYMENT_PROCESSING","3728","2026-08-02 00:38:04","1","False","0.5","not_recovered"
"2128","MERCH043","CUST0824","UPI","ICICI","PROCESSING_ERROR","PAYMENT_PROCESSING","8961","2026-08-28 18:02:15","0","False","0.55","recovered"
"2129","MERCH048","CUST0109","CARD","AXIS","CARD_BLOCKED","CARD_AUTHORIZATION","3975","2026-08-02 16:58:26","0","False","0.05","not_recovered"
"2130","MERCH001","CUST0049","UPI","HDFC","INSUFFICIENT_FUNDS","BANK_AUTHORIZATION","5751","2026-08-20 22:49:21","1","False","0.4","not_recovered"
"2131","MERCH050","CUST0611","CARD","HDFC","INSUFFICIENT_FUNDS","BANK_AUTHORIZATION","5956","2026-08-20 19:21:24","0","False","0.45","not_recovered"
"2132","MERCH013","CUST0846","CARD","ICICI","PROCESSING_ERROR","PAYMENT_PROCESSING","9430","2026-08-04 12:20:07","0","False","0.55","not_recovered"
"2133","MERCH002","CUST0670","UPI","AXIS","INSUFFICIENT_FUNDS","BANK_AUTHORIZATION","672","2026-08-03 12:23:08","0","False","0.45","recovered"
"2134","MERCH045","CUST0126","UPI","HDFC","INSUFFICIENT_FUNDS","BANK_AUTHORIZATION","4943","2026-08-16 17:02:21","3","False","0.3","not_recovered"
"2135","MERCH003","CUST0403","CARD","ICICI","BANK_TIMEOUT","BANK_RESPONSE","7013","2026-08-29 02:50:47","2","False","0.4","not_recovered"
"2136","MERCH011","CUST0309","UPI","AXIS","INSUFFICIENT_FUNDS","BANK_AUTHORIZATION","2165","2026-08-07 16:06:56","0","False","0.45","not_recovered"
"2137","MERCH031","CUST0141","CARD","AXIS","BANK_TIMEOUT","BANK_RESPONSE","3118","2026-08-10 18:38:50","0","True","0.53","recovered"
"2138","MERCH041","CUST0664","CARD","AXIS","BANK_TIMEOUT","BANK_RESPONSE","4337","2026-08-26 05:15:54","0","False","0.5","recovered"
"2139","MERCH019","CUST0702","CARD","ICICI","PROCESSING_ERROR","PAYMENT_PROCESSING","9943","2026-08-23 05:13:38","0","True","0.58","not_recovered"
"2140","MERCH015","CUST0548","UPI","ICICI","INSUFFICIENT_FUNDS","BANK_AUTHORIZATION","1440","2026-08-08 15:49:34","0","False","0.45","recovered"
"2141","MERCH011","CUST0719","UPI","SBI","BANK_TIMEOUT","BANK_RESPONSE","6561","2026-08-08 04:48:40","1","False","0.45","not_recovered"
"2142","MERCH005","CUST0952","CARD","HDFC","CARD_BLOCKED","CARD_AUTHORIZATION","2445","2026-08-24 11:48:01","0","False","0.05","not_recovered"
"2143","MERCH042","CUST0559","UPI","ICICI","PROCESSING_ERROR","PAYMENT_PROCESSING","5363","2026-08-28 21:37:27","0","True","0.58","not_recovered"
"2144","MERCH011","CUST0698","CARD","HDFC","BANK_TIMEOUT","BANK_RESPONSE","5222","2026-08-06 22:08:35","0","False","0.5","recovered"
"2145","MERCH024","CUST0630","UPI","AXIS","INSUFFICIENT_FUNDS","BANK_AUTHORIZATION","5604","2026-08-04 12:50:49","0","False","0.45","recovered"
"2146","MERCH039","CUST0095","CARD","AXIS","PROCESSING_ERROR","PAYMENT_PROCESSING","4511","2026-08-24 21:28:20","0","False","0.55","recovered"
"2147","MERCH050","CUST0145","CARD","AXIS","CUSTOMER_ACTION_REQUIRED","CUSTOMER_AUTHENTICATION","4946","2026-08-07 10:38:48","2","False","0.3","recovered"
"2148","MERCH038","CUST0308","CARD","HDFC","INSUFFICIENT_FUNDS","BANK_AUTHORIZATION","9980","2026-08-11 20:42:55","0","False","0.45","not_recovered"
"2149","MERCH002","CUST0228","UPI","SBI","PROCESSING_ERROR","PAYMENT_PROCESSING","7002","2026-08-06 00:52:19","2","True","0.48","recovered"
"2150","MERCH042","CUST0534","UPI","AXIS","CARD_BLOCKED","CARD_AUTHORIZATION","8504","2026-08-25 00:45:21","0","False","0.05","not_recovered"
"2151","MERCH036","CUST0070","CARD","HDFC","PROCESSING_ERROR","PAYMENT_PROCESSING","7885","2026-08-11 12:42:18","0","False","0.55","recovered"
"2152","MERCH021","CUST0701","UPI","ICICI","INSUFFICIENT_FUNDS","BANK_AUTHORIZATION","7393","2026-08-16 20:12:02","0","False","0.45","recovered"
"2153","MERCH021","CUST0747","UPI","AXIS","CUSTOMER_ACTION_REQUIRED","CUSTOMER_AUTHENTICATION","8486","2026-08-04 10:15:25","0","False","0.4","recovered"
"2154","MERCH028","CUST0703","CARD","HDFC","INSUFFICIENT_FUNDS","BANK_AUTHORIZATION","6350","2026-08-26 02:32:20","0","False","0.45","not_recovered"
"2155","MERCH011","CUST0607","CARD","SBI","CARD_BLOCKED","CARD_AUTHORIZATION","3777","2026-08-12 04:33:05","2","True","0.0","not_recovered"
"2156","MERCH017","CUST0910","CARD","AXIS","INSUFFICIENT_FUNDS","BANK_AUTHORIZATION","5694","2026-08-04 13:21:04","1","False","0.4","not_recovered"
"2157","MERCH045","CUST0038","UPI","SBI","PROCESSING_ERROR","PAYMENT_PROCESSING","9178","2026-08-18 12:27:35","0","False","0.55","recovered"
"2158","MERCH015","CUST0853","CARD","HDFC","INSUFFICIENT_FUNDS","BANK_AUTHORIZATION","1492","2026-08-28 05:29:53","1","False","0.4","recovered"
"2159","MERCH019","CUST0175","CARD","AXIS","INSUFFICIENT_FUNDS","BANK_AUTHORIZATION","8531","2026-08-27 02:00:08","0","False","0.45","not_recovered"
"2160","MERCH043","CUST0630","CARD","ICICI","PROCESSING_ERROR","PAYMENT_PROCESSING","9292","2026-08-20 00:10:15","2","False","0.45","recovered"
"2161","MERCH046","CUST0585","CARD","HDFC","CARD_BLOCKED","CARD_AUTHORIZATION","1921","2026-08-30 18:07:16","0","True","0.08","unknown"
"2162","MERCH029","CUST0764","CARD","SBI","CUSTOMER_ACTION_REQUIRED","CUSTOMER_AUTHENTICATION","5002","2026-08-27 16:06:56","0","False","0.4","not_recovered"
"2163","MERCH029","CUST0921","UPI","AXIS","INSUFFICIENT_FUNDS","BANK_AUTHORIZATION","5476","2026-08-30 04:26:50","0","False","0.45","unknown"
"2164","MERCH017","CUST0948","CARD","SBI","BANK_TIMEOUT","BANK_RESPONSE","3476","2026-08-22 15:41:23","0","False","0.5","not_recovered"
"2165","MERCH026","CUST0536","UPI","SBI","INSUFFICIENT_FUNDS","BANK_AUTHORIZATION","3665","2026-08-03 10:35:07","0","False","0.45","not_recovered"
"2166","MERCH035","CUST0117","UPI","HDFC","BANK_TIMEOUT","BANK_RESPONSE","8155","2026-08-28 03:42:47","0","False","0.5","recovered"
"2167","MERCH001","CUST0909","UPI","HDFC","CUSTOMER_ACTION_REQUIRED","CUSTOMER_AUTHENTICATION","7395","2026-08-24 17:16:17","1","False","0.35","recovered"
"2168","MERCH028","CUST0947","CARD","HDFC","INSUFFICIENT_FUNDS","BANK_AUTHORIZATION","6222","2026-08-06 08:11:37","1","False","0.4","not_recovered"
"2169","MERCH035","CUST0769","UPI","AXIS","CARD_BLOCKED","CARD_AUTHORIZATION","294","2026-08-17 10:58:57","0","False","0.05","recovered"
"2170","MERCH048","CUST0125","UPI","HDFC","BANK_TIMEOUT","BANK_RESPONSE","1407","2026-08-02 12:09:28","0","False","0.5","recovered"
"2171","MERCH037","CUST0486","CARD","HDFC","BANK_TIMEOUT","BANK_RESPONSE","5263","2026-08-18 23:16:08","0","False","0.5","recovered"
"2172","MERCH004","CUST0707","CARD","SBI","CUSTOMER_ACTION_REQUIRED","CUSTOMER_AUTHENTICATION","2115","2026-08-04 01:46:05","0","True","0.43","recovered"
"2173","MERCH014","CUST0732","CARD","HDFC","PROCESSING_ERROR","PAYMENT_PROCESSING","5723","2026-08-27 18:34:40","0","False","0.55","recovered"
"2174","MERCH029","CUST0081","UPI","ICICI","PROCESSING_ERROR","PAYMENT_PROCESSING","9923","2026-08-21 11:07:57","1","False","0.5","recovered"
"2175","MERCH040","CUST0062","UPI","ICICI","PROCESSING_ERROR","PAYMENT_PROCESSING","7148","2026-08-06 09:15:45","0","False","0.55","recovered"
"2176","MERCH016","CUST0089","CARD","AXIS","CUSTOMER_ACTION_REQUIRED","CUSTOMER_AUTHENTICATION","4022","2026-08-30 09:19:18","0","True","0.43","unknown"
"2177","MERCH023","CUST0809","UPI","SBI","PROCESSING_ERROR","PAYMENT_PROCESSING","4132","2026-08-21 01:44:49","3","False","0.4","not_recovered"
"2178","MERCH033","CUST0933","UPI","AXIS","PROCESSING_ERROR","PAYMENT_PROCESSING","7586","2026-08-03 08:49:26","2","False","0.45","recovered"
"2179","MERCH050","CUST0666","CARD","AXIS","INSUFFICIENT_FUNDS","BANK_AUTHORIZATION","4185","2026-08-16 07:40:57","0","True","0.48","not_recovered"
"2180","MERCH017","CUST0071","CARD","SBI","INSUFFICIENT_FUNDS","BANK_AUTHORIZATION","1817","2026-08-24 10:04:03","3","False","0.3","not_recovered"
"2181","MERCH022","CUST0549","CARD","AXIS","CUSTOMER_ACTION_REQUIRED","CUSTOMER_AUTHENTICATION","802","2026-08-20 02:55:54","3","True","0.28","not_recovered"
"2182","MERCH035","CUST0002","UPI","AXIS","CARD_BLOCKED","CARD_AUTHORIZATION","235","2026-08-14 19:39:02","0","False","0.05","not_recovered"
"2183","MERCH033","CUST0894","UPI","ICICI","BANK_TIMEOUT","BANK_RESPONSE","4533","2026-08-24 00:07:06","0","False","0.5","recovered"
"2184","MERCH021","CUST0814","UPI","SBI","PROCESSING_ERROR","PAYMENT_PROCESSING","9522","2026-08-04 04:18:59","0","False","0.55","not_recovered"
"2185","MERCH043","CUST0881","UPI","HDFC","INSUFFICIENT_FUNDS","BANK_AUTHORIZATION","8891","2026-08-15 12:08:57","3","False","0.3","not_recovered"
"2186","MERCH021","CUST0773","CARD","SBI","CUSTOMER_ACTION_REQUIRED","CUSTOMER_AUTHENTICATION","3985","2026-08-17 22:54:23","0","False","0.4","recovered"
"2187","MERCH032","CUST0127","CARD","ICICI","CUSTOMER_ACTION_REQUIRED","CUSTOMER_AUTHENTICATION","448","2026-08-22 14:56:56","2","False","0.3","not_recovered"
"2188","MERCH007","CUST0776","CARD","ICICI","BANK_TIMEOUT","BANK_RESPONSE","675","2026-08-11 20:37:22","0","False","0.5","not_recovered"
"2189","MERCH034","CUST0923","UPI","AXIS","INSUFFICIENT_FUNDS","BANK_AUTHORIZATION","7798","2026-08-23 12:21:02","1","False","0.4","not_recovered"
"2190","MERCH047","CUST0240","UPI","AXIS","INSUFFICIENT_FUNDS","BANK_AUTHORIZATION","7880","2026-08-23 19:42:49","0","False","0.45","recovered"
"2191","MERCH001","CUST0620","UPI","SBI","CARD_BLOCKED","CARD_AUTHORIZATION","5819","2026-08-11 08:51:46","0","False","0.05","not_recovered"
"2192","MERCH002","CUST0191","UPI","AXIS","INSUFFICIENT_FUNDS","BANK_AUTHORIZATION","4433","2026-08-10 02:24:16","3","False","0.3","recovered"
"2193","MERCH011","CUST0884","UPI","SBI","BANK_TIMEOUT","BANK_RESPONSE","5934","2026-08-23 20:31:58","0","True","0.53","not_recovered"
"2194","MERCH005","CUST0021","UPI","AXIS","BANK_TIMEOUT","BANK_RESPONSE","4558","2026-08-06 20:09:52","1","True","0.48","recovered"
"2195","MERCH050","CUST0246","UPI","SBI","BANK_TIMEOUT","BANK_RESPONSE","5171","2026-08-06 19:05:58","3","False","0.35","recovered"
"2196","MERCH018","CUST0558","CARD","SBI","PROCESSING_ERROR","PAYMENT_PROCESSING","9242","2026-08-25 01:01:47","0","False","0.55","recovered"
"2197","MERCH037","CUST0417","UPI","HDFC","INSUFFICIENT_FUNDS","BANK_AUTHORIZATION","1380","2026-08-26 01:53:32","2","False","0.35","recovered"
"2198","MERCH001","CUST0272","UPI","HDFC","PROCESSING_ERROR","PAYMENT_PROCESSING","1867","2026-08-27 21:39:12","2","True","0.48","recovered"
"2199","MERCH025","CUST0539","CARD","SBI","BANK_TIMEOUT","BANK_RESPONSE","3624","2026-08-04 10:33:27","0","True","0.53","recovered"
"2200","MERCH045","CUST0669","UPI","SBI","CARD_BLOCKED","CARD_AUTHORIZATION","2581","2026-08-03 16:57:01","0","False","0.05","not_recovered"
"2201","MERCH026","CUST0915","CARD","HDFC","INSUFFICIENT_FUNDS","BANK_AUTHORIZATION","6004","2026-08-11 13:02:54","0","False","0.45","recovered"
"2202","MERCH022","CUST0477","CARD","ICICI","INSUFFICIENT_FUNDS","BANK_AUTHORIZATION","1669","2026-08-26 00:38:18","0","False","0.45","not_recovered"
"2203","MERCH001","CUST0027","CARD","HDFC","BANK_TIMEOUT","BANK_RESPONSE","1565","2026-08-11 04:47:28","1","True","0.48","recovered"
"2204","MERCH011","CUST0096","UPI","HDFC","PROCESSING_ERROR","PAYMENT_PROCESSING","6336","2026-08-29 11:52:14","0","False","0.55","not_recovered"
"2205","MERCH042","CUST0400","CARD","HDFC","INSUFFICIENT_FUNDS","BANK_AUTHORIZATION","508","2026-08-14 07:47:54","0","False","0.45","not_recovered"
"2206","MERCH048","CUST0418","UPI","AXIS","INSUFFICIENT_FUNDS","BANK_AUTHORIZATION","2839","2026-08-28 13:29:05","2","False","0.35","not_recovered"
"2207","MERCH001","CUST0466","CARD","ICICI","INSUFFICIENT_FUNDS","BANK_AUTHORIZATION","981","2026-08-09 00:35:14","2","False","0.35","recovered"
"2208","MERCH009","CUST0189","CARD","HDFC","INSUFFICIENT_FUNDS","BANK_AUTHORIZATION","6609","2026-08-02 17:56:18","0","True","0.48","not_recovered"
"2209","MERCH018","CUST0774","UPI","HDFC","CARD_BLOCKED","CARD_AUTHORIZATION","378","2026-08-30 07:38:29","0","False","0.05","unknown"
"2210","MERCH029","CUST0817","CARD","HDFC","PROCESSING_ERROR","PAYMENT_PROCESSING","470","2026-08-12 02:37:19","1","False","0.5","not_recovered"
"2211","MERCH021","CUST0097","UPI","HDFC","PROCESSING_ERROR","PAYMENT_PROCESSING","1392","2026-08-24 14:29:06","1","False","0.5","not_recovered"
"2212","MERCH044","CUST0138","CARD","ICICI","CUSTOMER_ACTION_REQUIRED","CUSTOMER_AUTHENTICATION","5983","2026-08-30 08:48:45","0","True","0.43","unknown"
"2213","MERCH003","CUST0135","UPI","SBI","PROCESSING_ERROR","PAYMENT_PROCESSING","1909","2026-08-17 12:26:29","3","False","0.4","not_recovered"
"2214","MERCH006","CUST0175","CARD","AXIS","CARD_BLOCKED","CARD_AUTHORIZATION","4778","2026-08-31 10:47:55","2","False","0.0","unknown"
"2215","MERCH017","CUST0491","CARD","AXIS","INSUFFICIENT_FUNDS","BANK_AUTHORIZATION","7695","2026-08-20 09:59:49","3","False","0.3","not_recovered"
"2216","MERCH018","CUST0320","CARD","ICICI","INSUFFICIENT_FUNDS","BANK_AUTHORIZATION","3880","2026-08-23 06:40:55","2","False","0.35","recovered"
"2217","MERCH037","CUST0113","UPI","AXIS","INSUFFICIENT_FUNDS","BANK_AUTHORIZATION","9393","2026-08-08 08:11:39","0","False","0.45","recovered"
"2218","MERCH037","CUST0755","UPI","AXIS","BANK_TIMEOUT","BANK_RESPONSE","2194","2026-08-11 13:57:53","1","False","0.45","recovered"
"2219","MERCH018","CUST0523","CARD","ICICI","PROCESSING_ERROR","PAYMENT_PROCESSING","740","2026-08-26 11:24:00","0","False","0.55","not_recovered"
"2220","MERCH027","CUST0327","CARD","AXIS","INSUFFICIENT_FUNDS","BANK_AUTHORIZATION","259","2026-08-10 03:56:06","0","True","0.48","not_recovered"
"2221","MERCH032","CUST0703","UPI","SBI","PROCESSING_ERROR","PAYMENT_PROCESSING","5487","2026-08-02 01:44:09","2","False","0.45","recovered"
"2222","MERCH002","CUST0019","CARD","HDFC","BANK_TIMEOUT","BANK_RESPONSE","6707","2026-08-24 00:17:32","0","True","0.53","recovered"
"2223","MERCH034","CUST0534","UPI","SBI","INSUFFICIENT_FUNDS","BANK_AUTHORIZATION","6755","2026-08-02 03:05:15","0","False","0.45","not_recovered"
"2224","MERCH025","CUST0582","UPI","HDFC","INSUFFICIENT_FUNDS","BANK_AUTHORIZATION","8201","2026-08-11 18:48:46","3","False","0.3","not_recovered"
"2225","MERCH035","CUST0968","CARD","SBI","PROCESSING_ERROR","PAYMENT_PROCESSING","8976","2026-08-18 08:26:42","0","False","0.55","not_recovered"
"2226","MERCH036","CUST0436","CARD","ICICI","PROCESSING_ERROR","PAYMENT_PROCESSING","765","2026-08-04 11:01:32","0","False","0.55","not_recovered"
"2227","MERCH038","CUST0528","CARD","HDFC","INSUFFICIENT_FUNDS","BANK_AUTHORIZATION","2045","2026-08-06 16:45:29","1","False","0.4","not_recovered"
"2228","MERCH007","CUST0536","UPI","ICICI","INSUFFICIENT_FUNDS","BANK_AUTHORIZATION","9998","2026-08-28 22:58:00","1","False","0.4","recovered"
"2229","MERCH010","CUST0778","CARD","HDFC","CARD_BLOCKED","CARD_AUTHORIZATION","3198","2026-08-14 14:39:32","2","False","0.0","not_recovered"
"2230","MERCH014","CUST0332","UPI","ICICI","PROCESSING_ERROR","PAYMENT_PROCESSING","591","2026-08-23 16:11:03","0","False","0.55","not_recovered"
"2231","MERCH017","CUST0291","CARD","AXIS","PROCESSING_ERROR","PAYMENT_PROCESSING","2529","2026-08-04 14:31:42","0","False","0.55","recovered"
"2232","MERCH042","CUST0739","UPI","HDFC","BANK_TIMEOUT","BANK_RESPONSE","8932","2026-08-06 10:43:27","1","True","0.48","recovered"
"2233","MERCH015","CUST0526","CARD","ICICI","CARD_BLOCKED","CARD_AUTHORIZATION","2545","2026-08-20 23:38:36","0","False","0.05","not_recovered"
"2234","MERCH005","CUST0509","CARD","ICICI","CUSTOMER_ACTION_REQUIRED","CUSTOMER_AUTHENTICATION","7760","2026-08-13 00:56:31","1","False","0.35","not_recovered"
"2235","MERCH027","CUST0320","UPI","HDFC","INSUFFICIENT_FUNDS","BANK_AUTHORIZATION","7545","2026-08-02 20:16:07","0","True","0.48","not_recovered"
"2236","MERCH050","CUST0574","UPI","ICICI","INSUFFICIENT_FUNDS","BANK_AUTHORIZATION","2003","2026-08-22 07:47:21","3","False","0.3","not_recovered"
"2237","MERCH021","CUST0355","UPI","ICICI","BANK_TIMEOUT","BANK_RESPONSE","6613","2026-08-07 13:18:41","2","True","0.43","not_recovered"
"2238","MERCH015","CUST0057","CARD","AXIS","PROCESSING_ERROR","PAYMENT_PROCESSING","981","2026-08-06 03:19:37","0","False","0.55","recovered"
"2239","MERCH006","CUST0031","UPI","HDFC","INSUFFICIENT_FUNDS","BANK_AUTHORIZATION","2183","2026-08-29 13:31:58","1","False","0.4","not_recovered"
"2240","MERCH023","CUST0092","UPI","SBI","BANK_TIMEOUT","BANK_RESPONSE","4433","2026-08-27 20:14:04","1","True","0.48","not_recovered"
"2241","MERCH028","CUST0770","CARD","HDFC","CARD_BLOCKED","CARD_AUTHORIZATION","4336","2026-08-17 03:34:20","0","True","0.08","not_recovered"
"2242","MERCH042","CUST0182","UPI","AXIS","PROCESSING_ERROR","PAYMENT_PROCESSING","3684","2026-08-16 13:20:44","0","False","0.55","recovered"
"2243","MERCH006","CUST0341","UPI","SBI","PROCESSING_ERROR","PAYMENT_PROCESSING","3458","2026-08-17 00:09:35","0","True","0.58","recovered"
"2244","MERCH036","CUST0985","CARD","SBI","PROCESSING_ERROR","PAYMENT_PROCESSING","6814","2026-08-27 23:02:17","0","False","0.55","not_recovered"
"2245","MERCH048","CUST0696","UPI","AXIS","BANK_TIMEOUT","BANK_RESPONSE","3102","2026-08-21 03:19:26","0","True","0.53","recovered"
"2246","MERCH027","CUST0721","CARD","ICICI","CARD_BLOCKED","CARD_AUTHORIZATION","6656","2026-08-09 09:50:30","2","False","0.0","not_recovered"
"2247","MERCH040","CUST0901","CARD","AXIS","CUSTOMER_ACTION_REQUIRED","CUSTOMER_AUTHENTICATION","7341","2026-08-26 18:56:05","2","False","0.3","not_recovered"
"2248","MERCH031","CUST0479","UPI","HDFC","PROCESSING_ERROR","PAYMENT_PROCESSING","3502","2026-08-19 13:18:03","0","False","0.55","not_recovered"
"2249","MERCH033","CUST0311","CARD","ICICI","CARD_BLOCKED","CARD_AUTHORIZATION","2157","2026-08-13 10:08:12","0","False","0.05","not_recovered"
"2250","MERCH004","CUST0315","CARD","AXIS","PROCESSING_ERROR","PAYMENT_PROCESSING","1909","2026-08-09 07:42:47","0","False","0.55","recovered"
"2251","MERCH017","CUST0620","CARD","HDFC","PROCESSING_ERROR","PAYMENT_PROCESSING","9518","2026-08-10 08:28:23","0","False","0.55","not_recovered"
"2252","MERCH019","CUST0659","UPI","SBI","INSUFFICIENT_FUNDS","BANK_AUTHORIZATION","8178","2026-08-11 11:50:58","0","True","0.48","recovered"
"2253","MERCH016","CUST0003","CARD","HDFC","INSUFFICIENT_FUNDS","BANK_AUTHORIZATION","5627","2026-08-30 11:37:27","1","False","0.4","unknown"
"2254","MERCH033","CUST0826","UPI","SBI","PROCESSING_ERROR","PAYMENT_PROCESSING","4642","2026-08-30 11:32:21","2","False","0.45","unknown"
"2255","MERCH026","CUST0415","CARD","SBI","INSUFFICIENT_FUNDS","BANK_AUTHORIZATION","1711","2026-08-06 21:23:23","3","True","0.33","recovered"
"2256","MERCH024","CUST0319","UPI","ICICI","INSUFFICIENT_FUNDS","BANK_AUTHORIZATION","3155","2026-08-13 23:55:57","2","True","0.38","not_recovered"
"2257","MERCH020","CUST0626","CARD","SBI","CUSTOMER_ACTION_REQUIRED","CUSTOMER_AUTHENTICATION","4027","2026-08-26 02:39:50","0","False","0.4","not_recovered"
"2258","MERCH033","CUST0395","UPI","SBI","INSUFFICIENT_FUNDS","BANK_AUTHORIZATION","1123","2026-08-11 18:55:58","0","False","0.45","not_recovered"
"2259","MERCH040","CUST0619","UPI","SBI","INSUFFICIENT_FUNDS","BANK_AUTHORIZATION","4622","2026-08-03 13:47:16","3","False","0.3","not_recovered"
"2260","MERCH031","CUST0833","UPI","HDFC","INSUFFICIENT_FUNDS","BANK_AUTHORIZATION","8232","2026-08-06 19:13:42","1","False","0.4","not_recovered"
"2261","MERCH027","CUST0047","UPI","AXIS","CUSTOMER_ACTION_REQUIRED","CUSTOMER_AUTHENTICATION","2649","2026-08-19 05:20:49","1","False","0.35","not_recovered"
"2262","MERCH004","CUST0740","CARD","SBI","PROCESSING_ERROR","PAYMENT_PROCESSING","4767","2026-08-24 15:41:51","2","False","0.45","recovered"
"2263","MERCH001","CUST0644","UPI","SBI","INSUFFICIENT_FUNDS","BANK_AUTHORIZATION","7268","2026-08-18 12:58:28","0","False","0.45","not_recovered"
"2264","MERCH002","CUST0484","UPI","AXIS","PROCESSING_ERROR","PAYMENT_PROCESSING","156","2026-08-24 21:32:23","0","False","0.55","not_recovered"
"2265","MERCH046","CUST0233","CARD","SBI","CARD_BLOCKED","CARD_AUTHORIZATION","1833","2026-08-22 17:12:07","0","False","0.05","not_recovered"
"2266","MERCH040","CUST0482","UPI","HDFC","CUSTOMER_ACTION_REQUIRED","CUSTOMER_AUTHENTICATION","9860","2026-08-30 13:09:40","1","False","0.35","unknown"
"2267","MERCH031","CUST0503","UPI","HDFC","PROCESSING_ERROR","PAYMENT_PROCESSING","3814","2026-08-03 22:58:27","0","False","0.55","not_recovered"
"2268","MERCH001","CUST0187","CARD","SBI","BANK_TIMEOUT","BANK_RESPONSE","9095","2026-08-19 18:48:46","1","False","0.45","not_recovered"
"2269","MERCH003","CUST0016","UPI","ICICI","BANK_TIMEOUT","BANK_RESPONSE","4903","2026-08-11 10:12:23","1","True","0.48","not_recovered"
"2270","MERCH012","CUST0167","UPI","AXIS","PROCESSING_ERROR","PAYMENT_PROCESSING","6398","2026-08-31 05:55:20","1","False","0.5","unknown"
"2271","MERCH023","CUST0868","CARD","ICICI","PROCESSING_ERROR","PAYMENT_PROCESSING","7835","2026-08-02 23:12:43","0","False","0.55","not_recovered"
"2272","MERCH005","CUST0448","UPI","HDFC","PROCESSING_ERROR","PAYMENT_PROCESSING","6074","2026-08-08 21:29:08","0","True","0.58","recovered"
"2273","MERCH027","CUST0917","CARD","HDFC","PROCESSING_ERROR","PAYMENT_PROCESSING","172","2026-08-25 07:38:23","2","False","0.45","recovered"
"2274","MERCH042","CUST0536","CARD","HDFC","INSUFFICIENT_FUNDS","BANK_AUTHORIZATION","3571","2026-08-07 11:04:45","1","False","0.4","not_recovered"
"2275","MERCH019","CUST0555","CARD","SBI","INSUFFICIENT_FUNDS","BANK_AUTHORIZATION","267","2026-08-16 15:11:19","2","False","0.35","not_recovered"
"2276","MERCH005","CUST0834","UPI","ICICI","CUSTOMER_ACTION_REQUIRED","CUSTOMER_AUTHENTICATION","867","2026-08-09 03:41:13","0","False","0.4","recovered"
"2277","MERCH047","CUST0374","CARD","ICICI","PROCESSING_ERROR","PAYMENT_PROCESSING","4115","2026-08-13 05:14:14","1","False","0.5","not_recovered"
"2278","MERCH015","CUST0318","UPI","SBI","INSUFFICIENT_FUNDS","BANK_AUTHORIZATION","379","2026-08-07 18:03:09","2","False","0.35","not_recovered"
"2279","MERCH017","CUST0788","UPI","AXIS","PROCESSING_ERROR","PAYMENT_PROCESSING","9688","2026-08-22 14:33:44","2","True","0.48","recovered"
"2280","MERCH036","CUST0346","CARD","SBI","INSUFFICIENT_FUNDS","BANK_AUTHORIZATION","1351","2026-08-23 19:10:10","2","False","0.35","recovered"
"2281","MERCH015","CUST0607","CARD","AXIS","PROCESSING_ERROR","PAYMENT_PROCESSING","5692","2026-08-19 14:05:14","0","False","0.55","not_recovered"
"2282","MERCH003","CUST0781","CARD","HDFC","INSUFFICIENT_FUNDS","BANK_AUTHORIZATION","6380","2026-08-02 21:58:27","0","False","0.45","recovered"
"2283","MERCH048","CUST0863","CARD","ICICI","PROCESSING_ERROR","PAYMENT_PROCESSING","7678","2026-08-24 17:54:59","0","False","0.55","recovered"
"2284","MERCH002","CUST0472","UPI","SBI","CUSTOMER_ACTION_REQUIRED","CUSTOMER_AUTHENTICATION","7699","2026-08-07 22:43:35","0","False","0.4","not_recovered"
"2285","MERCH031","CUST0545","UPI","AXIS","BANK_TIMEOUT","BANK_RESPONSE","1102","2026-08-12 12:15:21","0","False","0.5","not_recovered"
"2286","MERCH034","CUST0017","UPI","AXIS","INSUFFICIENT_FUNDS","BANK_AUTHORIZATION","1294","2026-08-16 15:31:20","0","False","0.45","not_recovered"
"2287","MERCH012","CUST0393","UPI","HDFC","PROCESSING_ERROR","PAYMENT_PROCESSING","5544","2026-08-14 14:24:34","1","False","0.5","not_recovered"
"2288","MERCH010","CUST0915","CARD","HDFC","PROCESSING_ERROR","PAYMENT_PROCESSING","5019","2026-08-04 05:14:11","0","False","0.55","recovered"
"2289","MERCH029","CUST0669","CARD","HDFC","INSUFFICIENT_FUNDS","BANK_AUTHORIZATION","1207","2026-08-12 00:37:17","3","False","0.3","not_recovered"
"2290","MERCH026","CUST0488","CARD","HDFC","PROCESSING_ERROR","PAYMENT_PROCESSING","2154","2026-08-12 13:51:28","2","False","0.45","not_recovered"
"2291","MERCH031","CUST0622","UPI","AXIS","CUSTOMER_ACTION_REQUIRED","CUSTOMER_AUTHENTICATION","594","2026-08-14 18:42:14","0","False","0.4","not_recovered"
"2292","MERCH038","CUST0696","UPI","HDFC","INSUFFICIENT_FUNDS","BANK_AUTHORIZATION","5582","2026-08-19 23:40:58","1","False","0.4","recovered"
"2293","MERCH002","CUST0704","UPI","AXIS","INSUFFICIENT_FUNDS","BANK_AUTHORIZATION","6950","2026-08-06 01:38:36","3","False","0.3","not_recovered"
"2294","MERCH028","CUST0975","CARD","SBI","INSUFFICIENT_FUNDS","BANK_AUTHORIZATION","5370","2026-08-21 23:25:30","0","False","0.45","not_recovered"
"2295","MERCH030","CUST0512","CARD","ICICI","INSUFFICIENT_FUNDS","BANK_AUTHORIZATION","7248","2026-08-05 17:40:54","1","False","0.4","recovered"
"2296","MERCH034","CUST0266","UPI","HDFC","PROCESSING_ERROR","PAYMENT_PROCESSING","6693","2026-08-08 07:44:17","0","False","0.55","recovered"
"2297","MERCH012","CUST0180","UPI","AXIS","INSUFFICIENT_FUNDS","BANK_AUTHORIZATION","1328","2026-08-24 13:31:04","2","False","0.35","not_recovered"
"2298","MERCH039","CUST0124","CARD","SBI","PROCESSING_ERROR","PAYMENT_PROCESSING","1037","2026-08-16 07:08:59","0","False","0.55","recovered"
"2299","MERCH019","CUST0275","CARD","HDFC","INSUFFICIENT_FUNDS","BANK_AUTHORIZATION","2979","2026-08-07 00:39:44","2","False","0.35","recovered"
"2300","MERCH038","CUST0878","UPI","HDFC","INSUFFICIENT_FUNDS","BANK_AUTHORIZATION","3052","2026-08-22 01:25:22","3","False","0.3","not_recovered"
"2301","MERCH001","CUST0098","CARD","HDFC","BANK_TIMEOUT","BANK_RESPONSE","4501","2026-08-26 01:14:51","2","True","0.43","not_recovered"
"2302","MERCH005","CUST0462","CARD","SBI","CARD_BLOCKED","CARD_AUTHORIZATION","1417","2026-08-21 10:06:22","2","False","0.0","not_recovered"
"2303","MERCH022","CUST0702","UPI","SBI","INSUFFICIENT_FUNDS","BANK_AUTHORIZATION","3348","2026-08-12 03:07:41","0","False","0.45","recovered"
"2304","MERCH018","CUST0386","UPI","SBI","CUSTOMER_ACTION_REQUIRED","CUSTOMER_AUTHENTICATION","7318","2026-08-09 18:18:29","1","False","0.35","not_recovered"
"2305","MERCH016","CUST0938","UPI","HDFC","CARD_BLOCKED","CARD_AUTHORIZATION","632","2026-08-21 07:21:08","1","False","0.0","not_recovered"
"2306","MERCH023","CUST0631","CARD","SBI","BANK_TIMEOUT","BANK_RESPONSE","3687","2026-08-31 08:32:22","0","False","0.5","unknown"
"2307","MERCH011","CUST0777","CARD","HDFC","PROCESSING_ERROR","PAYMENT_PROCESSING","1525","2026-08-09 18:29:22","2","True","0.48","recovered"
"2308","MERCH023","CUST0668","UPI","ICICI","CARD_BLOCKED","CARD_AUTHORIZATION","9327","2026-08-22 20:05:54","0","False","0.05","not_recovered"
"2309","MERCH029","CUST0405","CARD","HDFC","PROCESSING_ERROR","PAYMENT_PROCESSING","2823","2026-08-28 20:15:02","1","False","0.5","recovered"
"2310","MERCH032","CUST0272","CARD","SBI","PROCESSING_ERROR","PAYMENT_PROCESSING","109","2026-08-26 13:08:34","2","False","0.45","not_recovered"
"2311","MERCH027","CUST0767","CARD","ICICI","BANK_TIMEOUT","BANK_RESPONSE","455","2026-08-10 05:39:07","0","True","0.53","not_recovered"
"2312","MERCH007","CUST0579","UPI","SBI","INSUFFICIENT_FUNDS","BANK_AUTHORIZATION","1373","2026-08-20 00:42:59","1","False","0.4","not_recovered"
"2313","MERCH016","CUST0635","UPI","ICICI","INSUFFICIENT_FUNDS","BANK_AUTHORIZATION","9478","2026-08-03 16:18:21","1","True","0.43","recovered"
"2314","MERCH013","CUST0254","UPI","HDFC","INSUFFICIENT_FUNDS","BANK_AUTHORIZATION","2848","2026-08-13 21:04:16","0","True","0.48","not_recovered"
"2315","MERCH042","CUST0825","CARD","ICICI","CUSTOMER_ACTION_REQUIRED","CUSTOMER_AUTHENTICATION","1072","2026-08-07 12:15:46","1","False","0.35","not_recovered"
"2316","MERCH019","CUST0337","UPI","HDFC","CUSTOMER_ACTION_REQUIRED","CUSTOMER_AUTHENTICATION","9617","2026-08-26 11:32:40","2","False","0.3","recovered"
"2317","MERCH014","CUST0639","UPI","HDFC","INSUFFICIENT_FUNDS","BANK_AUTHORIZATION","2757","2026-08-16 07:10:03","2","False","0.35","recovered"
"2318","MERCH028","CUST0136","UPI","SBI","INSUFFICIENT_FUNDS","BANK_AUTHORIZATION","8920","2026-08-13 04:32:31","0","False","0.45","not_recovered"
"2319","MERCH049","CUST0277","UPI","HDFC","CUSTOMER_ACTION_REQUIRED","CUSTOMER_AUTHENTICATION","1042","2026-08-23 13:40:59","1","False","0.35","not_recovered"
"2320","MERCH040","CUST0616","UPI","SBI","INSUFFICIENT_FUNDS","BANK_AUTHORIZATION","4076","2026-08-26 02:21:46","0","True","0.48","recovered"
"2321","MERCH038","CUST0381","CARD","HDFC","INSUFFICIENT_FUNDS","BANK_AUTHORIZATION","343","2026-08-20 15:18:42","0","False","0.45","recovered"
"2322","MERCH006","CUST0580","UPI","AXIS","INSUFFICIENT_FUNDS","BANK_AUTHORIZATION","1702","2026-08-30 10:41:21","0","False","0.45","unknown"
"2323","MERCH005","CUST0720","UPI","SBI","PROCESSING_ERROR","PAYMENT_PROCESSING","3903","2026-08-21 10:56:42","0","False","0.55","not_recovered"
"2324","MERCH031","CUST0327","UPI","AXIS","INSUFFICIENT_FUNDS","BANK_AUTHORIZATION","1785","2026-08-08 21:17:13","1","False","0.4","not_recovered"
"2325","MERCH029","CUST0829","UPI","SBI","INSUFFICIENT_FUNDS","BANK_AUTHORIZATION","9817","2026-08-09 16:28:42","1","False","0.4","not_recovered"
"2326","MERCH021","CUST0896","UPI","ICICI","INSUFFICIENT_FUNDS","BANK_AUTHORIZATION","2823","2026-08-07 03:22:34","0","False","0.45","not_recovered"
"2327","MERCH023","CUST0011","CARD","SBI","INSUFFICIENT_FUNDS","BANK_AUTHORIZATION","2386","2026-08-06 20:56:11","1","True","0.43","recovered"
"2328","MERCH004","CUST0530","CARD","AXIS","CUSTOMER_ACTION_REQUIRED","CUSTOMER_AUTHENTICATION","7652","2026-08-08 18:42:46","0","False","0.4","recovered"
"2329","MERCH045","CUST0760","CARD","HDFC","INSUFFICIENT_FUNDS","BANK_AUTHORIZATION","1630","2026-08-26 08:32:39","0","False","0.45","recovered"
"2330","MERCH044","CUST0330","UPI","HDFC","BANK_TIMEOUT","BANK_RESPONSE","221","2026-08-16 16:27:03","1","False","0.45","recovered"
"2331","MERCH032","CUST0650","CARD","HDFC","CARD_BLOCKED","CARD_AUTHORIZATION","3941","2026-08-10 06:14:44","1","False","0.0","not_recovered"
"2332","MERCH007","CUST0367","UPI","HDFC","INSUFFICIENT_FUNDS","BANK_AUTHORIZATION","8994","2026-08-16 01:41:00","3","False","0.3","not_recovered"
"2333","MERCH022","CUST0652","CARD","HDFC","CUSTOMER_ACTION_REQUIRED","CUSTOMER_AUTHENTICATION","8971","2026-08-10 08:09:25","3","False","0.25","not_recovered"
"2334","MERCH031","CUST0139","CARD","HDFC","INSUFFICIENT_FUNDS","BANK_AUTHORIZATION","8421","2026-08-14 22:03:31","0","True","0.48","not_recovered"
"2335","MERCH011","CUST0372","CARD","HDFC","CUSTOMER_ACTION_REQUIRED","CUSTOMER_AUTHENTICATION","5324","2026-08-20 02:50:49","0","False","0.4","recovered"
"2336","MERCH011","CUST0177","UPI","ICICI","INSUFFICIENT_FUNDS","BANK_AUTHORIZATION","1841","2026-08-27 21:19:13","0","False","0.45","not_recovered"
"2337","MERCH041","CUST0416","UPI","ICICI","PROCESSING_ERROR","PAYMENT_PROCESSING","9151","2026-08-21 23:04:12","0","False","0.55","not_recovered"
"2338","MERCH042","CUST0014","UPI","HDFC","BANK_TIMEOUT","BANK_RESPONSE","4125","2026-08-15 06:40:55","0","False","0.5","recovered"
"2339","MERCH001","CUST0807","UPI","AXIS","PROCESSING_ERROR","PAYMENT_PROCESSING","7364","2026-08-03 22:19:14","0","False","0.55","recovered"
"2340","MERCH022","CUST0848","UPI","ICICI","PROCESSING_ERROR","PAYMENT_PROCESSING","3132","2026-08-05 05:46:23","0","False","0.55","recovered"
"2341","MERCH046","CUST0238","UPI","SBI","BANK_TIMEOUT","BANK_RESPONSE","1482","2026-08-29 21:49:52","0","False","0.5","recovered"
"2342","MERCH040","CUST0182","UPI","HDFC","INSUFFICIENT_FUNDS","BANK_AUTHORIZATION","7696","2026-08-06 13:06:20","0","False","0.45","recovered"
"2343","MERCH001","CUST0712","UPI","AXIS","CARD_BLOCKED","CARD_AUTHORIZATION","8765","2026-08-08 23:16:00","0","False","0.05","not_recovered"
"2344","MERCH018","CUST0410","UPI","AXIS","CUSTOMER_ACTION_REQUIRED","CUSTOMER_AUTHENTICATION","999","2026-08-25 00:15:06","3","False","0.25","not_recovered"
"2345","MERCH014","CUST0726","CARD","SBI","INSUFFICIENT_FUNDS","BANK_AUTHORIZATION","5434","2026-08-13 01:57:10","0","True","0.48","recovered"
"2346","MERCH029","CUST0846","CARD","HDFC","CUSTOMER_ACTION_REQUIRED","CUSTOMER_AUTHENTICATION","1923","2026-08-11 23:31:30","3","False","0.25","not_recovered"
"2347","MERCH008","CUST0013","CARD","ICICI","BANK_TIMEOUT","BANK_RESPONSE","7231","2026-08-16 13:08:28","0","False","0.5","recovered"
"2348","MERCH023","CUST0283","CARD","SBI","CUSTOMER_ACTION_REQUIRED","CUSTOMER_AUTHENTICATION","3321","2026-08-24 07:40:01","0","False","0.4","not_recovered"
"2349","MERCH034","CUST0371","CARD","AXIS","CUSTOMER_ACTION_REQUIRED","CUSTOMER_AUTHENTICATION","618","2026-08-22 11:39:13","2","False","0.3","recovered"
"2350","MERCH019","CUST0185","UPI","ICICI","CUSTOMER_ACTION_REQUIRED","CUSTOMER_AUTHENTICATION","1238","2026-08-24 23:31:45","0","False","0.4","not_recovered"
"2351","MERCH029","CUST0021","UPI","AXIS","BANK_TIMEOUT","BANK_RESPONSE","9350","2026-08-11 03:57:04","0","False","0.5","recovered"
"2352","MERCH011","CUST0294","UPI","AXIS","INSUFFICIENT_FUNDS","BANK_AUTHORIZATION","4479","2026-08-05 18:36:28","1","True","0.43","recovered"
"2353","MERCH028","CUST0800","CARD","HDFC","PROCESSING_ERROR","PAYMENT_PROCESSING","6468","2026-08-29 19:07:36","0","False","0.55","not_recovered"
"2354","MERCH011","CUST0368","CARD","ICICI","BANK_TIMEOUT","BANK_RESPONSE","6301","2026-08-08 15:24:05","0","False","0.5","recovered"
"2355","MERCH030","CUST0178","UPI","AXIS","BANK_TIMEOUT","BANK_RESPONSE","4461","2026-08-05 01:39:20","1","False","0.45","recovered"
"2356","MERCH022","CUST0233","CARD","ICICI","PROCESSING_ERROR","PAYMENT_PROCESSING","4489","2026-08-10 11:10:07","0","False","0.55","recovered"
"2357","MERCH050","CUST0605","UPI","SBI","PROCESSING_ERROR","PAYMENT_PROCESSING","3710","2026-08-25 03:41:36","0","False","0.55","recovered"
"2358","MERCH020","CUST0501","CARD","SBI","INSUFFICIENT_FUNDS","BANK_AUTHORIZATION","7564","2026-08-26 12:35:15","3","False","0.3","recovered"
"2359","MERCH030","CUST0053","CARD","AXIS","INSUFFICIENT_FUNDS","BANK_AUTHORIZATION","7495","2026-08-19 01:24:49","2","False","0.35","not_recovered"
"2360","MERCH030","CUST0135","CARD","HDFC","PROCESSING_ERROR","PAYMENT_PROCESSING","1200","2026-08-19 20:27:05","1","False","0.5","recovered"
"2361","MERCH024","CUST0837","UPI","SBI","INSUFFICIENT_FUNDS","BANK_AUTHORIZATION","7888","2026-08-10 02:29:45","1","True","0.43","not_recovered"
"2362","MERCH020","CUST0343","UPI","AXIS","BANK_TIMEOUT","BANK_RESPONSE","9309","2026-08-20 16:37:33","0","False","0.5","recovered"
"2363","MERCH049","CUST0904","CARD","SBI","INSUFFICIENT_FUNDS","BANK_AUTHORIZATION","698","2026-08-13 01:30:55","1","False","0.4","not_recovered"
"2364","MERCH038","CUST0522","UPI","HDFC","INSUFFICIENT_FUNDS","BANK_AUTHORIZATION","8014","2026-08-23 08:40:26","1","True","0.43","recovered"
"2365","MERCH045","CUST0811","UPI","HDFC","INSUFFICIENT_FUNDS","BANK_AUTHORIZATION","3104","2026-08-22 10:04:08","0","False","0.45","not_recovered"
"2366","MERCH042","CUST0288","UPI","SBI","BANK_TIMEOUT","BANK_RESPONSE","7507","2026-08-26 15:57:43","1","False","0.45","recovered"
"2367","MERCH049","CUST0338","UPI","AXIS","PROCESSING_ERROR","PAYMENT_PROCESSING","3462","2026-08-29 19:10:30","0","False","0.55","not_recovered"
"2368","MERCH045","CUST0528","CARD","AXIS","INSUFFICIENT_FUNDS","BANK_AUTHORIZATION","5259","2026-08-17 15:55:04","2","False","0.35","not_recovered"
"2369","MERCH037","CUST0142","UPI","SBI","BANK_TIMEOUT","BANK_RESPONSE","1061","2026-08-14 17:40:24","1","False","0.45","not_recovered"
"2370","MERCH049","CUST0080","CARD","AXIS","INSUFFICIENT_FUNDS","BANK_AUTHORIZATION","6502","2026-08-11 23:55:44","0","True","0.48","recovered"
"2371","MERCH049","CUST0167","UPI","AXIS","INSUFFICIENT_FUNDS","BANK_AUTHORIZATION","9606","2026-08-30 05:19:36","0","False","0.45","unknown"
"2372","MERCH040","CUST0083","UPI","AXIS","INSUFFICIENT_FUNDS","BANK_AUTHORIZATION","2621","2026-08-22 07:47:49","1","False","0.4","not_recovered"
"2373","MERCH050","CUST0824","UPI","AXIS","INSUFFICIENT_FUNDS","BANK_AUTHORIZATION","199","2026-08-27 22:01:51","0","False","0.45","not_recovered"
"2374","MERCH011","CUST0415","CARD","HDFC","INSUFFICIENT_FUNDS","BANK_AUTHORIZATION","9788","2026-08-27 23:58:30","1","False","0.4","not_recovered"
"2375","MERCH006","CUST0691","UPI","ICICI","INSUFFICIENT_FUNDS","BANK_AUTHORIZATION","9955","2026-08-02 22:27:36","0","False","0.45","not_recovered"
"2376","MERCH027","CUST0461","UPI","AXIS","PROCESSING_ERROR","PAYMENT_PROCESSING","1140","2026-08-31 22:46:32","0","False","0.55","unknown"
"2377","MERCH013","CUST0003","CARD","ICICI","CARD_BLOCKED","CARD_AUTHORIZATION","8791","2026-08-09 21:13:00","3","False","0.0","not_recovered"
"2378","MERCH033","CUST0761","CARD","HDFC","CUSTOMER_ACTION_REQUIRED","CUSTOMER_AUTHENTICATION","2503","2026-08-05 15:46:58","0","False","0.4","not_recovered"
"2379","MERCH033","CUST0881","UPI","AXIS","BANK_TIMEOUT","BANK_RESPONSE","4541","2026-08-12 18:24:31","1","False","0.45","not_recovered"
"2380","MERCH038","CUST0885","UPI","SBI","PROCESSING_ERROR","PAYMENT_PROCESSING","4238","2026-08-30 04:49:09","2","False","0.45","unknown"
"2381","MERCH042","CUST0524","UPI","ICICI","INSUFFICIENT_FUNDS","BANK_AUTHORIZATION","7452","2026-08-04 06:02:17","0","True","0.48","not_recovered"
"2382","MERCH010","CUST0423","CARD","SBI","PROCESSING_ERROR","PAYMENT_PROCESSING","885","2026-08-11 21:11:46","0","False","0.55","recovered"
"2383","MERCH041","CUST0920","UPI","AXIS","INSUFFICIENT_FUNDS","BANK_AUTHORIZATION","2561","2026-08-27 15:58:15","0","False","0.45","not_recovered"
"2384","MERCH042","CUST0892","CARD","ICICI","CUSTOMER_ACTION_REQUIRED","CUSTOMER_AUTHENTICATION","5445","2026-08-03 11:10:29","1","True","0.38","recovered"
"2385","MERCH033","CUST0676","CARD","HDFC","BANK_TIMEOUT","BANK_RESPONSE","7750","2026-08-15 09:06:32","0","False","0.5","recovered"
"2386","MERCH038","CUST0702","UPI","AXIS","CUSTOMER_ACTION_REQUIRED","CUSTOMER_AUTHENTICATION","2909","2026-08-24 22:12:31","0","True","0.43","not_recovered"
"2387","MERCH034","CUST0137","UPI","HDFC","BANK_TIMEOUT","BANK_RESPONSE","7575","2026-08-04 18:11:54","1","False","0.45","not_recovered"
"2388","MERCH027","CUST0200","CARD","ICICI","INSUFFICIENT_FUNDS","BANK_AUTHORIZATION","5442","2026-08-30 21:03:52","0","False","0.45","unknown"
"2389","MERCH042","CUST0260","CARD","AXIS","CUSTOMER_ACTION_REQUIRED","CUSTOMER_AUTHENTICATION","1430","2026-08-10 16:08:01","0","False","0.4","not_recovered"
"2390","MERCH043","CUST0147","CARD","HDFC","BANK_TIMEOUT","BANK_RESPONSE","6226","2026-08-12 10:26:04","0","True","0.53","recovered"
"2391","MERCH010","CUST0980","UPI","AXIS","PROCESSING_ERROR","PAYMENT_PROCESSING","246","2026-08-10 20:47:26","1","False","0.5","recovered"
"2392","MERCH046","CUST0061","UPI","AXIS","BANK_TIMEOUT","BANK_RESPONSE","7454","2026-08-02 00:53:46","0","False","0.5","recovered"
"2393","MERCH021","CUST0137","CARD","SBI","PROCESSING_ERROR","PAYMENT_PROCESSING","3742","2026-08-22 15:03:39","0","False","0.55","not_recovered"
"2394","MERCH029","CUST0809","CARD","ICICI","BANK_TIMEOUT","BANK_RESPONSE","4082","2026-08-21 10:09:33","2","False","0.4","not_recovered"
"2395","MERCH033","CUST0560","UPI","SBI","PROCESSING_ERROR","PAYMENT_PROCESSING","9438","2026-08-23 22:20:58","3","False","0.4","recovered"
"2396","MERCH046","CUST0410","CARD","HDFC","CARD_BLOCKED","CARD_AUTHORIZATION","2183","2026-08-13 04:55:33","0","False","0.05","not_recovered"
"2397","MERCH039","CUST0795","CARD","ICICI","PROCESSING_ERROR","PAYMENT_PROCESSING","2219","2026-08-20 02:22:55","1","False","0.5","recovered"
"2398","MERCH043","CUST0927","UPI","HDFC","BANK_TIMEOUT","BANK_RESPONSE","4303","2026-08-11 00:42:00","1","False","0.45","recovered"
"2399","MERCH027","CUST0578","UPI","SBI","PROCESSING_ERROR","PAYMENT_PROCESSING","6623","2026-08-05 12:40:06","3","False","0.4","not_recovered"
"2400","MERCH027","CUST0182","UPI","ICICI","PROCESSING_ERROR","PAYMENT_PROCESSING","9766","2026-08-31 04:00:13","1","True","0.53","unknown"
"2401","MERCH048","CUST0618","UPI","HDFC","INSUFFICIENT_FUNDS","BANK_AUTHORIZATION","9157","2026-08-25 04:16:49","2","False","0.35","not_recovered"
"2402","MERCH046","CUST0508","CARD","HDFC","PROCESSING_ERROR","PAYMENT_PROCESSING","7207","2026-08-02 14:23:50","0","False","0.55","recovered"
"2403","MERCH004","CUST0536","CARD","HDFC","INSUFFICIENT_FUNDS","BANK_AUTHORIZATION","3379","2026-08-31 06:41:19","0","True","0.48","unknown"
"2404","MERCH049","CUST0614","UPI","HDFC","CARD_BLOCKED","CARD_AUTHORIZATION","6693","2026-08-02 11:28:06","0","False","0.05","not_recovered"
"2405","MERCH004","CUST0669","CARD","AXIS","INSUFFICIENT_FUNDS","BANK_AUTHORIZATION","1203","2026-08-16 19:18:13","1","False","0.4","not_recovered"
"2406","MERCH019","CUST0749","UPI","HDFC","INSUFFICIENT_FUNDS","BANK_AUTHORIZATION","373","2026-08-11 21:49:23","0","False","0.45","recovered"
"2407","MERCH041","CUST0864","CARD","HDFC","INSUFFICIENT_FUNDS","BANK_AUTHORIZATION","8949","2026-08-23 02:33:14","1","False","0.4","recovered"
"2408","MERCH011","CUST0761","UPI","ICICI","CUSTOMER_ACTION_REQUIRED","CUSTOMER_AUTHENTICATION","5498","2026-08-09 08:18:51","0","True","0.43","recovered"
"2409","MERCH015","CUST0032","CARD","AXIS","PROCESSING_ERROR","PAYMENT_PROCESSING","1776","2026-08-14 16:06:32","1","False","0.5","recovered"
"2410","MERCH037","CUST0963","UPI","ICICI","PROCESSING_ERROR","PAYMENT_PROCESSING","2257","2026-08-02 05:01:33","0","False","0.55","recovered"
"2411","MERCH001","CUST0460","CARD","AXIS","INSUFFICIENT_FUNDS","BANK_AUTHORIZATION","8721","2026-08-22 21:42:03","1","False","0.4","recovered"
"2412","MERCH049","CUST0668","CARD","SBI","INSUFFICIENT_FUNDS","BANK_AUTHORIZATION","5135","2026-08-25 19:46:05","0","False","0.45","recovered"
"2413","MERCH005","CUST0673","UPI","AXIS","BANK_TIMEOUT","BANK_RESPONSE","5273","2026-08-21 15:30:52","0","True","0.53","recovered"
"2414","MERCH013","CUST0658","UPI","SBI","PROCESSING_ERROR","PAYMENT_PROCESSING","5828","2026-08-05 00:21:47","0","True","0.58","recovered"
"2415","MERCH043","CUST0184","UPI","HDFC","BANK_TIMEOUT","BANK_RESPONSE","9665","2026-08-31 00:16:40","1","False","0.45","unknown"
"2416","MERCH034","CUST0496","UPI","HDFC","PROCESSING_ERROR","PAYMENT_PROCESSING","3210","2026-08-16 11:30:34","1","False","0.5","not_recovered"
"2417","MERCH020","CUST0282","CARD","ICICI","PROCESSING_ERROR","PAYMENT_PROCESSING","101","2026-08-15 03:39:37","0","True","0.58","not_recovered"
"2418","MERCH035","CUST0426","UPI","HDFC","INSUFFICIENT_FUNDS","BANK_AUTHORIZATION","1176","2026-08-02 05:59:11","1","False","0.4","recovered"
"2419","MERCH050","CUST0776","UPI","AXIS","BANK_TIMEOUT","BANK_RESPONSE","9231","2026-08-19 08:15:40","0","False","0.5","not_recovered"
"2420","MERCH011","CUST0885","CARD","SBI","INSUFFICIENT_FUNDS","BANK_AUTHORIZATION","6383","2026-08-11 08:22:42","3","True","0.33","not_recovered"
"2421","MERCH036","CUST0814","CARD","SBI","INSUFFICIENT_FUNDS","BANK_AUTHORIZATION","9022","2026-08-05 20:06:15","1","False","0.4","recovered"
"2422","MERCH029","CUST0267","CARD","AXIS","BANK_TIMEOUT","BANK_RESPONSE","4177","2026-08-31 05:42:14","1","False","0.45","unknown"
"2423","MERCH004","CUST0663","CARD","AXIS","INSUFFICIENT_FUNDS","BANK_AUTHORIZATION","4770","2026-08-02 13:10:28","1","False","0.4","not_recovered"
"2424","MERCH046","CUST0319","CARD","ICICI","INSUFFICIENT_FUNDS","BANK_AUTHORIZATION","4626","2026-08-02 21:24:30","3","False","0.3","not_recovered"
"2425","MERCH046","CUST0560","UPI","HDFC","INSUFFICIENT_FUNDS","BANK_AUTHORIZATION","8941","2026-08-03 04:07:03","1","False","0.4","recovered"
"2426","MERCH011","CUST0786","UPI","HDFC","PROCESSING_ERROR","PAYMENT_PROCESSING","9012","2026-08-28 22:15:08","0","False","0.55","not_recovered"
"2427","MERCH045","CUST0762","UPI","AXIS","PROCESSING_ERROR","PAYMENT_PROCESSING","303","2026-08-09 08:34:14","0","True","0.58","not_recovered"
"2428","MERCH006","CUST0995","CARD","ICICI","BANK_TIMEOUT","BANK_RESPONSE","9935","2026-08-12 00:45:38","2","False","0.4","recovered"
"2429","MERCH027","CUST0136","UPI","SBI","CARD_BLOCKED","CARD_AUTHORIZATION","7774","2026-08-16 13:30:11","0","True","0.08","not_recovered"
"2430","MERCH004","CUST0781","CARD","AXIS","INSUFFICIENT_FUNDS","BANK_AUTHORIZATION","9248","2026-08-25 10:41:54","3","True","0.33","recovered"
"2431","MERCH044","CUST0733","UPI","SBI","PROCESSING_ERROR","PAYMENT_PROCESSING","4722","2026-08-12 19:03:56","0","True","0.58","not_recovered"
"2432","MERCH010","CUST0831","CARD","AXIS","INSUFFICIENT_FUNDS","BANK_AUTHORIZATION","5593","2026-08-28 01:46:58","0","False","0.45","recovered"
"2433","MERCH011","CUST0820","CARD","HDFC","INSUFFICIENT_FUNDS","BANK_AUTHORIZATION","2054","2026-08-07 09:50:06","1","False","0.4","recovered"
"2434","MERCH030","CUST0818","UPI","HDFC","INSUFFICIENT_FUNDS","BANK_AUTHORIZATION","3800","2026-08-31 03:46:21","2","False","0.35","unknown"
"2435","MERCH031","CUST0489","CARD","ICICI","BANK_TIMEOUT","BANK_RESPONSE","4954","2026-08-25 07:31:44","1","False","0.45","recovered"
"2436","MERCH035","CUST0696","UPI","HDFC","INSUFFICIENT_FUNDS","BANK_AUTHORIZATION","1140","2026-08-16 01:01:49","0","True","0.48","not_recovered"
"2437","MERCH022","CUST0747","UPI","ICICI","PROCESSING_ERROR","PAYMENT_PROCESSING","8061","2026-08-20 19:27:13","3","True","0.43","recovered"
"2438","MERCH016","CUST0335","CARD","SBI","PROCESSING_ERROR","PAYMENT_PROCESSING","322","2026-08-08 16:37:39","1","True","0.53","not_recovered"
"2439","MERCH002","CUST0133","CARD","AXIS","CUSTOMER_ACTION_REQUIRED","CUSTOMER_AUTHENTICATION","7446","2026-08-02 06:55:04","0","False","0.4","not_recovered"
"2440","MERCH022","CUST0951","UPI","AXIS","INSUFFICIENT_FUNDS","BANK_AUTHORIZATION","6591","2026-08-21 05:09:06","0","False","0.45","recovered"
"2441","MERCH009","CUST0749","UPI","AXIS","INSUFFICIENT_FUNDS","BANK_AUTHORIZATION","231","2026-08-28 10:59:33","1","True","0.43","recovered"
"2442","MERCH003","CUST0607","UPI","HDFC","INSUFFICIENT_FUNDS","BANK_AUTHORIZATION","3987","2026-08-03 09:34:08","0","True","0.48","not_recovered"
"2443","MERCH022","CUST0162","UPI","AXIS","BANK_TIMEOUT","BANK_RESPONSE","9413","2026-08-24 16:39:58","1","False","0.45","not_recovered"
"2444","MERCH037","CUST0665","UPI","AXIS","INSUFFICIENT_FUNDS","BANK_AUTHORIZATION","8839","2026-08-22 21:25:57","0","False","0.45","not_recovered"
"2445","MERCH032","CUST0957","CARD","ICICI","INSUFFICIENT_FUNDS","BANK_AUTHORIZATION","4578","2026-08-30 16:01:26","3","True","0.33","unknown"
"2446","MERCH019","CUST0766","CARD","ICICI","CARD_BLOCKED","CARD_AUTHORIZATION","3788","2026-08-26 22:36:51","0","False","0.05","not_recovered"
"2447","MERCH008","CUST0736","CARD","ICICI","BANK_TIMEOUT","BANK_RESPONSE","8773","2026-08-12 06:15:13","0","False","0.5","recovered"
"2448","MERCH022","CUST0408","CARD","HDFC","CUSTOMER_ACTION_REQUIRED","CUSTOMER_AUTHENTICATION","9883","2026-08-20 00:14:24","0","False","0.4","not_recovered"
"2449","MERCH021","CUST0717","CARD","AXIS","INSUFFICIENT_FUNDS","BANK_AUTHORIZATION","6791","2026-08-06 23:28:41","2","False","0.35","recovered"
"2450","MERCH028","CUST0032","CARD","SBI","INSUFFICIENT_FUNDS","BANK_AUTHORIZATION","2627","2026-08-22 11:11:55","2","False","0.35","recovered"
"2451","MERCH023","CUST0819","UPI","ICICI","PROCESSING_ERROR","PAYMENT_PROCESSING","545","2026-08-05 10:43:41","0","True","0.58","recovered"
"2452","MERCH029","CUST0236","UPI","AXIS","PROCESSING_ERROR","PAYMENT_PROCESSING","1638","2026-08-17 08:12:20","0","False","0.55","recovered"
"2453","MERCH004","CUST0383","UPI","HDFC","INSUFFICIENT_FUNDS","BANK_AUTHORIZATION","1329","2026-08-12 03:43:21","0","False","0.45","recovered"
"2454","MERCH017","CUST0058","CARD","ICICI","BANK_TIMEOUT","BANK_RESPONSE","6086","2026-08-12 09:05:17","0","False","0.5","not_recovered"
"2455","MERCH030","CUST0598","UPI","ICICI","BANK_TIMEOUT","BANK_RESPONSE","2117","2026-08-29 19:12:30","3","True","0.38","not_recovered"
"2456","MERCH034","CUST0653","CARD","AXIS","CARD_BLOCKED","CARD_AUTHORIZATION","5020","2026-08-21 15:24:41","1","False","0.0","not_recovered"
"2457","MERCH008","CUST0568","UPI","HDFC","CUSTOMER_ACTION_REQUIRED","CUSTOMER_AUTHENTICATION","8208","2026-08-14 19:23:58","1","False","0.35","not_recovered"
"2458","MERCH001","CUST0384","CARD","SBI","BANK_TIMEOUT","BANK_RESPONSE","4079","2026-08-25 05:13:24","2","False","0.4","recovered"
"2459","MERCH017","CUST0251","UPI","SBI","PROCESSING_ERROR","PAYMENT_PROCESSING","2786","2026-08-03 05:44:54","1","False","0.5","recovered"
"2460","MERCH013","CUST0871","UPI","AXIS","INSUFFICIENT_FUNDS","BANK_AUTHORIZATION","2283","2026-08-12 05:03:21","1","False","0.4","recovered"
"2461","MERCH003","CUST0191","UPI","ICICI","INSUFFICIENT_FUNDS","BANK_AUTHORIZATION","2784","2026-08-21 03:57:20","3","False","0.3","not_recovered"
"2462","MERCH040","CUST0881","UPI","ICICI","INSUFFICIENT_FUNDS","BANK_AUTHORIZATION","7856","2026-08-13 11:50:31","1","False","0.4","recovered"
"2463","MERCH035","CUST0889","CARD","HDFC","INSUFFICIENT_FUNDS","BANK_AUTHORIZATION","4004","2026-08-10 20:27:57","0","True","0.48","not_recovered"
"2464","MERCH001","CUST0067","CARD","HDFC","INSUFFICIENT_FUNDS","BANK_AUTHORIZATION","2970","2026-08-27 01:29:35","0","True","0.48","not_recovered"
"2465","MERCH032","CUST0676","UPI","HDFC","CUSTOMER_ACTION_REQUIRED","CUSTOMER_AUTHENTICATION","248","2026-08-25 11:03:07","0","False","0.4","recovered"
"2466","MERCH018","CUST0707","CARD","HDFC","CUSTOMER_ACTION_REQUIRED","CUSTOMER_AUTHENTICATION","1043","2026-08-23 11:37:34","0","False","0.4","not_recovered"
"2467","MERCH005","CUST0207","UPI","SBI","INSUFFICIENT_FUNDS","BANK_AUTHORIZATION","6544","2026-08-15 19:17:13","3","False","0.3","recovered"
"2468","MERCH050","CUST0777","CARD","HDFC","CUSTOMER_ACTION_REQUIRED","CUSTOMER_AUTHENTICATION","8173","2026-08-23 19:35:21","0","False","0.4","not_recovered"
"2469","MERCH027","CUST0908","UPI","AXIS","PROCESSING_ERROR","PAYMENT_PROCESSING","4994","2026-08-25 05:04:34","0","False","0.55","recovered"
"2470","MERCH036","CUST0371","UPI","HDFC","PROCESSING_ERROR","PAYMENT_PROCESSING","666","2026-08-18 06:22:15","1","True","0.53","recovered"
"2471","MERCH020","CUST0139","CARD","SBI","BANK_TIMEOUT","BANK_RESPONSE","715","2026-08-24 22:59:16","1","False","0.45","recovered"
"2472","MERCH032","CUST0277","UPI","AXIS","PROCESSING_ERROR","PAYMENT_PROCESSING","6110","2026-08-26 13:55:42","0","False","0.55","recovered"
"2473","MERCH037","CUST0949","UPI","AXIS","CUSTOMER_ACTION_REQUIRED","CUSTOMER_AUTHENTICATION","325","2026-08-03 22:36:53","0","False","0.4","not_recovered"
"2474","MERCH043","CUST0366","CARD","ICICI","CARD_BLOCKED","CARD_AUTHORIZATION","1262","2026-08-15 17:23:52","1","False","0.0","not_recovered"
"2475","MERCH042","CUST0601","UPI","SBI","PROCESSING_ERROR","PAYMENT_PROCESSING","3664","2026-08-30 11:59:29","1","False","0.5","unknown"
"2476","MERCH032","CUST0767","CARD","SBI","INSUFFICIENT_FUNDS","BANK_AUTHORIZATION","8391","2026-08-22 17:46:53","0","False","0.45","not_recovered"
"2477","MERCH021","CUST0015","CARD","HDFC","INSUFFICIENT_FUNDS","BANK_AUTHORIZATION","6931","2026-08-23 04:34:51","0","True","0.48","not_recovered"
"2478","MERCH038","CUST0264","CARD","SBI","INSUFFICIENT_FUNDS","BANK_AUTHORIZATION","2671","2026-08-28 14:31:39","1","False","0.4","not_recovered"
"2479","MERCH042","CUST0077","UPI","ICICI","BANK_TIMEOUT","BANK_RESPONSE","9314","2026-08-18 11:28:10","0","True","0.53","not_recovered"
"2480","MERCH012","CUST0702","CARD","AXIS","BANK_TIMEOUT","BANK_RESPONSE","2776","2026-08-08 16:09:53","2","False","0.4","not_recovered"
"2481","MERCH046","CUST0938","CARD","AXIS","INSUFFICIENT_FUNDS","BANK_AUTHORIZATION","2747","2026-08-18 13:18:11","0","False","0.45","not_recovered"
"2482","MERCH032","CUST0066","UPI","HDFC","INSUFFICIENT_FUNDS","BANK_AUTHORIZATION","8715","2026-08-28 12:10:41","1","True","0.43","not_recovered"
"2483","MERCH019","CUST0070","CARD","SBI","PROCESSING_ERROR","PAYMENT_PROCESSING","1362","2026-08-11 16:56:00","1","False","0.5","not_recovered"
"2484","MERCH026","CUST0314","CARD","ICICI","PROCESSING_ERROR","PAYMENT_PROCESSING","5417","2026-08-27 00:23:03","0","False","0.55","recovered"
"2485","MERCH050","CUST0816","CARD","HDFC","CUSTOMER_ACTION_REQUIRED","CUSTOMER_AUTHENTICATION","8973","2026-08-13 17:18:00","3","False","0.25","not_recovered"
"2486","MERCH029","CUST0158","UPI","AXIS","CUSTOMER_ACTION_REQUIRED","CUSTOMER_AUTHENTICATION","930","2026-08-28 08:38:40","0","False","0.4","not_recovered"
"2487","MERCH025","CUST0411","UPI","SBI","INSUFFICIENT_FUNDS","BANK_AUTHORIZATION","5386","2026-08-19 07:09:10","2","False","0.35","not_recovered"
"2488","MERCH027","CUST0974","CARD","ICICI","PROCESSING_ERROR","PAYMENT_PROCESSING","8664","2026-08-21 08:23:57","0","False","0.55","recovered"
"2489","MERCH032","CUST0361","UPI","HDFC","INSUFFICIENT_FUNDS","BANK_AUTHORIZATION","7160","2026-08-15 07:55:44","0","True","0.48","not_recovered"
"2490","MERCH022","CUST0534","CARD","HDFC","INSUFFICIENT_FUNDS","BANK_AUTHORIZATION","1041","2026-08-19 08:25:00","0","False","0.45","recovered"
"2491","MERCH007","CUST0158","UPI","ICICI","CUSTOMER_ACTION_REQUIRED","CUSTOMER_AUTHENTICATION","4360","2026-08-05 08:03:15","1","False","0.35","not_recovered"
"2492","MERCH019","CUST0006","UPI","HDFC","INSUFFICIENT_FUNDS","BANK_AUTHORIZATION","6760","2026-08-27 22:38:00","3","True","0.33","not_recovered"
"2493","MERCH021","CUST0841","CARD","SBI","BANK_TIMEOUT","BANK_RESPONSE","7515","2026-08-02 23:09:42","3","False","0.35","recovered"
"2494","MERCH040","CUST0306","CARD","HDFC","CUSTOMER_ACTION_REQUIRED","CUSTOMER_AUTHENTICATION","8499","2026-08-21 23:05:49","0","True","0.43","not_recovered"
"2495","MERCH047","CUST0050","UPI","SBI","CARD_BLOCKED","CARD_AUTHORIZATION","4654","2026-08-05 08:34:51","0","False","0.05","recovered"
"2496","MERCH050","CUST0444","UPI","AXIS","PROCESSING_ERROR","PAYMENT_PROCESSING","9534","2026-08-25 15:22:16","0","False","0.55","not_recovered"
"2497","MERCH036","CUST0276","UPI","HDFC","PROCESSING_ERROR","PAYMENT_PROCESSING","4528","2026-08-27 13:33:52","0","False","0.55","recovered"
"2498","MERCH014","CUST0363","CARD","AXIS","INSUFFICIENT_FUNDS","BANK_AUTHORIZATION","8446","2026-08-02 16:29:54","1","False","0.4","not_recovered"
"2499","MERCH015","CUST0587","CARD","SBI","CUSTOMER_ACTION_REQUIRED","CUSTOMER_AUTHENTICATION","9676","2026-08-28 15:03:24","0","False","0.4","not_recovered"
"2500","MERCH011","CUST0735","CARD","ICICI","INSUFFICIENT_FUNDS","BANK_AUTHORIZATION","825","2026-08-13 07:46:38","3","False","0.3","not_recovered"
"2501","MERCH049","CUST0144","CARD","ICICI","BANK_TIMEOUT","BANK_RESPONSE","387","2026-08-24 18:00:34","0","False","0.5","recovered"
"2502","MERCH007","CUST0578","CARD","AXIS","PROCESSING_ERROR","PAYMENT_PROCESSING","8825","2026-08-23 04:53:34","0","False","0.55","not_recovered"
"2503","MERCH008","CUST0673","CARD","SBI","PROCESSING_ERROR","PAYMENT_PROCESSING","7069","2026-08-14 23:25:57","3","False","0.4","not_recovered"
"2504","MERCH013","CUST0004","UPI","ICICI","BANK_TIMEOUT","BANK_RESPONSE","8619","2026-08-21 05:52:35","1","False","0.45","recovered"
"2505","MERCH037","CUST0431","UPI","HDFC","BANK_TIMEOUT","BANK_RESPONSE","3700","2026-08-10 04:06:05","3","False","0.35","not_recovered"
"2506","MERCH024","CUST0740","CARD","ICICI","INSUFFICIENT_FUNDS","BANK_AUTHORIZATION","6981","2026-08-25 07:53:58","0","False","0.45","recovered"
"2507","MERCH029","CUST0198","UPI","AXIS","PROCESSING_ERROR","PAYMENT_PROCESSING","9772","2026-08-12 08:54:16","1","False","0.5","not_recovered"
"2508","MERCH024","CUST0095","UPI","AXIS","PROCESSING_ERROR","PAYMENT_PROCESSING","2550","2026-08-16 07:35:04","1","False","0.5","not_recovered"
"2509","MERCH022","CUST0577","CARD","AXIS","BANK_TIMEOUT","BANK_RESPONSE","9827","2026-08-03 03:16:01","3","False","0.35","recovered"
"2510","MERCH030","CUST0743","UPI","HDFC","BANK_TIMEOUT","BANK_RESPONSE","2050","2026-08-23 20:38:56","1","False","0.45","recovered"
"2511","MERCH010","CUST0906","UPI","HDFC","PROCESSING_ERROR","PAYMENT_PROCESSING","9491","2026-08-04 17:57:36","0","False","0.55","not_recovered"
"2512","MERCH028","CUST0324","CARD","AXIS","INSUFFICIENT_FUNDS","BANK_AUTHORIZATION","9147","2026-08-15 14:53:07","2","False","0.35","not_recovered"
"2513","MERCH046","CUST0266","UPI","AXIS","PROCESSING_ERROR","PAYMENT_PROCESSING","5243","2026-08-17 05:41:25","0","False","0.55","not_recovered"
"2514","MERCH035","CUST0554","UPI","AXIS","BANK_TIMEOUT","BANK_RESPONSE","7682","2026-08-26 23:04:22","0","False","0.5","recovered"
"2515","MERCH039","CUST0060","CARD","ICICI","PROCESSING_ERROR","PAYMENT_PROCESSING","6499","2026-08-10 03:19:27","0","False","0.55","recovered"
"2516","MERCH036","CUST0525","CARD","AXIS","INSUFFICIENT_FUNDS","BANK_AUTHORIZATION","474","2026-08-09 13:14:03","3","False","0.3","not_recovered"
"2517","MERCH010","CUST0244","CARD","SBI","INSUFFICIENT_FUNDS","BANK_AUTHORIZATION","9973","2026-08-03 08:27:22","1","False","0.4","recovered"
"2518","MERCH035","CUST0103","UPI","AXIS","CUSTOMER_ACTION_REQUIRED","CUSTOMER_AUTHENTICATION","1710","2026-08-26 19:03:33","1","False","0.35","recovered"
"2519","MERCH032","CUST0008","CARD","AXIS","BANK_TIMEOUT","BANK_RESPONSE","9864","2026-08-03 18:41:52","2","True","0.43","not_recovered"
"2520","MERCH015","CUST0493","UPI","HDFC","PROCESSING_ERROR","PAYMENT_PROCESSING","3884","2026-08-12 20:52:00","0","False","0.55","not_recovered"
"2521","MERCH028","CUST0678","CARD","AXIS","CARD_BLOCKED","CARD_AUTHORIZATION","4074","2026-08-17 08:22:46","0","False","0.05","not_recovered"
"2522","MERCH040","CUST0424","UPI","HDFC","INSUFFICIENT_FUNDS","BANK_AUTHORIZATION","7408","2026-08-02 15:27:37","2","False","0.35","not_recovered"
"2523","MERCH050","CUST0175","UPI","SBI","INSUFFICIENT_FUNDS","BANK_AUTHORIZATION","5674","2026-08-04 01:45:30","1","False","0.4","not_recovered"
"2524","MERCH003","CUST0367","UPI","SBI","PROCESSING_ERROR","PAYMENT_PROCESSING","9987","2026-08-12 19:23:55","0","False","0.55","recovered"
"2525","MERCH003","CUST0319","CARD","HDFC","INSUFFICIENT_FUNDS","BANK_AUTHORIZATION","1350","2026-08-17 02:45:52","0","False","0.45","not_recovered"
"2526","MERCH042","CUST0942","UPI","HDFC","CARD_BLOCKED","CARD_AUTHORIZATION","5387","2026-08-04 09:20:41","0","False","0.05","not_recovered"
"2527","MERCH021","CUST0643","CARD","SBI","BANK_TIMEOUT","BANK_RESPONSE","9648","2026-08-23 06:12:10","2","False","0.4","not_recovered"
"2528","MERCH004","CUST0895","UPI","HDFC","BANK_TIMEOUT","BANK_RESPONSE","5057","2026-08-14 23:05:19","0","False","0.5","recovered"
"2529","MERCH031","CUST0589","CARD","SBI","CUSTOMER_ACTION_REQUIRED","CUSTOMER_AUTHENTICATION","3899","2026-08-22 13:07:54","1","False","0.35","recovered"
"2530","MERCH002","CUST0068","CARD","HDFC","CARD_BLOCKED","CARD_AUTHORIZATION","5331","2026-08-25 06:58:03","0","False","0.05","not_recovered"
"2531","MERCH008","CUST0364","CARD","ICICI","PROCESSING_ERROR","PAYMENT_PROCESSING","2724","2026-08-31 04:42:18","2","False","0.45","unknown"
"2532","MERCH043","CUST0450","UPI","SBI","PROCESSING_ERROR","PAYMENT_PROCESSING","9267","2026-08-12 02:46:37","1","True","0.53","not_recovered"
"2533","MERCH022","CUST0573","CARD","ICICI","BANK_TIMEOUT","BANK_RESPONSE","3815","2026-08-13 00:03:13","0","True","0.53","not_recovered"
"2534","MERCH048","CUST0382","UPI","ICICI","BANK_TIMEOUT","BANK_RESPONSE","4266","2026-08-28 02:17:03","0","False","0.5","recovered"
"2535","MERCH030","CUST0933","UPI","ICICI","INSUFFICIENT_FUNDS","BANK_AUTHORIZATION","6396","2026-08-24 20:41:16","1","False","0.4","not_recovered"
"2536","MERCH023","CUST0761","CARD","ICICI","BANK_TIMEOUT","BANK_RESPONSE","8079","2026-08-14 23:56:01","1","False","0.45","not_recovered"
"2537","MERCH028","CUST0066","CARD","SBI","INSUFFICIENT_FUNDS","BANK_AUTHORIZATION","2747","2026-08-10 00:55:13","0","False","0.45","recovered"
"2538","MERCH036","CUST0074","CARD","SBI","INSUFFICIENT_FUNDS","BANK_AUTHORIZATION","5012","2026-08-15 06:36:03","1","False","0.4","not_recovered"
"2539","MERCH046","CUST0605","CARD","HDFC","BANK_TIMEOUT","BANK_RESPONSE","7468","2026-08-15 23:18:47","0","False","0.5","not_recovered"
"2540","MERCH047","CUST0881","UPI","AXIS","INSUFFICIENT_FUNDS","BANK_AUTHORIZATION","4054","2026-08-11 18:30:39","1","True","0.43","recovered"
"2541","MERCH041","CUST0357","UPI","AXIS","BANK_TIMEOUT","BANK_RESPONSE","3166","2026-08-07 15:49:11","1","True","0.48","recovered"
"2542","MERCH030","CUST0127","CARD","AXIS","PROCESSING_ERROR","PAYMENT_PROCESSING","1377","2026-08-02 01:44:33","0","False","0.55","recovered"
"2543","MERCH016","CUST0285","UPI","SBI","INSUFFICIENT_FUNDS","BANK_AUTHORIZATION","2197","2026-08-08 11:42:04","1","False","0.4","recovered"
"2544","MERCH038","CUST0558","UPI","SBI","CUSTOMER_ACTION_REQUIRED","CUSTOMER_AUTHENTICATION","3520","2026-08-23 05:58:42","3","False","0.25","not_recovered"
"2545","MERCH032","CUST0367","UPI","SBI","PROCESSING_ERROR","PAYMENT_PROCESSING","7511","2026-08-31 19:40:27","0","True","0.58","unknown"
"2546","MERCH020","CUST0283","CARD","SBI","INSUFFICIENT_FUNDS","BANK_AUTHORIZATION","540","2026-08-31 22:36:08","0","False","0.45","unknown"
"2547","MERCH023","CUST0065","CARD","ICICI","CUSTOMER_ACTION_REQUIRED","CUSTOMER_AUTHENTICATION","6006","2026-08-23 01:58:26","2","True","0.33","not_recovered"
"2548","MERCH004","CUST0113","CARD","HDFC","PROCESSING_ERROR","PAYMENT_PROCESSING","2201","2026-08-20 10:16:39","0","False","0.55","not_recovered"
"2549","MERCH023","CUST0753","CARD","ICICI","PROCESSING_ERROR","PAYMENT_PROCESSING","2687","2026-08-10 20:52:11","0","False","0.55","not_recovered"
"2550","MERCH017","CUST0832","UPI","ICICI","BANK_TIMEOUT","BANK_RESPONSE","531","2026-08-12 12:02:41","2","False","0.4","not_recovered"
"2551","MERCH036","CUST0332","UPI","HDFC","BANK_TIMEOUT","BANK_RESPONSE","5580","2026-08-18 15:56:39","0","False","0.5","recovered"
"2552","MERCH018","CUST0799","CARD","ICICI","CUSTOMER_ACTION_REQUIRED","CUSTOMER_AUTHENTICATION","6642","2026-08-25 08:32:06","0","False","0.4","not_recovered"
"2553","MERCH037","CUST0001","CARD","AXIS","BANK_TIMEOUT","BANK_RESPONSE","3924","2026-08-05 05:01:03","0","False","0.5","recovered"
"2554","MERCH048","CUST0713","UPI","ICICI","BANK_TIMEOUT","BANK_RESPONSE","4890","2026-08-30 04:03:05","2","True","0.43","unknown"
"2555","MERCH006","CUST0118","CARD","AXIS","PROCESSING_ERROR","PAYMENT_PROCESSING","7744","2026-08-30 14:59:12","2","False","0.45","unknown"
"2556","MERCH009","CUST0896","UPI","ICICI","INSUFFICIENT_FUNDS","BANK_AUTHORIZATION","5379","2026-08-15 20:31:56","0","False","0.45","recovered"
"2557","MERCH007","CUST0527","UPI","SBI","BANK_TIMEOUT","BANK_RESPONSE","6227","2026-08-26 08:55:43","0","True","0.53","not_recovered"
"2558","MERCH031","CUST0989","UPI","SBI","INSUFFICIENT_FUNDS","BANK_AUTHORIZATION","9640","2026-08-06 02:13:32","0","False","0.45","recovered"
"2559","MERCH028","CUST0493","CARD","HDFC","BANK_TIMEOUT","BANK_RESPONSE","342","2026-08-25 14:05:50","1","True","0.48","recovered"
"2560","MERCH003","CUST0630","CARD","ICICI","PROCESSING_ERROR","PAYMENT_PROCESSING","2211","2026-08-18 01:15:24","1","False","0.5","recovered"
"2561","MERCH036","CUST0668","UPI","HDFC","CUSTOMER_ACTION_REQUIRED","CUSTOMER_AUTHENTICATION","9573","2026-08-11 14:35:47","0","False","0.4","recovered"
"2562","MERCH017","CUST0184","UPI","SBI","PROCESSING_ERROR","PAYMENT_PROCESSING","964","2026-08-10 23:10:30","0","True","0.58","recovered"
"2563","MERCH022","CUST0663","CARD","SBI","BANK_TIMEOUT","BANK_RESPONSE","2362","2026-08-10 03:58:00","0","True","0.53","recovered"
"2564","MERCH010","CUST0028","CARD","AXIS","PROCESSING_ERROR","PAYMENT_PROCESSING","1789","2026-08-17 07:02:41","0","False","0.55","not_recovered"
"2565","MERCH010","CUST0020","UPI","AXIS","PROCESSING_ERROR","PAYMENT_PROCESSING","4193","2026-08-11 23:46:55","2","False","0.45","recovered"
"2566","MERCH009","CUST0285","UPI","SBI","CARD_BLOCKED","CARD_AUTHORIZATION","3902","2026-08-30 12:01:41","0","False","0.05","unknown"
"2567","MERCH004","CUST0382","CARD","HDFC","BANK_TIMEOUT","BANK_RESPONSE","1666","2026-08-31 19:18:09","1","False","0.45","unknown"
"2568","MERCH008","CUST0777","UPI","ICICI","PROCESSING_ERROR","PAYMENT_PROCESSING","3525","2026-08-12 20:32:40","1","True","0.53","not_recovered"
"2569","MERCH024","CUST0186","CARD","SBI","BANK_TIMEOUT","BANK_RESPONSE","2693","2026-08-13 19:24:53","1","False","0.45","not_recovered"
"2570","MERCH027","CUST0696","CARD","ICICI","INSUFFICIENT_FUNDS","BANK_AUTHORIZATION","5085","2026-08-11 00:19:18","0","False","0.45","not_recovered"
"2571","MERCH040","CUST0454","CARD","SBI","INSUFFICIENT_FUNDS","BANK_AUTHORIZATION","9662","2026-08-26 20:31:18","0","True","0.48","recovered"
"2572","MERCH004","CUST0748","CARD","HDFC","PROCESSING_ERROR","PAYMENT_PROCESSING","7535","2026-08-24 23:43:47","1","False","0.5","recovered"
"2573","MERCH043","CUST0587","CARD","HDFC","BANK_TIMEOUT","BANK_RESPONSE","3901","2026-08-19 07:00:58","0","False","0.5","recovered"
"2574","MERCH012","CUST0393","CARD","ICICI","CUSTOMER_ACTION_REQUIRED","CUSTOMER_AUTHENTICATION","9319","2026-08-05 05:17:12","0","False","0.4","recovered"
"2575","MERCH011","CUST0379","UPI","SBI","BANK_TIMEOUT","BANK_RESPONSE","6924","2026-08-22 05:14:41","0","False","0.5","not_recovered"
"2576","MERCH024","CUST0225","UPI","AXIS","CUSTOMER_ACTION_REQUIRED","CUSTOMER_AUTHENTICATION","6176","2026-08-09 17:32:39","0","False","0.4","not_recovered"
"2577","MERCH018","CUST0946","CARD","AXIS","BANK_TIMEOUT","BANK_RESPONSE","3922","2026-08-18 09:52:22","0","False","0.5","not_recovered"
"2578","MERCH027","CUST0131","CARD","HDFC","INSUFFICIENT_FUNDS","BANK_AUTHORIZATION","3418","2026-08-20 20:21:09","0","False","0.45","recovered"
"2579","MERCH022","CUST0487","UPI","HDFC","BANK_TIMEOUT","BANK_RESPONSE","6954","2026-08-11 12:57:26","1","False","0.45","recovered"
"2580","MERCH018","CUST0218","CARD","AXIS","PROCESSING_ERROR","PAYMENT_PROCESSING","8295","2026-08-22 20:00:52","0","False","0.55","recovered"
"2581","MERCH007","CUST0403","UPI","ICICI","PROCESSING_ERROR","PAYMENT_PROCESSING","9770","2026-08-13 11:23:03","1","False","0.5","not_recovered"
"2582","MERCH043","CUST0080","CARD","SBI","PROCESSING_ERROR","PAYMENT_PROCESSING","3779","2026-08-26 06:39:02","0","False","0.55","not_recovered"
"2583","MERCH042","CUST0202","CARD","SBI","INSUFFICIENT_FUNDS","BANK_AUTHORIZATION","478","2026-08-26 03:10:00","2","False","0.35","not_recovered"
"2584","MERCH031","CUST0708","UPI","SBI","CARD_BLOCKED","CARD_AUTHORIZATION","4587","2026-08-28 00:50:28","1","False","0.0","not_recovered"
"2585","MERCH046","CUST0020","UPI","AXIS","BANK_TIMEOUT","BANK_RESPONSE","9501","2026-08-12 02:20:42","0","False","0.5","not_recovered"
"2586","MERCH026","CUST0803","UPI","ICICI","BANK_TIMEOUT","BANK_RESPONSE","7342","2026-08-21 06:22:33","0","False","0.5","not_recovered"
"2587","MERCH048","CUST0593","UPI","AXIS","CUSTOMER_ACTION_REQUIRED","CUSTOMER_AUTHENTICATION","4958","2026-08-18 17:20:23","1","False","0.35","not_recovered"
"2588","MERCH039","CUST0112","CARD","HDFC","BANK_TIMEOUT","BANK_RESPONSE","9685","2026-08-30 13:48:18","1","False","0.45","unknown"
"2589","MERCH014","CUST0405","CARD","SBI","CARD_BLOCKED","CARD_AUTHORIZATION","1899","2026-08-10 19:29:18","1","False","0.0","not_recovered"
"2590","MERCH019","CUST0581","CARD","SBI","BANK_TIMEOUT","BANK_RESPONSE","7497","2026-08-03 05:47:48","0","False","0.5","recovered"
"2591","MERCH022","CUST0226","UPI","SBI","INSUFFICIENT_FUNDS","BANK_AUTHORIZATION","6483","2026-08-07 05:10:19","0","False","0.45","not_recovered"
"2592","MERCH008","CUST0411","UPI","ICICI","BANK_TIMEOUT","BANK_RESPONSE","655","2026-08-05 22:43:32","0","False","0.5","not_recovered"
"2593","MERCH014","CUST0488","CARD","AXIS","BANK_TIMEOUT","BANK_RESPONSE","3460","2026-08-15 06:48:15","0","True","0.53","recovered"
"2594","MERCH037","CUST0559","CARD","SBI","BANK_TIMEOUT","BANK_RESPONSE","1265","2026-08-23 01:50:00","0","False","0.5","recovered"
"2595","MERCH017","CUST0931","UPI","SBI","PROCESSING_ERROR","PAYMENT_PROCESSING","4735","2026-08-30 01:49:01","1","False","0.5","unknown"
"2596","MERCH043","CUST0086","UPI","SBI","CUSTOMER_ACTION_REQUIRED","CUSTOMER_AUTHENTICATION","2746","2026-08-03 21:02:00","0","False","0.4","not_recovered"
"2597","MERCH027","CUST0949","UPI","AXIS","CUSTOMER_ACTION_REQUIRED","CUSTOMER_AUTHENTICATION","640","2026-08-05 12:17:53","2","False","0.3","recovered"
"2598","MERCH010","CUST0125","UPI","ICICI","PROCESSING_ERROR","PAYMENT_PROCESSING","5492","2026-08-16 16:16:44","1","False","0.5","not_recovered"
"2599","MERCH014","CUST0327","UPI","SBI","PROCESSING_ERROR","PAYMENT_PROCESSING","7932","2026-08-29 10:49:30","3","True","0.43","not_recovered"
"2600","MERCH038","CUST0103","UPI","AXIS","INSUFFICIENT_FUNDS","BANK_AUTHORIZATION","5407","2026-08-25 07:53:02","0","False","0.45","recovered"
"2601","MERCH032","CUST0119","UPI","HDFC","BANK_TIMEOUT","BANK_RESPONSE","1701","2026-08-30 07:12:19","1","False","0.45","unknown"
"2602","MERCH002","CUST0139","CARD","AXIS","BANK_TIMEOUT","BANK_RESPONSE","170","2026-08-09 20:14:41","3","False","0.35","not_recovered"
"2603","MERCH006","CUST0297","UPI","SBI","INSUFFICIENT_FUNDS","BANK_AUTHORIZATION","8842","2026-08-24 07:12:44","2","False","0.35","recovered"
"2604","MERCH032","CUST0957","UPI","HDFC","CARD_BLOCKED","CARD_AUTHORIZATION","7905","2026-08-26 18:16:55","0","False","0.05","not_recovered"
"2605","MERCH013","CUST0620","UPI","HDFC","PROCESSING_ERROR","PAYMENT_PROCESSING","1405","2026-08-03 19:42:05","2","False","0.45","not_recovered"
"2606","MERCH008","CUST0674","CARD","SBI","BANK_TIMEOUT","BANK_RESPONSE","4790","2026-08-10 05:16:16","0","True","0.53","recovered"
"2607","MERCH004","CUST0078","UPI","SBI","CARD_BLOCKED","CARD_AUTHORIZATION","3668","2026-08-18 02:13:16","0","False","0.05","not_recovered"
"2608","MERCH043","CUST0190","CARD","SBI","PROCESSING_ERROR","PAYMENT_PROCESSING","4249","2026-08-18 17:14:53","0","False","0.55","recovered"
"2609","MERCH042","CUST0509","CARD","SBI","INSUFFICIENT_FUNDS","BANK_AUTHORIZATION","6052","2026-08-15 17:42:50","0","False","0.45","not_recovered"
"2610","MERCH030","CUST0598","CARD","ICICI","PROCESSING_ERROR","PAYMENT_PROCESSING","4725","2026-08-26 14:19:44","1","False","0.5","recovered"
"2611","MERCH004","CUST0032","CARD","SBI","PROCESSING_ERROR","PAYMENT_PROCESSING","5682","2026-08-23 00:06:56","0","False","0.55","not_recovered"
"2612","MERCH014","CUST0375","CARD","ICICI","CUSTOMER_ACTION_REQUIRED","CUSTOMER_AUTHENTICATION","3118","2026-08-23 18:15:17","1","True","0.38","recovered"
"2613","MERCH026","CUST0137","CARD","AXIS","PROCESSING_ERROR","PAYMENT_PROCESSING","4343","2026-08-20 13:58:22","2","False","0.45","not_recovered"
"2614","MERCH006","CUST0302","CARD","SBI","CUSTOMER_ACTION_REQUIRED","CUSTOMER_AUTHENTICATION","183","2026-08-20 08:29:13","0","False","0.4","not_recovered"
"2615","MERCH012","CUST0267","UPI","AXIS","BANK_TIMEOUT","BANK_RESPONSE","1781","2026-08-02 05:59:52","0","False","0.5","not_recovered"
"2616","MERCH027","CUST0555","UPI","ICICI","CARD_BLOCKED","CARD_AUTHORIZATION","1743","2026-08-25 14:04:10","0","True","0.08","not_recovered"
"2617","MERCH011","CUST0197","UPI","SBI","PROCESSING_ERROR","PAYMENT_PROCESSING","2743","2026-08-08 19:07:11","0","False","0.55","recovered"
"2618","MERCH036","CUST0159","CARD","SBI","PROCESSING_ERROR","PAYMENT_PROCESSING","7817","2026-08-17 20:40:55","2","False","0.45","recovered"
"2619","MERCH039","CUST0606","CARD","SBI","INSUFFICIENT_FUNDS","BANK_AUTHORIZATION","1611","2026-08-03 21:27:15","1","False","0.4","not_recovered"
"2620","MERCH008","CUST0234","CARD","SBI","BANK_TIMEOUT","BANK_RESPONSE","4134","2026-08-18 20:19:06","1","False","0.45","not_recovered"
"2621","MERCH021","CUST0199","CARD","AXIS","CARD_BLOCKED","CARD_AUTHORIZATION","2798","2026-08-27 18:12:30","1","False","0.0","not_recovered"
"2622","MERCH028","CUST0297","UPI","ICICI","CARD_BLOCKED","CARD_AUTHORIZATION","9218","2026-08-03 23:41:33","1","False","0.0","not_recovered"
"2623","MERCH009","CUST0949","UPI","SBI","INSUFFICIENT_FUNDS","BANK_AUTHORIZATION","5016","2026-08-06 23:13:09","1","False","0.4","not_recovered"
"2624","MERCH022","CUST0249","CARD","SBI","BANK_TIMEOUT","BANK_RESPONSE","2168","2026-08-26 18:49:14","1","True","0.48","not_recovered"
"2625","MERCH019","CUST0481","CARD","AXIS","INSUFFICIENT_FUNDS","BANK_AUTHORIZATION","2211","2026-08-28 17:29:55","0","True","0.48","not_recovered"
"2626","MERCH036","CUST0949","UPI","SBI","PROCESSING_ERROR","PAYMENT_PROCESSING","5741","2026-08-26 03:53:16","3","False","0.4","not_recovered"
"2627","MERCH002","CUST0690","UPI","AXIS","PROCESSING_ERROR","PAYMENT_PROCESSING","1990","2026-08-09 01:59:46","0","False","0.55","not_recovered"
"2628","MERCH046","CUST0456","CARD","HDFC","CUSTOMER_ACTION_REQUIRED","CUSTOMER_AUTHENTICATION","6694","2026-08-30 22:41:41","1","False","0.35","unknown"
"2629","MERCH022","CUST0566","CARD","ICICI","CUSTOMER_ACTION_REQUIRED","CUSTOMER_AUTHENTICATION","6196","2026-08-30 18:08:43","1","False","0.35","unknown"
"2630","MERCH002","CUST0558","CARD","HDFC","PROCESSING_ERROR","PAYMENT_PROCESSING","110","2026-08-22 08:17:20","1","False","0.5","not_recovered"
"2631","MERCH045","CUST0306","CARD","HDFC","PROCESSING_ERROR","PAYMENT_PROCESSING","9000","2026-08-22 19:59:48","0","True","0.58","recovered"
"2632","MERCH022","CUST0431","CARD","HDFC","INSUFFICIENT_FUNDS","BANK_AUTHORIZATION","4578","2026-08-20 00:32:34","0","True","0.48","recovered"
"2633","MERCH010","CUST0455","CARD","SBI","CARD_BLOCKED","CARD_AUTHORIZATION","6952","2026-08-29 04:36:32","0","False","0.05","not_recovered"
"2634","MERCH009","CUST0367","UPI","SBI","PROCESSING_ERROR","PAYMENT_PROCESSING","3285","2026-08-25 05:58:16","1","False","0.5","recovered"
"2635","MERCH040","CUST0870","CARD","ICICI","INSUFFICIENT_FUNDS","BANK_AUTHORIZATION","7633","2026-08-26 05:15:26","2","True","0.38","not_recovered"
"2636","MERCH001","CUST0545","CARD","HDFC","INSUFFICIENT_FUNDS","BANK_AUTHORIZATION","2407","2026-08-14 03:53:28","0","False","0.45","recovered"
"2637","MERCH003","CUST0281","UPI","AXIS","BANK_TIMEOUT","BANK_RESPONSE","5143","2026-08-07 08:52:15","1","False","0.45","not_recovered"
"2638","MERCH026","CUST0615","UPI","ICICI","PROCESSING_ERROR","PAYMENT_PROCESSING","5266","2026-08-24 06:13:58","0","False","0.55","not_recovered"
"2639","MERCH025","CUST0179","CARD","AXIS","INSUFFICIENT_FUNDS","BANK_AUTHORIZATION","4647","2026-08-09 23:42:20","0","True","0.48","not_recovered"
"2640","MERCH014","CUST0227","UPI","ICICI","BANK_TIMEOUT","BANK_RESPONSE","4869","2026-08-19 10:04:28","0","False","0.5","recovered"
"2641","MERCH041","CUST0551","UPI","AXIS","INSUFFICIENT_FUNDS","BANK_AUTHORIZATION","4679","2026-08-02 23:35:58","2","True","0.38","not_recovered"
"2642","MERCH012","CUST0927","UPI","AXIS","INSUFFICIENT_FUNDS","BANK_AUTHORIZATION","8052","2026-08-16 08:16:18","3","False","0.3","not_recovered"
"2643","MERCH002","CUST0310","UPI","AXIS","PROCESSING_ERROR","PAYMENT_PROCESSING","2997","2026-08-07 18:54:19","0","False","0.55","recovered"
"2644","MERCH026","CUST0392","UPI","AXIS","CUSTOMER_ACTION_REQUIRED","CUSTOMER_AUTHENTICATION","181","2026-08-21 05:37:26","0","True","0.43","recovered"
"2645","MERCH003","CUST0995","UPI","SBI","CUSTOMER_ACTION_REQUIRED","CUSTOMER_AUTHENTICATION","9707","2026-08-09 14:47:30","0","False","0.4","not_recovered"
"2646","MERCH023","CUST0008","UPI","HDFC","INSUFFICIENT_FUNDS","BANK_AUTHORIZATION","1660","2026-08-30 09:37:10","0","False","0.45","unknown"
"2647","MERCH042","CUST0250","UPI","ICICI","BANK_TIMEOUT","BANK_RESPONSE","8118","2026-08-31 07:56:18","0","False","0.5","unknown"
"2648","MERCH001","CUST0060","UPI","HDFC","BANK_TIMEOUT","BANK_RESPONSE","5696","2026-08-22 21:19:14","0","True","0.53","not_recovered"
"2649","MERCH025","CUST0733","CARD","AXIS","INSUFFICIENT_FUNDS","BANK_AUTHORIZATION","6136","2026-08-19 04:19:13","3","False","0.3","not_recovered"
"2650","MERCH038","CUST0637","UPI","HDFC","INSUFFICIENT_FUNDS","BANK_AUTHORIZATION","5738","2026-08-12 13:03:02","0","False","0.45","not_recovered"
"2651","MERCH042","CUST0643","CARD","AXIS","CUSTOMER_ACTION_REQUIRED","CUSTOMER_AUTHENTICATION","8856","2026-08-05 15:55:38","0","False","0.4","not_recovered"
"2652","MERCH019","CUST0858","UPI","AXIS","INSUFFICIENT_FUNDS","BANK_AUTHORIZATION","2037","2026-08-31 20:27:20","0","False","0.45","unknown"
"2653","MERCH013","CUST0694","UPI","SBI","BANK_TIMEOUT","BANK_RESPONSE","8274","2026-08-22 18:32:57","3","False","0.35","recovered"
"2654","MERCH023","CUST0182","CARD","AXIS","INSUFFICIENT_FUNDS","BANK_AUTHORIZATION","534","2026-08-29 22:30:16","0","True","0.48","not_recovered"
"2655","MERCH021","CUST0489","UPI","AXIS","BANK_TIMEOUT","BANK_RESPONSE","1080","2026-08-09 13:36:46","0","True","0.53","recovered"
"2656","MERCH031","CUST0642","CARD","SBI","PROCESSING_ERROR","PAYMENT_PROCESSING","7928","2026-08-22 18:09:52","0","False","0.55","recovered"
"2657","MERCH044","CUST0498","UPI","ICICI","PROCESSING_ERROR","PAYMENT_PROCESSING","1273","2026-08-08 16:51:03","0","False","0.55","not_recovered"
"2658","MERCH042","CUST0525","CARD","AXIS","INSUFFICIENT_FUNDS","BANK_AUTHORIZATION","8258","2026-08-06 01:37:12","0","False","0.45","not_recovered"
"2659","MERCH013","CUST0023","UPI","SBI","CARD_BLOCKED","CARD_AUTHORIZATION","4111","2026-08-24 00:25:51","2","False","0.0","not_recovered"
"2660","MERCH049","CUST0551","UPI","HDFC","BANK_TIMEOUT","BANK_RESPONSE","1298","2026-08-12 01:22:52","0","False","0.5","not_recovered"
"2661","MERCH041","CUST0515","CARD","AXIS","BANK_TIMEOUT","BANK_RESPONSE","2177","2026-08-25 05:46:53","1","False","0.45","recovered"
"2662","MERCH032","CUST0675","UPI","AXIS","PROCESSING_ERROR","PAYMENT_PROCESSING","9440","2026-08-05 11:23:41","2","False","0.45","recovered"
"2663","MERCH034","CUST0143","UPI","SBI","INSUFFICIENT_FUNDS","BANK_AUTHORIZATION","4602","2026-08-03 11:20:29","2","False","0.35","recovered"
"2664","MERCH028","CUST0403","CARD","HDFC","PROCESSING_ERROR","PAYMENT_PROCESSING","3709","2026-08-19 21:41:00","0","True","0.58","recovered"
"2665","MERCH018","CUST0324","CARD","HDFC","CARD_BLOCKED","CARD_AUTHORIZATION","4178","2026-08-25 17:44:12","3","False","0.0","not_recovered"
"2666","MERCH049","CUST0396","CARD","AXIS","INSUFFICIENT_FUNDS","BANK_AUTHORIZATION","7330","2026-08-26 19:43:06","0","False","0.45","recovered"
"2667","MERCH037","CUST0295","CARD","SBI","INSUFFICIENT_FUNDS","BANK_AUTHORIZATION","6764","2026-08-08 16:53:10","0","False","0.45","not_recovered"
"2668","MERCH037","CUST0429","CARD","AXIS","PROCESSING_ERROR","PAYMENT_PROCESSING","5569","2026-08-07 07:59:34","0","False","0.55","not_recovered"
"2669","MERCH050","CUST0130","CARD","AXIS","BANK_TIMEOUT","BANK_RESPONSE","3038","2026-08-30 23:52:41","3","False","0.35","unknown"
"2670","MERCH045","CUST0023","CARD","HDFC","INSUFFICIENT_FUNDS","BANK_AUTHORIZATION","4512","2026-08-08 17:20:39","0","False","0.45","recovered"
"2671","MERCH043","CUST0381","UPI","HDFC","INSUFFICIENT_FUNDS","BANK_AUTHORIZATION","3309","2026-08-16 05:01:43","2","False","0.35","not_recovered"
"2672","MERCH045","CUST0958","UPI","ICICI","CUSTOMER_ACTION_REQUIRED","CUSTOMER_AUTHENTICATION","8173","2026-08-29 12:52:47","0","False","0.4","recovered"
"2673","MERCH034","CUST0299","UPI","AXIS","INSUFFICIENT_FUNDS","BANK_AUTHORIZATION","3871","2026-08-31 15:49:29","0","True","0.48","unknown"
"2674","MERCH029","CUST0569","UPI","HDFC","INSUFFICIENT_FUNDS","BANK_AUTHORIZATION","2656","2026-08-04 17:21:41","2","False","0.35","recovered"
"2675","MERCH005","CUST0735","CARD","AXIS","PROCESSING_ERROR","PAYMENT_PROCESSING","7395","2026-08-02 13:41:26","0","False","0.55","recovered"
"2676","MERCH009","CUST0870","CARD","HDFC","INSUFFICIENT_FUNDS","BANK_AUTHORIZATION","1203","2026-08-08 17:09:08","2","False","0.35","recovered"
"2677","MERCH004","CUST0913","CARD","ICICI","INSUFFICIENT_FUNDS","BANK_AUTHORIZATION","4247","2026-08-28 08:48:01","0","False","0.45","recovered"
"2678","MERCH029","CUST0692","CARD","SBI","CARD_BLOCKED","CARD_AUTHORIZATION","8447","2026-08-10 01:51:11","3","False","0.0","not_recovered"
"2679","MERCH032","CUST0742","UPI","HDFC","PROCESSING_ERROR","PAYMENT_PROCESSING","5597","2026-08-14 06:59:35","1","False","0.5","recovered"
"2680","MERCH039","CUST0137","UPI","ICICI","CUSTOMER_ACTION_REQUIRED","CUSTOMER_AUTHENTICATION","4686","2026-08-29 14:04:12","1","True","0.38","not_recovered"
"2681","MERCH010","CUST0268","CARD","SBI","CUSTOMER_ACTION_REQUIRED","CUSTOMER_AUTHENTICATION","3625","2026-08-20 03:58:30","0","False","0.4","not_recovered"
"2682","MERCH001","CUST0080","UPI","ICICI","INSUFFICIENT_FUNDS","BANK_AUTHORIZATION","1897","2026-08-25 01:38:25","0","False","0.45","not_recovered"
"2683","MERCH046","CUST0658","UPI","SBI","INSUFFICIENT_FUNDS","BANK_AUTHORIZATION","8683","2026-08-26 17:41:36","1","False","0.4","not_recovered"
"2684","MERCH019","CUST0262","UPI","SBI","INSUFFICIENT_FUNDS","BANK_AUTHORIZATION","4555","2026-08-13 17:56:20","0","False","0.45","not_recovered"
"2685","MERCH022","CUST0078","UPI","ICICI","INSUFFICIENT_FUNDS","BANK_AUTHORIZATION","1788","2026-08-15 07:44:46","0","False","0.45","recovered"
"2686","MERCH021","CUST0361","UPI","HDFC","INSUFFICIENT_FUNDS","BANK_AUTHORIZATION","296","2026-08-07 00:07:51","2","False","0.35","recovered"
"2687","MERCH019","CUST0459","UPI","AXIS","CUSTOMER_ACTION_REQUIRED","CUSTOMER_AUTHENTICATION","7485","2026-08-28 15:31:55","0","True","0.43","not_recovered"
"2688","MERCH003","CUST0159","CARD","SBI","PROCESSING_ERROR","PAYMENT_PROCESSING","8736","2026-08-29 02:59:46","1","False","0.5","not_recovered"
"2689","MERCH028","CUST0096","UPI","ICICI","PROCESSING_ERROR","PAYMENT_PROCESSING","6477","2026-08-22 14:20:14","3","False","0.4","not_recovered"
"2690","MERCH006","CUST0583","CARD","AXIS","PROCESSING_ERROR","PAYMENT_PROCESSING","9588","2026-08-27 07:22:38","0","True","0.58","recovered"
"2691","MERCH031","CUST0891","UPI","ICICI","CUSTOMER_ACTION_REQUIRED","CUSTOMER_AUTHENTICATION","5553","2026-08-28 00:50:46","0","True","0.43","recovered"
"2692","MERCH035","CUST0069","CARD","AXIS","INSUFFICIENT_FUNDS","BANK_AUTHORIZATION","2556","2026-08-28 11:28:29","0","False","0.45","recovered"
"2693","MERCH016","CUST0593","UPI","ICICI","INSUFFICIENT_FUNDS","BANK_AUTHORIZATION","6656","2026-08-08 21:28:21","0","False","0.45","not_recovered"
"2694","MERCH022","CUST0573","UPI","SBI","BANK_TIMEOUT","BANK_RESPONSE","8937","2026-08-14 23:52:30","2","False","0.4","not_recovered"
"2695","MERCH014","CUST0005","UPI","SBI","INSUFFICIENT_FUNDS","BANK_AUTHORIZATION","8544","2026-08-18 13:15:41","0","False","0.45","not_recovered"
"2696","MERCH031","CUST0773","CARD","AXIS","PROCESSING_ERROR","PAYMENT_PROCESSING","3736","2026-08-14 09:09:01","0","False","0.55","not_recovered"
"2697","MERCH046","CUST0063","UPI","ICICI","INSUFFICIENT_FUNDS","BANK_AUTHORIZATION","8584","2026-08-19 23:47:59","3","False","0.3","not_recovered"
"2698","MERCH001","CUST0824","CARD","HDFC","CARD_BLOCKED","CARD_AUTHORIZATION","225","2026-08-27 23:31:09","2","False","0.0","not_recovered"
"2699","MERCH047","CUST0863","UPI","AXIS","BANK_TIMEOUT","BANK_RESPONSE","3766","2026-08-28 23:17:08","2","False","0.4","not_recovered"
"2700","MERCH031","CUST0481","CARD","SBI","INSUFFICIENT_FUNDS","BANK_AUTHORIZATION","8312","2026-08-16 04:46:29","0","True","0.48","not_recovered"
"2701","MERCH042","CUST0517","CARD","HDFC","INSUFFICIENT_FUNDS","BANK_AUTHORIZATION","9972","2026-08-04 23:37:39","0","False","0.45","recovered"
"2702","MERCH004","CUST0848","UPI","ICICI","INSUFFICIENT_FUNDS","BANK_AUTHORIZATION","4936","2026-08-16 02:11:09","0","False","0.45","not_recovered"
"2703","MERCH023","CUST0757","CARD","AXIS","CARD_BLOCKED","CARD_AUTHORIZATION","1639","2026-08-22 17:42:58","3","False","0.0","not_recovered"
"2704","MERCH031","CUST0111","CARD","ICICI","BANK_TIMEOUT","BANK_RESPONSE","7218","2026-08-18 23:37:28","1","False","0.45","not_recovered"
"2705","MERCH019","CUST0042","CARD","HDFC","INSUFFICIENT_FUNDS","BANK_AUTHORIZATION","4458","2026-08-02 18:43:55","0","False","0.45","recovered"
"2706","MERCH019","CUST0968","UPI","AXIS","BANK_TIMEOUT","BANK_RESPONSE","6072","2026-08-11 12:40:43","1","False","0.45","not_recovered"
"2707","MERCH012","CUST0131","UPI","SBI","BANK_TIMEOUT","BANK_RESPONSE","4095","2026-08-02 15:28:42","0","False","0.5","recovered"
"2708","MERCH043","CUST0250","CARD","SBI","BANK_TIMEOUT","BANK_RESPONSE","5581","2026-08-25 22:12:08","1","False","0.45","recovered"
"2709","MERCH022","CUST0039","UPI","SBI","INSUFFICIENT_FUNDS","BANK_AUTHORIZATION","2580","2026-08-22 08:14:20","0","False","0.45","recovered"
"2710","MERCH023","CUST0574","UPI","ICICI","CUSTOMER_ACTION_REQUIRED","CUSTOMER_AUTHENTICATION","5609","2026-08-31 00:34:22","0","False","0.4","unknown"
"2711","MERCH014","CUST0226","CARD","ICICI","PROCESSING_ERROR","PAYMENT_PROCESSING","3491","2026-08-19 09:16:57","0","True","0.58","recovered"
"2712","MERCH019","CUST0585","CARD","AXIS","PROCESSING_ERROR","PAYMENT_PROCESSING","4231","2026-08-20 15:51:46","0","False","0.55","recovered"
"2713","MERCH027","CUST0649","CARD","ICICI","BANK_TIMEOUT","BANK_RESPONSE","4033","2026-08-09 13:28:51","0","False","0.5","not_recovered"
"2714","MERCH032","CUST0710","UPI","AXIS","PROCESSING_ERROR","PAYMENT_PROCESSING","2496","2026-08-27 04:02:07","0","False","0.55","recovered"
"2715","MERCH038","CUST0924","UPI","AXIS","BANK_TIMEOUT","BANK_RESPONSE","4852","2026-08-02 03:02:42","0","True","0.53","not_recovered"
"2716","MERCH044","CUST0674","UPI","SBI","PROCESSING_ERROR","PAYMENT_PROCESSING","913","2026-08-06 04:37:03","0","False","0.55","not_recovered"
"2717","MERCH021","CUST0089","UPI","ICICI","INSUFFICIENT_FUNDS","BANK_AUTHORIZATION","2446","2026-08-26 01:18:28","2","False","0.35","not_recovered"
"2718","MERCH047","CUST0059","UPI","HDFC","INSUFFICIENT_FUNDS","BANK_AUTHORIZATION","6994","2026-08-12 12:54:19","0","False","0.45","not_recovered"
"2719","MERCH013","CUST0832","UPI","SBI","CUSTOMER_ACTION_REQUIRED","CUSTOMER_AUTHENTICATION","1031","2026-08-03 19:56:33","1","False","0.35","not_recovered"
"2720","MERCH016","CUST0068","CARD","SBI","BANK_TIMEOUT","BANK_RESPONSE","5174","2026-08-27 19:28:08","3","True","0.38","not_recovered"
"2721","MERCH015","CUST0344","CARD","SBI","INSUFFICIENT_FUNDS","BANK_AUTHORIZATION","9932","2026-08-10 17:22:40","1","True","0.43","not_recovered"
"2722","MERCH004","CUST0946","CARD","HDFC","BANK_TIMEOUT","BANK_RESPONSE","6934","2026-08-22 14:48:30","0","False","0.5","recovered"
"2723","MERCH035","CUST0939","UPI","SBI","INSUFFICIENT_FUNDS","BANK_AUTHORIZATION","2346","2026-08-22 19:55:31","0","False","0.45","not_recovered"
"2724","MERCH049","CUST0586","CARD","AXIS","CUSTOMER_ACTION_REQUIRED","CUSTOMER_AUTHENTICATION","4301","2026-08-24 05:36:25","2","False","0.3","not_recovered"
"2725","MERCH015","CUST0076","UPI","SBI","CARD_BLOCKED","CARD_AUTHORIZATION","9086","2026-08-12 07:06:13","1","False","0.0","not_recovered"
"2726","MERCH040","CUST0444","CARD","HDFC","BANK_TIMEOUT","BANK_RESPONSE","8354","2026-08-16 02:07:33","3","True","0.38","not_recovered"
"2727","MERCH008","CUST0765","CARD","HDFC","BANK_TIMEOUT","BANK_RESPONSE","3913","2026-08-25 00:40:55","3","False","0.35","not_recovered"
"2728","MERCH002","CUST0776","UPI","AXIS","CUSTOMER_ACTION_REQUIRED","CUSTOMER_AUTHENTICATION","7098","2026-08-25 06:00:04","1","True","0.38","not_recovered"
"2729","MERCH026","CUST0891","UPI","HDFC","PROCESSING_ERROR","PAYMENT_PROCESSING","3969","2026-08-22 23:49:54","0","False","0.55","not_recovered"
"2730","MERCH002","CUST0090","CARD","HDFC","PROCESSING_ERROR","PAYMENT_PROCESSING","6678","2026-08-10 08:16:30","1","True","0.53","recovered"
"2731","MERCH029","CUST0528","UPI","HDFC","PROCESSING_ERROR","PAYMENT_PROCESSING","6605","2026-08-06 03:45:38","3","False","0.4","recovered"
"2732","MERCH012","CUST0564","UPI","AXIS","INSUFFICIENT_FUNDS","BANK_AUTHORIZATION","9663","2026-08-13 17:45:39","2","False","0.35","recovered"
"2733","MERCH021","CUST0350","CARD","AXIS","PROCESSING_ERROR","PAYMENT_PROCESSING","7207","2026-08-17 15:59:29","3","False","0.4","recovered"
"2734","MERCH002","CUST0563","UPI","ICICI","CARD_BLOCKED","CARD_AUTHORIZATION","8819","2026-08-03 04:42:13","0","False","0.05","not_recovered"
"2735","MERCH019","CUST0128","CARD","SBI","CUSTOMER_ACTION_REQUIRED","CUSTOMER_AUTHENTICATION","6449","2026-08-18 00:05:00","0","False","0.4","not_recovered"
"2736","MERCH009","CUST0605","CARD","AXIS","PROCESSING_ERROR","PAYMENT_PROCESSING","1620","2026-08-27 22:36:05","0","True","0.58","recovered"
"2737","MERCH020","CUST0539","CARD","SBI","INSUFFICIENT_FUNDS","BANK_AUTHORIZATION","6015","2026-08-04 02:46:56","0","False","0.45","recovered"
"2738","MERCH039","CUST0721","UPI","AXIS","PROCESSING_ERROR","PAYMENT_PROCESSING","8149","2026-08-18 23:17:28","1","False","0.5","not_recovered"
"2739","MERCH042","CUST0018","UPI","HDFC","INSUFFICIENT_FUNDS","BANK_AUTHORIZATION","1765","2026-08-09 06:40:33","0","True","0.48","not_recovered"
"2740","MERCH026","CUST0856","UPI","AXIS","INSUFFICIENT_FUNDS","BANK_AUTHORIZATION","9465","2026-08-03 02:44:51","0","False","0.45","recovered"
"2741","MERCH012","CUST0166","UPI","HDFC","PROCESSING_ERROR","PAYMENT_PROCESSING","3554","2026-08-07 18:43:19","1","True","0.53","recovered"
"2742","MERCH003","CUST0014","CARD","HDFC","INSUFFICIENT_FUNDS","BANK_AUTHORIZATION","2329","2026-08-14 16:52:42","1","False","0.4","not_recovered"
"2743","MERCH028","CUST0143","CARD","AXIS","PROCESSING_ERROR","PAYMENT_PROCESSING","7793","2026-08-15 23:52:15","3","False","0.4","recovered"
"2744","MERCH045","CUST0095","CARD","ICICI","PROCESSING_ERROR","PAYMENT_PROCESSING","9890","2026-08-19 20:08:36","2","False","0.45","not_recovered"
"2745","MERCH017","CUST0051","CARD","AXIS","BANK_TIMEOUT","BANK_RESPONSE","6029","2026-08-16 18:06:10","0","False","0.5","recovered"
"2746","MERCH047","CUST0068","CARD","AXIS","BANK_TIMEOUT","BANK_RESPONSE","9094","2026-08-28 01:01:12","1","False","0.45","not_recovered"
"2747","MERCH033","CUST0204","CARD","HDFC","BANK_TIMEOUT","BANK_RESPONSE","9300","2026-08-13 02:23:09","1","False","0.45","not_recovered"
"2748","MERCH028","CUST0646","UPI","AXIS","CUSTOMER_ACTION_REQUIRED","CUSTOMER_AUTHENTICATION","3636","2026-08-23 01:51:08","3","False","0.25","not_recovered"
"2749","MERCH016","CUST0158","UPI","AXIS","PROCESSING_ERROR","PAYMENT_PROCESSING","8693","2026-08-24 20:45:15","0","False","0.55","not_recovered"
"2750","MERCH016","CUST0163","CARD","HDFC","BANK_TIMEOUT","BANK_RESPONSE","4225","2026-08-16 14:25:04","0","False","0.5","recovered"
"2751","MERCH039","CUST0708","CARD","SBI","PROCESSING_ERROR","PAYMENT_PROCESSING","5106","2026-08-17 11:48:36","1","False","0.5","not_recovered"
"2752","MERCH039","CUST0180","CARD","AXIS","PROCESSING_ERROR","PAYMENT_PROCESSING","234","2026-08-04 11:34:42","0","False","0.55","not_recovered"
"2753","MERCH049","CUST0618","UPI","SBI","BANK_TIMEOUT","BANK_RESPONSE","7420","2026-08-13 00:47:46","2","False","0.4","recovered"
"2754","MERCH038","CUST0323","CARD","ICICI","BANK_TIMEOUT","BANK_RESPONSE","178","2026-08-13 17:35:17","1","True","0.48","recovered"
"2755","MERCH022","CUST0573","CARD","SBI","PROCESSING_ERROR","PAYMENT_PROCESSING","2273","2026-08-02 05:40:07","0","False","0.55","not_recovered"
"2756","MERCH036","CUST0097","CARD","HDFC","INSUFFICIENT_FUNDS","BANK_AUTHORIZATION","1160","2026-08-08 18:15:37","2","False","0.35","not_recovered"
"2757","MERCH044","CUST0689","UPI","HDFC","BANK_TIMEOUT","BANK_RESPONSE","5516","2026-08-11 03:08:29","0","False","0.5","not_recovered"
"2758","MERCH008","CUST0146","UPI","ICICI","PROCESSING_ERROR","PAYMENT_PROCESSING","4601","2026-08-10 02:25:02","0","True","0.58","recovered"
"2759","MERCH017","CUST0153","CARD","AXIS","CUSTOMER_ACTION_REQUIRED","CUSTOMER_AUTHENTICATION","5735","2026-08-07 09:20:07","1","False","0.35","not_recovered"
"2760","MERCH034","CUST0198","CARD","ICICI","INSUFFICIENT_FUNDS","BANK_AUTHORIZATION","1414","2026-08-14 14:23:26","1","False","0.4","recovered"
"2761","MERCH039","CUST0844","UPI","HDFC","INSUFFICIENT_FUNDS","BANK_AUTHORIZATION","1384","2026-08-25 03:19:18","1","False","0.4","recovered"
"2762","MERCH023","CUST0321","UPI","AXIS","BANK_TIMEOUT","BANK_RESPONSE","6946","2026-08-08 14:06:59","0","False","0.5","recovered"
"2763","MERCH030","CUST0205","UPI","AXIS","INSUFFICIENT_FUNDS","BANK_AUTHORIZATION","1664","2026-08-08 19:34:28","2","False","0.35","not_recovered"
"2764","MERCH024","CUST0987","CARD","HDFC","BANK_TIMEOUT","BANK_RESPONSE","4316","2026-08-06 22:15:37","0","False","0.5","not_recovered"
"2765","MERCH034","CUST0122","CARD","AXIS","INSUFFICIENT_FUNDS","BANK_AUTHORIZATION","9752","2026-08-04 20:59:07","0","False","0.45","not_recovered"
"2766","MERCH028","CUST0247","UPI","HDFC","CARD_BLOCKED","CARD_AUTHORIZATION","9892","2026-08-18 07:29:59","3","False","0.0","not_recovered"
"2767","MERCH004","CUST0319","CARD","SBI","BANK_TIMEOUT","BANK_RESPONSE","9769","2026-08-28 04:58:27","0","False","0.5","not_recovered"
"2768","MERCH046","CUST0741","CARD","AXIS","INSUFFICIENT_FUNDS","BANK_AUTHORIZATION","1737","2026-08-10 09:50:35","3","False","0.3","not_recovered"
"2769","MERCH050","CUST0544","UPI","ICICI","PROCESSING_ERROR","PAYMENT_PROCESSING","1581","2026-08-16 03:54:57","1","True","0.53","recovered"
"2770","MERCH016","CUST0411","CARD","ICICI","INSUFFICIENT_FUNDS","BANK_AUTHORIZATION","2471","2026-08-28 20:15:53","0","False","0.45","recovered"
"2771","MERCH017","CUST0136","CARD","ICICI","BANK_TIMEOUT","BANK_RESPONSE","7334","2026-08-20 09:05:49","0","False","0.5","recovered"
"2772","MERCH046","CUST0340","CARD","SBI","BANK_TIMEOUT","BANK_RESPONSE","4339","2026-08-11 10:07:21","2","False","0.4","not_recovered"
"2773","MERCH042","CUST0307","UPI","AXIS","CUSTOMER_ACTION_REQUIRED","CUSTOMER_AUTHENTICATION","6203","2026-08-12 22:10:18","2","True","0.33","recovered"
"2774","MERCH042","CUST0877","UPI","AXIS","PROCESSING_ERROR","PAYMENT_PROCESSING","1856","2026-08-17 13:38:04","0","True","0.58","not_recovered"
"2775","MERCH044","CUST0959","CARD","HDFC","PROCESSING_ERROR","PAYMENT_PROCESSING","5666","2026-08-05 02:50:05","2","False","0.45","recovered"
"2776","MERCH008","CUST0863","CARD","HDFC","BANK_TIMEOUT","BANK_RESPONSE","1466","2026-08-04 14:25:10","1","False","0.45","not_recovered"
"2777","MERCH010","CUST0161","UPI","HDFC","PROCESSING_ERROR","PAYMENT_PROCESSING","1337","2026-08-17 15:27:49","0","False","0.55","recovered"
"2778","MERCH031","CUST0117","UPI","ICICI","INSUFFICIENT_FUNDS","BANK_AUTHORIZATION","8518","2026-08-23 21:42:37","0","False","0.45","recovered"
"2779","MERCH039","CUST0759","UPI","ICICI","CUSTOMER_ACTION_REQUIRED","CUSTOMER_AUTHENTICATION","1025","2026-08-14 08:16:32","0","True","0.43","not_recovered"
"2780","MERCH012","CUST0007","UPI","AXIS","BANK_TIMEOUT","BANK_RESPONSE","8631","2026-08-13 20:19:20","1","False","0.45","recovered"
"2781","MERCH014","CUST0763","CARD","ICICI","CUSTOMER_ACTION_REQUIRED","CUSTOMER_AUTHENTICATION","2886","2026-08-30 20:34:44","0","False","0.4","unknown"
"2782","MERCH049","CUST0407","UPI","HDFC","BANK_TIMEOUT","BANK_RESPONSE","878","2026-08-15 05:08:12","0","False","0.5","not_recovered"
"2783","MERCH018","CUST0418","CARD","ICICI","INSUFFICIENT_FUNDS","BANK_AUTHORIZATION","1227","2026-08-28 01:01:56","1","True","0.43","not_recovered"
"2784","MERCH035","CUST0518","UPI","SBI","INSUFFICIENT_FUNDS","BANK_AUTHORIZATION","4090","2026-08-28 16:10:04","1","False","0.4","recovered"
"2785","MERCH049","CUST0322","UPI","HDFC","INSUFFICIENT_FUNDS","BANK_AUTHORIZATION","6248","2026-08-04 22:01:44","0","False","0.45","recovered"
"2786","MERCH007","CUST0241","UPI","ICICI","BANK_TIMEOUT","BANK_RESPONSE","2947","2026-08-03 12:43:50","1","False","0.45","not_recovered"
"2787","MERCH005","CUST0903","CARD","SBI","BANK_TIMEOUT","BANK_RESPONSE","6835","2026-08-12 18:57:21","0","True","0.53","not_recovered"
"2788","MERCH044","CUST0684","UPI","AXIS","CARD_BLOCKED","CARD_AUTHORIZATION","6332","2026-08-31 03:19:18","0","False","0.05","unknown"
"2789","MERCH038","CUST0724","CARD","AXIS","PROCESSING_ERROR","PAYMENT_PROCESSING","3117","2026-08-04 05:47:43","0","False","0.55","recovered"
"2790","MERCH045","CUST0735","UPI","SBI","CARD_BLOCKED","CARD_AUTHORIZATION","244","2026-08-24 04:09:16","0","False","0.05","not_recovered"
"2791","MERCH002","CUST0814","CARD","SBI","INSUFFICIENT_FUNDS","BANK_AUTHORIZATION","7616","2026-08-02 07:28:46","0","True","0.48","recovered"
"2792","MERCH050","CUST0599","UPI","ICICI","BANK_TIMEOUT","BANK_RESPONSE","5079","2026-08-19 13:32:08","0","False","0.5","not_recovered"
"2793","MERCH010","CUST0632","CARD","ICICI","INSUFFICIENT_FUNDS","BANK_AUTHORIZATION","1982","2026-08-31 03:05:49","0","False","0.45","unknown"
"2794","MERCH006","CUST0242","CARD","AXIS","BANK_TIMEOUT","BANK_RESPONSE","2005","2026-08-26 07:44:14","0","False","0.5","not_recovered"
"2795","MERCH016","CUST0599","CARD","AXIS","INSUFFICIENT_FUNDS","BANK_AUTHORIZATION","6681","2026-08-20 12:41:33","2","False","0.35","recovered"
"2796","MERCH002","CUST0382","CARD","AXIS","INSUFFICIENT_FUNDS","BANK_AUTHORIZATION","1712","2026-08-11 11:53:14","0","False","0.45","not_recovered"
"2797","MERCH019","CUST0843","UPI","HDFC","BANK_TIMEOUT","BANK_RESPONSE","3662","2026-08-16 00:20:52","1","False","0.45","recovered"
"2798","MERCH026","CUST0908","CARD","HDFC","PROCESSING_ERROR","PAYMENT_PROCESSING","3455","2026-08-12 14:28:07","0","False","0.55","recovered"
"2799","MERCH030","CUST0427","UPI","ICICI","INSUFFICIENT_FUNDS","BANK_AUTHORIZATION","1775","2026-08-20 04:25:58","0","False","0.45","recovered"
"2800","MERCH026","CUST0545","CARD","HDFC","CUSTOMER_ACTION_REQUIRED","CUSTOMER_AUTHENTICATION","6910","2026-08-14 17:10:21","0","False","0.4","recovered"
"2801","MERCH025","CUST0552","CARD","AXIS","CARD_BLOCKED","CARD_AUTHORIZATION","3646","2026-08-20 07:42:29","1","False","0.0","not_recovered"
"2802","MERCH002","CUST0285","UPI","AXIS","BANK_TIMEOUT","BANK_RESPONSE","3832","2026-08-21 11:51:23","1","False","0.45","recovered"
"2803","MERCH023","CUST0591","UPI","HDFC","BANK_TIMEOUT","BANK_RESPONSE","9829","2026-08-07 12:22:15","1","True","0.48","not_recovered"
"2804","MERCH025","CUST0338","UPI","ICICI","INSUFFICIENT_FUNDS","BANK_AUTHORIZATION","4429","2026-08-04 10:06:50","0","False","0.45","recovered"
"2805","MERCH007","CUST0084","CARD","HDFC","INSUFFICIENT_FUNDS","BANK_AUTHORIZATION","2670","2026-08-15 15:06:57","0","False","0.45","recovered"
"2806","MERCH035","CUST0117","CARD","AXIS","BANK_TIMEOUT","BANK_RESPONSE","7971","2026-08-18 05:54:50","1","False","0.45","not_recovered"
"2807","MERCH047","CUST0534","CARD","AXIS","CUSTOMER_ACTION_REQUIRED","CUSTOMER_AUTHENTICATION","9629","2026-08-31 19:42:42","0","False","0.4","unknown"
"2808","MERCH021","CUST0166","UPI","SBI","PROCESSING_ERROR","PAYMENT_PROCESSING","1908","2026-08-15 13:14:39","0","False","0.55","recovered"
"2809","MERCH027","CUST0365","UPI","SBI","CARD_BLOCKED","CARD_AUTHORIZATION","254","2026-08-23 00:05:43","0","False","0.05","not_recovered"
"2810","MERCH046","CUST0321","CARD","HDFC","INSUFFICIENT_FUNDS","BANK_AUTHORIZATION","6783","2026-08-11 17:09:08","2","True","0.38","not_recovered"
"2811","MERCH024","CUST0853","CARD","AXIS","CUSTOMER_ACTION_REQUIRED","CUSTOMER_AUTHENTICATION","6889","2026-08-07 00:25:05","0","False","0.4","not_recovered"
"2812","MERCH032","CUST0936","UPI","SBI","PROCESSING_ERROR","PAYMENT_PROCESSING","3561","2026-08-27 12:19:00","2","False","0.45","not_recovered"
"2813","MERCH038","CUST0055","CARD","HDFC","BANK_TIMEOUT","BANK_RESPONSE","1964","2026-08-12 01:23:02","1","True","0.48","recovered"
"2814","MERCH032","CUST0357","UPI","HDFC","INSUFFICIENT_FUNDS","BANK_AUTHORIZATION","3734","2026-08-11 10:34:26","0","True","0.48","not_recovered"
"2815","MERCH005","CUST0482","CARD","ICICI","PROCESSING_ERROR","PAYMENT_PROCESSING","843","2026-08-17 01:43:35","1","False","0.5","recovered"
"2816","MERCH044","CUST0168","CARD","ICICI","PROCESSING_ERROR","PAYMENT_PROCESSING","5554","2026-08-26 10:38:44","0","False","0.55","not_recovered"
"2817","MERCH016","CUST0697","UPI","HDFC","PROCESSING_ERROR","PAYMENT_PROCESSING","4662","2026-08-12 13:47:13","1","True","0.53","not_recovered"
"2818","MERCH050","CUST0985","CARD","SBI","PROCESSING_ERROR","PAYMENT_PROCESSING","4561","2026-08-05 09:15:10","2","False","0.45","recovered"
"2819","MERCH036","CUST0902","UPI","ICICI","CUSTOMER_ACTION_REQUIRED","CUSTOMER_AUTHENTICATION","6997","2026-08-10 17:08:14","2","True","0.33","not_recovered"
"2820","MERCH012","CUST0724","UPI","AXIS","CUSTOMER_ACTION_REQUIRED","CUSTOMER_AUTHENTICATION","2090","2026-08-28 07:28:32","0","False","0.4","recovered"
"2821","MERCH017","CUST0101","UPI","ICICI","INSUFFICIENT_FUNDS","BANK_AUTHORIZATION","1637","2026-08-17 05:46:47","0","False","0.45","not_recovered"
"2822","MERCH001","CUST0917","CARD","AXIS","PROCESSING_ERROR","PAYMENT_PROCESSING","5632","2026-08-04 05:45:31","1","False","0.5","not_recovered"
"2823","MERCH024","CUST0904","CARD","HDFC","BANK_TIMEOUT","BANK_RESPONSE","626","2026-08-29 07:14:50","3","False","0.35","not_recovered"
"2824","MERCH045","CUST0111","CARD","AXIS","BANK_TIMEOUT","BANK_RESPONSE","3183","2026-08-17 22:52:20","1","False","0.45","recovered"
"2825","MERCH026","CUST0521","UPI","SBI","CUSTOMER_ACTION_REQUIRED","CUSTOMER_AUTHENTICATION","3635","2026-08-24 20:08:08","0","False","0.4","recovered"
"2826","MERCH045","CUST0140","UPI","AXIS","BANK_TIMEOUT","BANK_RESPONSE","4912","2026-08-02 13:03:17","1","True","0.48","recovered"
"2827","MERCH011","CUST0662","UPI","ICICI","INSUFFICIENT_FUNDS","BANK_AUTHORIZATION","8705","2026-08-13 03:25:35","2","True","0.38","not_recovered"
"2828","MERCH016","CUST0190","UPI","AXIS","INSUFFICIENT_FUNDS","BANK_AUTHORIZATION","336","2026-08-06 13:41:10","2","True","0.38","not_recovered"
"2829","MERCH019","CUST0275","UPI","ICICI","BANK_TIMEOUT","BANK_RESPONSE","9156","2026-08-15 03:26:52","0","False","0.5","recovered"
"2830","MERCH045","CUST0287","UPI","ICICI","INSUFFICIENT_FUNDS","BANK_AUTHORIZATION","9945","2026-08-16 22:26:19","0","False","0.45","not_recovered"
"2831","MERCH006","CUST0121","CARD","SBI","CARD_BLOCKED","CARD_AUTHORIZATION","6924","2026-08-15 07:11:30","0","False","0.05","not_recovered"
"2832","MERCH020","CUST0507","CARD","HDFC","BANK_TIMEOUT","BANK_RESPONSE","1164","2026-08-11 08:18:09","0","False","0.5","not_recovered"
"2833","MERCH009","CUST0308","CARD","SBI","BANK_TIMEOUT","BANK_RESPONSE","1014","2026-08-26 16:31:40","2","True","0.43","not_recovered"
"2834","MERCH043","CUST0924","UPI","SBI","BANK_TIMEOUT","BANK_RESPONSE","5315","2026-08-20 14:36:46","0","False","0.5","not_recovered"
"2835","MERCH038","CUST0180","UPI","HDFC","INSUFFICIENT_FUNDS","BANK_AUTHORIZATION","6362","2026-08-20 12:36:06","0","False","0.45","not_recovered"
"2836","MERCH039","CUST0178","UPI","ICICI","INSUFFICIENT_FUNDS","BANK_AUTHORIZATION","8902","2026-08-20 15:04:12","0","False","0.45","not_recovered"
"2837","MERCH041","CUST0843","UPI","SBI","CUSTOMER_ACTION_REQUIRED","CUSTOMER_AUTHENTICATION","3876","2026-08-16 19:59:03","0","False","0.4","not_recovered"
"2838","MERCH019","CUST0003","CARD","AXIS","BANK_TIMEOUT","BANK_RESPONSE","8494","2026-08-11 02:49:36","0","True","0.53","not_recovered"
"2839","MERCH044","CUST0530","UPI","HDFC","INSUFFICIENT_FUNDS","BANK_AUTHORIZATION","7843","2026-08-20 00:09:40","0","False","0.45","not_recovered"
"2840","MERCH028","CUST0925","CARD","SBI","PROCESSING_ERROR","PAYMENT_PROCESSING","6030","2026-08-15 23:30:34","0","False","0.55","not_recovered"
"2841","MERCH025","CUST0967","UPI","ICICI","INSUFFICIENT_FUNDS","BANK_AUTHORIZATION","7468","2026-08-15 01:23:39","0","False","0.45","recovered"
"2842","MERCH023","CUST0168","CARD","ICICI","CUSTOMER_ACTION_REQUIRED","CUSTOMER_AUTHENTICATION","7957","2026-08-02 09:37:11","0","False","0.4","not_recovered"
"2843","MERCH028","CUST0291","CARD","HDFC","INSUFFICIENT_FUNDS","BANK_AUTHORIZATION","1674","2026-08-24 19:58:02","0","True","0.48","recovered"
"2844","MERCH036","CUST0536","UPI","SBI","INSUFFICIENT_FUNDS","BANK_AUTHORIZATION","9797","2026-08-30 13:53:19","0","True","0.48","unknown"
"2845","MERCH033","CUST0973","CARD","HDFC","CARD_BLOCKED","CARD_AUTHORIZATION","4766","2026-08-31 15:18:29","1","False","0.0","unknown"
"2846","MERCH034","CUST0986","CARD","AXIS","PROCESSING_ERROR","PAYMENT_PROCESSING","8929","2026-08-31 16:12:18","1","False","0.5","unknown"
"2847","MERCH027","CUST0718","UPI","AXIS","BANK_TIMEOUT","BANK_RESPONSE","464","2026-08-23 00:44:59","1","True","0.48","recovered"
"2848","MERCH029","CUST0930","UPI","SBI","INSUFFICIENT_FUNDS","BANK_AUTHORIZATION","3620","2026-08-27 10:02:15","0","False","0.45","not_recovered"
"2849","MERCH029","CUST0106","CARD","AXIS","PROCESSING_ERROR","PAYMENT_PROCESSING","5973","2026-08-22 07:58:25","0","False","0.55","not_recovered"
"2850","MERCH005","CUST0556","CARD","SBI","BANK_TIMEOUT","BANK_RESPONSE","6397","2026-08-25 20:30:59","1","False","0.45","not_recovered"
"2851","MERCH044","CUST0186","UPI","ICICI","BANK_TIMEOUT","BANK_RESPONSE","6128","2026-08-31 15:30:45","2","False","0.4","unknown"
"2852","MERCH037","CUST0530","CARD","SBI","CUSTOMER_ACTION_REQUIRED","CUSTOMER_AUTHENTICATION","4658","2026-08-17 17:43:34","1","True","0.38","recovered"
"2853","MERCH027","CUST0419","UPI","AXIS","INSUFFICIENT_FUNDS","BANK_AUTHORIZATION","846","2026-08-08 14:07:07","2","False","0.35","recovered"
"2854","MERCH012","CUST0815","CARD","SBI","PROCESSING_ERROR","PAYMENT_PROCESSING","8899","2026-08-30 12:52:06","0","False","0.55","unknown"
"2855","MERCH029","CUST0128","CARD","SBI","CUSTOMER_ACTION_REQUIRED","CUSTOMER_AUTHENTICATION","5513","2026-08-04 16:53:30","3","False","0.25","recovered"
"2856","MERCH021","CUST0893","CARD","AXIS","BANK_TIMEOUT","BANK_RESPONSE","6266","2026-08-16 14:31:15","0","False","0.5","not_recovered"
"2857","MERCH049","CUST0775","UPI","ICICI","PROCESSING_ERROR","PAYMENT_PROCESSING","6771","2026-08-29 03:37:02","2","False","0.45","recovered"
"2858","MERCH033","CUST0360","UPI","SBI","BANK_TIMEOUT","BANK_RESPONSE","1485","2026-08-03 01:19:25","1","False","0.45","recovered"
"2859","MERCH036","CUST0592","CARD","ICICI","INSUFFICIENT_FUNDS","BANK_AUTHORIZATION","3514","2026-08-02 01:47:13","1","False","0.4","not_recovered"
"2860","MERCH024","CUST0151","CARD","AXIS","PROCESSING_ERROR","PAYMENT_PROCESSING","6261","2026-08-25 01:14:17","0","False","0.55","recovered"
"2861","MERCH010","CUST0053","UPI","AXIS","INSUFFICIENT_FUNDS","BANK_AUTHORIZATION","5081","2026-08-15 15:41:25","0","False","0.45","recovered"
"2862","MERCH050","CUST0613","CARD","HDFC","INSUFFICIENT_FUNDS","BANK_AUTHORIZATION","8901","2026-08-05 11:48:55","1","True","0.43","recovered"
"2863","MERCH029","CUST0696","CARD","SBI","PROCESSING_ERROR","PAYMENT_PROCESSING","883","2026-08-23 18:31:56","2","False","0.45","not_recovered"
"2864","MERCH020","CUST0287","CARD","AXIS","PROCESSING_ERROR","PAYMENT_PROCESSING","7112","2026-08-10 09:37:43","1","False","0.5","recovered"
"2865","MERCH026","CUST0456","CARD","SBI","PROCESSING_ERROR","PAYMENT_PROCESSING","9181","2026-08-31 09:24:16","0","False","0.55","unknown"
"2866","MERCH032","CUST0990","CARD","ICICI","BANK_TIMEOUT","BANK_RESPONSE","4022","2026-08-15 20:21:05","2","False","0.4","recovered"
"2867","MERCH023","CUST0869","UPI","AXIS","BANK_TIMEOUT","BANK_RESPONSE","4257","2026-08-03 08:02:08","3","False","0.35","not_recovered"
"2868","MERCH030","CUST0430","CARD","ICICI","INSUFFICIENT_FUNDS","BANK_AUTHORIZATION","2562","2026-08-03 02:14:46","3","False","0.3","not_recovered"
"2869","MERCH006","CUST0316","CARD","ICICI","INSUFFICIENT_FUNDS","BANK_AUTHORIZATION","1546","2026-08-05 16:34:58","0","False","0.45","recovered"
"2870","MERCH050","CUST0213","UPI","SBI","BANK_TIMEOUT","BANK_RESPONSE","862","2026-08-29 17:14:04","2","False","0.4","not_recovered"
"2871","MERCH024","CUST0408","CARD","HDFC","INSUFFICIENT_FUNDS","BANK_AUTHORIZATION","4859","2026-08-14 18:52:24","0","False","0.45","not_recovered"
"2872","MERCH022","CUST0671","CARD","ICICI","INSUFFICIENT_FUNDS","BANK_AUTHORIZATION","3053","2026-08-11 17:20:55","2","True","0.38","not_recovered"
"2873","MERCH003","CUST0647","UPI","SBI","INSUFFICIENT_FUNDS","BANK_AUTHORIZATION","573","2026-08-29 16:49:13","1","True","0.43","not_recovered"
"2874","MERCH020","CUST0599","CARD","AXIS","INSUFFICIENT_FUNDS","BANK_AUTHORIZATION","9930","2026-08-31 00:33:01","0","False","0.45","unknown"
"2875","MERCH026","CUST0854","CARD","SBI","INSUFFICIENT_FUNDS","BANK_AUTHORIZATION","1767","2026-08-17 10:49:29","0","False","0.45","recovered"
"2876","MERCH018","CUST0412","CARD","SBI","INSUFFICIENT_FUNDS","BANK_AUTHORIZATION","5120","2026-08-24 20:02:12","0","False","0.45","not_recovered"
"2877","MERCH049","CUST0664","CARD","AXIS","BANK_TIMEOUT","BANK_RESPONSE","4698","2026-08-24 09:45:15","1","False","0.45","not_recovered"
"2878","MERCH025","CUST0561","UPI","SBI","BANK_TIMEOUT","BANK_RESPONSE","2281","2026-08-19 21:45:11","0","False","0.5","not_recovered"
"2879","MERCH002","CUST0540","UPI","ICICI","BANK_TIMEOUT","BANK_RESPONSE","3912","2026-08-13 05:47:01","0","True","0.53","not_recovered"
"2880","MERCH032","CUST0433","CARD","SBI","INSUFFICIENT_FUNDS","BANK_AUTHORIZATION","7983","2026-08-13 17:54:52","1","False","0.4","not_recovered"
"2881","MERCH005","CUST0260","UPI","ICICI","INSUFFICIENT_FUNDS","BANK_AUTHORIZATION","1545","2026-08-27 19:44:53","0","True","0.48","not_recovered"
"2882","MERCH029","CUST0889","UPI","HDFC","PROCESSING_ERROR","PAYMENT_PROCESSING","1579","2026-08-14 07:09:04","0","False","0.55","recovered"
"2883","MERCH017","CUST0467","CARD","ICICI","CUSTOMER_ACTION_REQUIRED","CUSTOMER_AUTHENTICATION","143","2026-08-11 03:00:35","0","False","0.4","recovered"
"2884","MERCH048","CUST0895","UPI","HDFC","BANK_TIMEOUT","BANK_RESPONSE","7978","2026-08-12 22:54:47","2","False","0.4","not_recovered"
"2885","MERCH048","CUST0699","CARD","AXIS","INSUFFICIENT_FUNDS","BANK_AUTHORIZATION","8241","2026-08-25 06:09:08","0","False","0.45","not_recovered"
"2886","MERCH024","CUST0079","UPI","SBI","INSUFFICIENT_FUNDS","BANK_AUTHORIZATION","8523","2026-08-20 03:36:40","0","False","0.45","not_recovered"
"2887","MERCH050","CUST0326","UPI","ICICI","INSUFFICIENT_FUNDS","BANK_AUTHORIZATION","8738","2026-08-28 02:46:26","0","True","0.48","recovered"
"2888","MERCH036","CUST0617","CARD","ICICI","CUSTOMER_ACTION_REQUIRED","CUSTOMER_AUTHENTICATION","1048","2026-08-30 00:38:44","0","False","0.4","unknown"
"2889","MERCH044","CUST0813","UPI","HDFC","CARD_BLOCKED","CARD_AUTHORIZATION","9176","2026-08-20 05:01:57","0","False","0.05","not_recovered"
"2890","MERCH008","CUST0386","CARD","ICICI","BANK_TIMEOUT","BANK_RESPONSE","3013","2026-08-12 10:38:49","0","False","0.5","recovered"
"2891","MERCH015","CUST0319","UPI","SBI","BANK_TIMEOUT","BANK_RESPONSE","3312","2026-08-27 20:50:16","0","False","0.5","recovered"
"2892","MERCH017","CUST0131","UPI","ICICI","CUSTOMER_ACTION_REQUIRED","CUSTOMER_AUTHENTICATION","1784","2026-08-31 12:40:53","2","False","0.3","unknown"
"2893","MERCH048","CUST0862","UPI","SBI","CUSTOMER_ACTION_REQUIRED","CUSTOMER_AUTHENTICATION","1764","2026-08-10 10:00:45","0","False","0.4","not_recovered"
"2894","MERCH013","CUST0303","UPI","SBI","INSUFFICIENT_FUNDS","BANK_AUTHORIZATION","6679","2026-08-06 06:40:06","0","True","0.48","not_recovered"
"2895","MERCH023","CUST0372","UPI","SBI","CARD_BLOCKED","CARD_AUTHORIZATION","5354","2026-08-12 20:20:46","0","True","0.08","not_recovered"
"2896","MERCH001","CUST0461","CARD","SBI","BANK_TIMEOUT","BANK_RESPONSE","1735","2026-08-04 07:17:10","1","False","0.45","recovered"
"2897","MERCH040","CUST0563","CARD","ICICI","INSUFFICIENT_FUNDS","BANK_AUTHORIZATION","6764","2026-08-22 23:30:05","0","False","0.45","recovered"
"2898","MERCH020","CUST0123","UPI","SBI","INSUFFICIENT_FUNDS","BANK_AUTHORIZATION","9896","2026-08-14 22:57:42","0","True","0.48","recovered"
"2899","MERCH006","CUST0958","UPI","SBI","PROCESSING_ERROR","PAYMENT_PROCESSING","1814","2026-08-20 13:34:51","3","False","0.4","not_recovered"
"2900","MERCH002","CUST0061","UPI","HDFC","BANK_TIMEOUT","BANK_RESPONSE","2295","2026-08-07 23:53:07","0","True","0.53","not_recovered"
"2901","MERCH009","CUST0156","UPI","AXIS","PROCESSING_ERROR","PAYMENT_PROCESSING","6688","2026-08-10 06:38:45","1","False","0.5","not_recovered"
"2902","MERCH050","CUST0391","UPI","SBI","PROCESSING_ERROR","PAYMENT_PROCESSING","4539","2026-08-26 02:32:42","1","False","0.5","recovered"
"2903","MERCH001","CUST0012","CARD","HDFC","INSUFFICIENT_FUNDS","BANK_AUTHORIZATION","5862","2026-08-25 21:32:37","0","True","0.48","not_recovered"
"2904","MERCH004","CUST0721","UPI","HDFC","INSUFFICIENT_FUNDS","BANK_AUTHORIZATION","863","2026-08-24 11:47:11","2","False","0.35","recovered"
"2905","MERCH032","CUST0753","UPI","ICICI","CUSTOMER_ACTION_REQUIRED","CUSTOMER_AUTHENTICATION","9217","2026-08-24 11:31:40","3","True","0.28","not_recovered"
"2906","MERCH019","CUST0343","UPI","SBI","INSUFFICIENT_FUNDS","BANK_AUTHORIZATION","8484","2026-08-03 02:52:34","1","True","0.43","not_recovered"
"2907","MERCH034","CUST0410","UPI","AXIS","INSUFFICIENT_FUNDS","BANK_AUTHORIZATION","9150","2026-08-03 09:24:52","0","False","0.45","recovered"
"2908","MERCH001","CUST0429","CARD","ICICI","CUSTOMER_ACTION_REQUIRED","CUSTOMER_AUTHENTICATION","4417","2026-08-23 21:38:01","3","False","0.25","not_recovered"
"2909","MERCH022","CUST0043","UPI","ICICI","CUSTOMER_ACTION_REQUIRED","CUSTOMER_AUTHENTICATION","8335","2026-08-30 08:54:10","0","False","0.4","unknown"
"2910","MERCH045","CUST0266","UPI","SBI","INSUFFICIENT_FUNDS","BANK_AUTHORIZATION","6472","2026-08-17 23:34:46","1","False","0.4","not_recovered"
"2911","MERCH015","CUST0528","CARD","AXIS","BANK_TIMEOUT","BANK_RESPONSE","6340","2026-08-18 20:58:37","0","False","0.5","not_recovered"
"2912","MERCH040","CUST0850","UPI","SBI","INSUFFICIENT_FUNDS","BANK_AUTHORIZATION","959","2026-08-22 05:28:46","1","False","0.4","recovered"
"2913","MERCH038","CUST0024","UPI","SBI","BANK_TIMEOUT","BANK_RESPONSE","3270","2026-08-28 23:48:05","0","False","0.5","recovered"
"2914","MERCH038","CUST0284","CARD","SBI","BANK_TIMEOUT","BANK_RESPONSE","352","2026-08-12 09:41:59","0","False","0.5","recovered"
"2915","MERCH047","CUST0748","CARD","ICICI","BANK_TIMEOUT","BANK_RESPONSE","9276","2026-08-10 04:18:11","3","False","0.35","recovered"
"2916","MERCH038","CUST0729","UPI","ICICI","PROCESSING_ERROR","PAYMENT_PROCESSING","9330","2026-08-04 07:40:02","3","False","0.4","not_recovered"
"2917","MERCH036","CUST0246","CARD","SBI","CARD_BLOCKED","CARD_AUTHORIZATION","6798","2026-08-25 00:31:13","0","True","0.08","not_recovered"
"2918","MERCH047","CUST0227","UPI","AXIS","PROCESSING_ERROR","PAYMENT_PROCESSING","9219","2026-08-14 10:05:02","2","False","0.45","recovered"
"2919","MERCH041","CUST0542","CARD","ICICI","PROCESSING_ERROR","PAYMENT_PROCESSING","2545","2026-08-30 18:53:47","2","False","0.45","unknown"
"2920","MERCH043","CUST0962","UPI","HDFC","PROCESSING_ERROR","PAYMENT_PROCESSING","2799","2026-08-28 01:05:33","2","False","0.45","recovered"
"2921","MERCH014","CUST0158","UPI","ICICI","INSUFFICIENT_FUNDS","BANK_AUTHORIZATION","7256","2026-08-26 18:08:18","0","False","0.45","not_recovered"
"2922","MERCH044","CUST0965","CARD","AXIS","CUSTOMER_ACTION_REQUIRED","CUSTOMER_AUTHENTICATION","8213","2026-08-26 09:19:02","0","False","0.4","recovered"
"2923","MERCH036","CUST0225","CARD","ICICI","BANK_TIMEOUT","BANK_RESPONSE","9513","2026-08-17 19:10:52","2","False","0.4","recovered"
"2924","MERCH015","CUST0366","UPI","SBI","CARD_BLOCKED","CARD_AUTHORIZATION","5381","2026-08-18 17:30:11","1","False","0.0","not_recovered"
"2925","MERCH011","CUST0946","CARD","ICICI","PROCESSING_ERROR","PAYMENT_PROCESSING","7593","2026-08-15 10:04:08","0","False","0.55","not_recovered"
"2926","MERCH019","CUST0995","CARD","HDFC","PROCESSING_ERROR","PAYMENT_PROCESSING","5395","2026-08-07 20:09:36","2","False","0.45","not_recovered"
"2927","MERCH040","CUST0505","CARD","ICICI","INSUFFICIENT_FUNDS","BANK_AUTHORIZATION","4494","2026-08-31 18:20:47","0","False","0.45","unknown"
"2928","MERCH005","CUST0786","CARD","AXIS","INSUFFICIENT_FUNDS","BANK_AUTHORIZATION","1928","2026-08-31 16:18:22","0","False","0.45","unknown"
"2929","MERCH028","CUST0244","UPI","SBI","PROCESSING_ERROR","PAYMENT_PROCESSING","3484","2026-08-19 00:54:03","1","False","0.5","recovered"
"2930","MERCH008","CUST0406","UPI","SBI","INSUFFICIENT_FUNDS","BANK_AUTHORIZATION","5462","2026-08-29 22:37:51","0","False","0.45","recovered"
"2931","MERCH018","CUST0149","UPI","ICICI","BANK_TIMEOUT","BANK_RESPONSE","3622","2026-08-16 19:42:41","1","False","0.45","not_recovered"
"2932","MERCH027","CUST0567","UPI","ICICI","PROCESSING_ERROR","PAYMENT_PROCESSING","907","2026-08-06 00:29:01","2","False","0.45","not_recovered"
"2933","MERCH018","CUST0009","UPI","HDFC","CUSTOMER_ACTION_REQUIRED","CUSTOMER_AUTHENTICATION","9169","2026-08-02 05:50:05","0","False","0.4","not_recovered"
"2934","MERCH029","CUST0766","UPI","ICICI","BANK_TIMEOUT","BANK_RESPONSE","8734","2026-08-21 09:01:20","0","False","0.5","recovered"
"2935","MERCH023","CUST0335","CARD","ICICI","PROCESSING_ERROR","PAYMENT_PROCESSING","358","2026-08-18 18:00:45","0","True","0.58","recovered"
"2936","MERCH040","CUST0912","CARD","AXIS","CUSTOMER_ACTION_REQUIRED","CUSTOMER_AUTHENTICATION","6701","2026-08-08 16:31:56","0","True","0.43","recovered"
"2937","MERCH014","CUST0405","CARD","SBI","INSUFFICIENT_FUNDS","BANK_AUTHORIZATION","2609","2026-08-27 18:19:42","2","False","0.35","not_recovered"
"2938","MERCH041","CUST0948","UPI","ICICI","BANK_TIMEOUT","BANK_RESPONSE","2896","2026-08-06 03:36:16","2","False","0.4","not_recovered"
"2939","MERCH047","CUST0908","UPI","HDFC","CUSTOMER_ACTION_REQUIRED","CUSTOMER_AUTHENTICATION","8244","2026-08-24 00:56:06","0","False","0.4","recovered"
"2940","MERCH011","CUST0396","UPI","AXIS","INSUFFICIENT_FUNDS","BANK_AUTHORIZATION","6174","2026-08-21 07:18:47","0","False","0.45","recovered"
"2941","MERCH026","CUST0003","CARD","SBI","CUSTOMER_ACTION_REQUIRED","CUSTOMER_AUTHENTICATION","5726","2026-08-05 23:45:13","1","False","0.35","not_recovered"
"2942","MERCH007","CUST0622","UPI","AXIS","PROCESSING_ERROR","PAYMENT_PROCESSING","6167","2026-08-05 07:50:00","0","False","0.55","recovered"
"2943","MERCH007","CUST0813","CARD","HDFC","INSUFFICIENT_FUNDS","BANK_AUTHORIZATION","1743","2026-08-22 20:20:18","2","False","0.35","recovered"
"2944","MERCH049","CUST0690","UPI","ICICI","BANK_TIMEOUT","BANK_RESPONSE","7896","2026-08-15 05:02:05","0","False","0.5","recovered"
"2945","MERCH021","CUST0597","UPI","AXIS","INSUFFICIENT_FUNDS","BANK_AUTHORIZATION","5443","2026-08-16 17:00:42","1","False","0.4","not_recovered"
"2946","MERCH014","CUST0654","CARD","HDFC","CARD_BLOCKED","CARD_AUTHORIZATION","7176","2026-08-28 01:42:03","0","False","0.05","not_recovered"
"2947","MERCH027","CUST0820","UPI","HDFC","BANK_TIMEOUT","BANK_RESPONSE","9639","2026-08-14 21:28:59","1","False","0.45","recovered"
"2948","MERCH026","CUST0970","UPI","ICICI","CUSTOMER_ACTION_REQUIRED","CUSTOMER_AUTHENTICATION","5765","2026-08-12 05:15:38","0","False","0.4","recovered"
"2949","MERCH004","CUST0680","UPI","SBI","INSUFFICIENT_FUNDS","BANK_AUTHORIZATION","5556","2026-08-14 05:54:19","0","False","0.45","not_recovered"
"2950","MERCH040","CUST0985","CARD","HDFC","BANK_TIMEOUT","BANK_RESPONSE","4399","2026-08-28 01:08:14","0","True","0.53","not_recovered"
"2951","MERCH030","CUST0986","CARD","AXIS","INSUFFICIENT_FUNDS","BANK_AUTHORIZATION","3757","2026-08-18 15:10:05","0","False","0.45","not_recovered"
"2952","MERCH020","CUST0098","CARD","ICICI","CUSTOMER_ACTION_REQUIRED","CUSTOMER_AUTHENTICATION","6229","2026-08-24 16:47:07","0","False","0.4","recovered"
"2953","MERCH010","CUST0550","CARD","ICICI","INSUFFICIENT_FUNDS","BANK_AUTHORIZATION","389","2026-08-30 06:09:51","1","False","0.4","unknown"
"2954","MERCH032","CUST0765","CARD","AXIS","PROCESSING_ERROR","PAYMENT_PROCESSING","8317","2026-08-06 17:51:11","1","False","0.5","recovered"
"2955","MERCH034","CUST0792","CARD","SBI","BANK_TIMEOUT","BANK_RESPONSE","6826","2026-08-10 03:19:11","0","False","0.5","not_recovered"
"2956","MERCH041","CUST0310","CARD","SBI","INSUFFICIENT_FUNDS","BANK_AUTHORIZATION","7718","2026-08-06 22:33:40","0","False","0.45","not_recovered"
"2957","MERCH029","CUST0649","UPI","ICICI","BANK_TIMEOUT","BANK_RESPONSE","8172","2026-08-30 15:14:42","0","False","0.5","unknown"
"2958","MERCH045","CUST0252","CARD","SBI","PROCESSING_ERROR","PAYMENT_PROCESSING","5332","2026-08-29 18:19:06","0","True","0.58","not_recovered"
"2959","MERCH032","CUST0962","CARD","ICICI","BANK_TIMEOUT","BANK_RESPONSE","6693","2026-08-03 19:12:03","0","True","0.53","not_recovered"
"2960","MERCH025","CUST0104","UPI","SBI","PROCESSING_ERROR","PAYMENT_PROCESSING","611","2026-08-03 21:48:13","1","False","0.5","recovered"
"2961","MERCH025","CUST0472","CARD","SBI","PROCESSING_ERROR","PAYMENT_PROCESSING","7185","2026-08-31 00:00:03","0","False","0.55","unknown"
"2962","MERCH021","CUST0697","UPI","AXIS","CUSTOMER_ACTION_REQUIRED","CUSTOMER_AUTHENTICATION","2657","2026-08-07 07:58:30","1","False","0.35","not_recovered"
"2963","MERCH016","CUST0681","CARD","AXIS","PROCESSING_ERROR","PAYMENT_PROCESSING","4195","2026-08-19 03:12:20","3","False","0.4","not_recovered"
"2964","MERCH016","CUST0377","CARD","AXIS","INSUFFICIENT_FUNDS","BANK_AUTHORIZATION","1046","2026-08-24 01:28:40","0","False","0.45","recovered"
"2965","MERCH050","CUST0088","UPI","HDFC","CUSTOMER_ACTION_REQUIRED","CUSTOMER_AUTHENTICATION","1844","2026-08-11 09:51:05","1","True","0.38","recovered"
"2966","MERCH039","CUST0480","CARD","HDFC","PROCESSING_ERROR","PAYMENT_PROCESSING","5175","2026-08-31 19:55:43","0","False","0.55","unknown"
"2967","MERCH044","CUST0946","UPI","ICICI","PROCESSING_ERROR","PAYMENT_PROCESSING","9402","2026-08-22 02:23:56","0","False","0.55","recovered"
"2968","MERCH045","CUST0275","UPI","HDFC","BANK_TIMEOUT","BANK_RESPONSE","280","2026-08-04 12:03:34","2","False","0.4","recovered"
"2969","MERCH024","CUST0793","CARD","ICICI","PROCESSING_ERROR","PAYMENT_PROCESSING","2612","2026-08-20 22:11:13","2","False","0.45","not_recovered"
"2970","MERCH022","CUST0186","CARD","HDFC","CUSTOMER_ACTION_REQUIRED","CUSTOMER_AUTHENTICATION","7814","2026-08-30 16:54:41","3","False","0.25","unknown"
"2971","MERCH005","CUST0145","CARD","AXIS","CARD_BLOCKED","CARD_AUTHORIZATION","1798","2026-08-06 07:03:50","2","False","0.0","not_recovered"
"2972","MERCH011","CUST0078","CARD","HDFC","INSUFFICIENT_FUNDS","BANK_AUTHORIZATION","2706","2026-08-20 07:56:54","0","True","0.48","not_recovered"
"2973","MERCH042","CUST0560","UPI","ICICI","CUSTOMER_ACTION_REQUIRED","CUSTOMER_AUTHENTICATION","5115","2026-08-21 03:24:34","3","False","0.25","not_recovered"
"2974","MERCH017","CUST0645","CARD","AXIS","CUSTOMER_ACTION_REQUIRED","CUSTOMER_AUTHENTICATION","3618","2026-08-10 18:43:16","0","False","0.4","recovered"
"2975","MERCH005","CUST0113","UPI","ICICI","INSUFFICIENT_FUNDS","BANK_AUTHORIZATION","6359","2026-08-23 20:27:26","0","False","0.45","not_recovered"
"2976","MERCH010","CUST0060","UPI","SBI","BANK_TIMEOUT","BANK_RESPONSE","3645","2026-08-23 13:56:56","2","False","0.4","not_recovered"
"2977","MERCH050","CUST0103","CARD","AXIS","CARD_BLOCKED","CARD_AUTHORIZATION","4362","2026-08-20 13:03:51","1","True","0.03","not_recovered"
"2978","MERCH017","CUST0678","UPI","HDFC","INSUFFICIENT_FUNDS","BANK_AUTHORIZATION","4473","2026-08-04 21:30:53","2","True","0.38","not_recovered"
"2979","MERCH035","CUST0213","CARD","SBI","INSUFFICIENT_FUNDS","BANK_AUTHORIZATION","8425","2026-08-25 09:12:06","2","False","0.35","recovered"
"2980","MERCH031","CUST0048","UPI","AXIS","BANK_TIMEOUT","BANK_RESPONSE","8016","2026-08-23 03:22:59","0","False","0.5","not_recovered"
"2981","MERCH025","CUST0148","CARD","SBI","PROCESSING_ERROR","PAYMENT_PROCESSING","8009","2026-08-05 04:31:23","1","True","0.53","recovered"
"2982","MERCH010","CUST0043","CARD","AXIS","PROCESSING_ERROR","PAYMENT_PROCESSING","5011","2026-08-06 23:58:41","0","False","0.55","recovered"
"2983","MERCH015","CUST0908","UPI","AXIS","CUSTOMER_ACTION_REQUIRED","CUSTOMER_AUTHENTICATION","5482","2026-08-21 10:44:22","0","False","0.4","recovered"
"2984","MERCH038","CUST0628","UPI","AXIS","INSUFFICIENT_FUNDS","BANK_AUTHORIZATION","3879","2026-08-31 13:47:59","1","False","0.4","unknown"
"2985","MERCH017","CUST0816","UPI","AXIS","BANK_TIMEOUT","BANK_RESPONSE","3859","2026-08-16 11:37:25","0","False","0.5","not_recovered"
"2986","MERCH046","CUST0985","CARD","SBI","INSUFFICIENT_FUNDS","BANK_AUTHORIZATION","1232","2026-08-20 03:27:58","1","True","0.43","recovered"
"2987","MERCH035","CUST0146","CARD","AXIS","CARD_BLOCKED","CARD_AUTHORIZATION","7675","2026-08-15 11:02:43","0","False","0.05","not_recovered"
"2988","MERCH005","CUST0613","UPI","AXIS","BANK_TIMEOUT","BANK_RESPONSE","5685","2026-08-10 08:14:44","0","True","0.53","recovered"
"2989","MERCH028","CUST0586","UPI","AXIS","PROCESSING_ERROR","PAYMENT_PROCESSING","4627","2026-08-26 23:19:06","0","False","0.55","not_recovered"
"2990","MERCH015","CUST0204","CARD","HDFC","BANK_TIMEOUT","BANK_RESPONSE","4983","2026-08-11 07:50:27","1","False","0.45","recovered"
"2991","MERCH027","CUST0371","CARD","HDFC","CUSTOMER_ACTION_REQUIRED","CUSTOMER_AUTHENTICATION","5445","2026-08-06 02:24:15","0","False","0.4","recovered"
"2992","MERCH037","CUST0223","CARD","SBI","INSUFFICIENT_FUNDS","BANK_AUTHORIZATION","2769","2026-08-05 22:56:23","0","False","0.45","not_recovered"
"2993","MERCH010","CUST0933","UPI","HDFC","INSUFFICIENT_FUNDS","BANK_AUTHORIZATION","5513","2026-08-19 20:20:07","0","False","0.45","not_recovered"
"2994","MERCH037","CUST0593","UPI","HDFC","INSUFFICIENT_FUNDS","BANK_AUTHORIZATION","9977","2026-08-24 00:42:37","0","False","0.45","recovered"
"2995","MERCH032","CUST0717","UPI","HDFC","INSUFFICIENT_FUNDS","BANK_AUTHORIZATION","6830","2026-08-26 06:54:41","0","True","0.48","not_recovered"
"2996","MERCH005","CUST0133","CARD","AXIS","INSUFFICIENT_FUNDS","BANK_AUTHORIZATION","1627","2026-08-21 00:53:59","0","False","0.45","not_recovered"
"2997","MERCH041","CUST0569","CARD","HDFC","INSUFFICIENT_FUNDS","BANK_AUTHORIZATION","6410","2026-08-29 02:50:03","0","False","0.45","not_recovered"
"2998","MERCH026","CUST0469","CARD","AXIS","CUSTOMER_ACTION_REQUIRED","CUSTOMER_AUTHENTICATION","253","2026-08-20 19:47:20","0","False","0.4","not_recovered"
"2999","MERCH042","CUST0864","CARD","HDFC","CUSTOMER_ACTION_REQUIRED","CUSTOMER_AUTHENTICATION","7840","2026-08-13 11:20:57","0","False","0.4","recovered"
"3000","MERCH027","CUST0767","CARD","ICICI","CUSTOMER_ACTION_REQUIRED","CUSTOMER_AUTHENTICATION","8289","2026-08-14 19:36:50","3","False","0.25","not_recovered"
"3001","MERCH020","CUST0556","CARD","SBI","PROCESSING_ERROR","PAYMENT_PROCESSING","7289","2026-08-12 13:04:32","2","False","0.45","not_recovered"
"3002","MERCH025","CUST0021","CARD","ICICI","INSUFFICIENT_FUNDS","BANK_AUTHORIZATION","943","2026-08-24 02:07:47","1","False","0.4","not_recovered"
"3003","MERCH024","CUST0838","CARD","AXIS","PROCESSING_ERROR","PAYMENT_PROCESSING","2022","2026-08-07 02:33:02","0","False","0.55","not_recovered"
"3004","MERCH031","CUST0402","CARD","AXIS","PROCESSING_ERROR","PAYMENT_PROCESSING","5852","2026-08-22 07:23:13","0","True","0.58","recovered"
"3005","MERCH030","CUST0156","UPI","AXIS","BANK_TIMEOUT","BANK_RESPONSE","3542","2026-08-16 08:54:55","0","False","0.5","not_recovered"
"3006","MERCH002","CUST0777","UPI","SBI","BANK_TIMEOUT","BANK_RESPONSE","4324","2026-08-20 10:59:41","0","False","0.5","recovered"
"3007","MERCH028","CUST0389","UPI","AXIS","INSUFFICIENT_FUNDS","BANK_AUTHORIZATION","8609","2026-08-08 10:02:37","3","False","0.3","not_recovered"
"3008","MERCH040","CUST0786","CARD","AXIS","CUSTOMER_ACTION_REQUIRED","CUSTOMER_AUTHENTICATION","7293","2026-08-30 22:33:26","0","True","0.43","unknown"
"3009","MERCH042","CUST0211","CARD","HDFC","PROCESSING_ERROR","PAYMENT_PROCESSING","8242","2026-08-24 17:46:02","1","False","0.5","not_recovered"
"3010","MERCH029","CUST0072","UPI","SBI","CARD_BLOCKED","CARD_AUTHORIZATION","4005","2026-08-19 08:37:22","0","False","0.05","not_recovered"
"3011","MERCH012","CUST0677","UPI","AXIS","PROCESSING_ERROR","PAYMENT_PROCESSING","2851","2026-08-15 22:52:05","0","False","0.55","not_recovered"
"3012","MERCH050","CUST0248","UPI","HDFC","INSUFFICIENT_FUNDS","BANK_AUTHORIZATION","9756","2026-08-13 03:43:09","0","False","0.45","not_recovered"
"3013","MERCH046","CUST0911","UPI","AXIS","PROCESSING_ERROR","PAYMENT_PROCESSING","4336","2026-08-12 23:58:05","1","True","0.53","not_recovered"
"3014","MERCH042","CUST0134","UPI","ICICI","PROCESSING_ERROR","PAYMENT_PROCESSING","6519","2026-08-17 16:27:38","1","False","0.5","recovered"
"3015","MERCH033","CUST0352","UPI","AXIS","BANK_TIMEOUT","BANK_RESPONSE","895","2026-08-03 14:27:18","1","False","0.45","recovered"
"3016","MERCH034","CUST0908","CARD","ICICI","PROCESSING_ERROR","PAYMENT_PROCESSING","5681","2026-08-13 21:55:19","0","False","0.55","not_recovered"
"3017","MERCH049","CUST0819","UPI","ICICI","INSUFFICIENT_FUNDS","BANK_AUTHORIZATION","5835","2026-08-17 02:21:44","2","False","0.35","recovered"
"3018","MERCH016","CUST0998","CARD","AXIS","BANK_TIMEOUT","BANK_RESPONSE","5059","2026-08-08 09:48:19","0","False","0.5","recovered"
"3019","MERCH028","CUST0564","CARD","AXIS","INSUFFICIENT_FUNDS","BANK_AUTHORIZATION","3056","2026-08-04 00:59:02","0","False","0.45","recovered"
"3020","MERCH008","CUST0256","UPI","AXIS","INSUFFICIENT_FUNDS","BANK_AUTHORIZATION","1624","2026-08-17 19:51:02","1","False","0.4","not_recovered"
"3021","MERCH038","CUST0795","UPI","AXIS","PROCESSING_ERROR","PAYMENT_PROCESSING","8030","2026-08-09 17:48:25","2","False","0.45","recovered"
"3022","MERCH045","CUST0079","CARD","HDFC","CUSTOMER_ACTION_REQUIRED","CUSTOMER_AUTHENTICATION","9396","2026-08-19 14:06:07","1","True","0.38","not_recovered"
"3023","MERCH031","CUST0938","CARD","ICICI","INSUFFICIENT_FUNDS","BANK_AUTHORIZATION","7097","2026-08-02 09:43:08","0","False","0.45","not_recovered"
"3024","MERCH033","CUST0007","CARD","SBI","INSUFFICIENT_FUNDS","BANK_AUTHORIZATION","1387","2026-08-04 00:08:59","0","False","0.45","recovered"
"3025","MERCH006","CUST0154","UPI","HDFC","BANK_TIMEOUT","BANK_RESPONSE","159","2026-08-05 23:51:01","1","False","0.45","recovered"
"3026","MERCH018","CUST0069","CARD","ICICI","PROCESSING_ERROR","PAYMENT_PROCESSING","2352","2026-08-05 07:24:05","0","False","0.55","recovered"
"3027","MERCH009","CUST0896","CARD","ICICI","BANK_TIMEOUT","BANK_RESPONSE","393","2026-08-06 17:47:59","0","False","0.5","not_recovered"
"3028","MERCH029","CUST0259","CARD","HDFC","CUSTOMER_ACTION_REQUIRED","CUSTOMER_AUTHENTICATION","3865","2026-08-21 07:59:12","0","False","0.4","not_recovered"
"3029","MERCH019","CUST0753","UPI","HDFC","INSUFFICIENT_FUNDS","BANK_AUTHORIZATION","6202","2026-08-26 15:30:00","3","True","0.33","recovered"
"3030","MERCH036","CUST0222","CARD","SBI","PROCESSING_ERROR","PAYMENT_PROCESSING","1540","2026-08-14 14:28:27","0","False","0.55","recovered"
"3031","MERCH009","CUST0411","CARD","SBI","INSUFFICIENT_FUNDS","BANK_AUTHORIZATION","8808","2026-08-18 14:44:21","0","True","0.48","not_recovered"
"3032","MERCH001","CUST0098","CARD","SBI","BANK_TIMEOUT","BANK_RESPONSE","9365","2026-08-22 23:38:56","0","False","0.5","not_recovered"
"3033","MERCH043","CUST0136","UPI","HDFC","PROCESSING_ERROR","PAYMENT_PROCESSING","9462","2026-08-08 08:16:17","0","False","0.55","recovered"
"3034","MERCH047","CUST0739","CARD","HDFC","INSUFFICIENT_FUNDS","BANK_AUTHORIZATION","2547","2026-08-29 10:23:29","0","True","0.48","recovered"
"3035","MERCH042","CUST0872","UPI","AXIS","PROCESSING_ERROR","PAYMENT_PROCESSING","8382","2026-08-09 20:11:26","1","True","0.53","not_recovered"
"3036","MERCH041","CUST0931","CARD","ICICI","CUSTOMER_ACTION_REQUIRED","CUSTOMER_AUTHENTICATION","1366","2026-08-22 20:14:10","2","False","0.3","not_recovered"
"3037","MERCH006","CUST0290","UPI","SBI","CUSTOMER_ACTION_REQUIRED","CUSTOMER_AUTHENTICATION","7745","2026-08-18 05:25:32","2","False","0.3","not_recovered"
"3038","MERCH008","CUST0811","CARD","HDFC","INSUFFICIENT_FUNDS","BANK_AUTHORIZATION","7763","2026-08-13 13:33:03","1","True","0.43","recovered"
"3039","MERCH039","CUST0082","UPI","SBI","INSUFFICIENT_FUNDS","BANK_AUTHORIZATION","9522","2026-08-24 19:23:16","1","False","0.4","not_recovered"
"3040","MERCH028","CUST0726","CARD","AXIS","INSUFFICIENT_FUNDS","BANK_AUTHORIZATION","4325","2026-08-16 10:06:29","0","False","0.45","not_recovered"
"3041","MERCH022","CUST0881","CARD","AXIS","PROCESSING_ERROR","PAYMENT_PROCESSING","2799","2026-08-31 07:14:47","3","False","0.4","unknown"
"3042","MERCH031","CUST0113","CARD","AXIS","BANK_TIMEOUT","BANK_RESPONSE","5136","2026-08-12 19:34:52","2","False","0.4","not_recovered"
"3043","MERCH011","CUST0629","UPI","HDFC","INSUFFICIENT_FUNDS","BANK_AUTHORIZATION","8848","2026-08-02 21:51:36","1","True","0.43","not_recovered"
"3044","MERCH027","CUST0985","UPI","SBI","BANK_TIMEOUT","BANK_RESPONSE","9399","2026-08-15 22:28:22","0","True","0.53","not_recovered"
"3045","MERCH031","CUST0234","CARD","AXIS","INSUFFICIENT_FUNDS","BANK_AUTHORIZATION","2849","2026-08-21 16:27:43","0","False","0.45","not_recovered"
"3046","MERCH009","CUST0129","CARD","ICICI","PROCESSING_ERROR","PAYMENT_PROCESSING","641","2026-08-12 17:16:42","0","False","0.55","recovered"
"3047","MERCH049","CUST0087","CARD","SBI","CUSTOMER_ACTION_REQUIRED","CUSTOMER_AUTHENTICATION","5540","2026-08-09 04:47:30","0","True","0.43","not_recovered"
"3048","MERCH049","CUST0472","UPI","HDFC","PROCESSING_ERROR","PAYMENT_PROCESSING","1178","2026-08-14 13:19:10","0","False","0.55","recovered"
"3049","MERCH001","CUST0900","UPI","SBI","PROCESSING_ERROR","PAYMENT_PROCESSING","2162","2026-08-31 15:08:24","1","False","0.5","unknown"
"3050","MERCH022","CUST0626","CARD","AXIS","CUSTOMER_ACTION_REQUIRED","CUSTOMER_AUTHENTICATION","2780","2026-08-09 15:59:01","1","False","0.35","not_recovered"
"3051","MERCH049","CUST0663","CARD","AXIS","BANK_TIMEOUT","BANK_RESPONSE","7985","2026-08-25 03:21:23","1","True","0.48","recovered"
"3052","MERCH039","CUST0021","UPI","HDFC","PROCESSING_ERROR","PAYMENT_PROCESSING","2779","2026-08-16 14:55:02","0","False","0.55","recovered"
"3053","MERCH001","CUST0044","UPI","HDFC","BANK_TIMEOUT","BANK_RESPONSE","360","2026-08-29 21:30:54","0","False","0.5","recovered"
"3054","MERCH020","CUST0863","CARD","AXIS","INSUFFICIENT_FUNDS","BANK_AUTHORIZATION","5207","2026-08-16 14:48:50","0","False","0.45","recovered"
"3055","MERCH048","CUST0723","CARD","ICICI","INSUFFICIENT_FUNDS","BANK_AUTHORIZATION","960","2026-08-15 19:02:50","0","False","0.45","recovered"
"3056","MERCH032","CUST0614","UPI","SBI","BANK_TIMEOUT","BANK_RESPONSE","7356","2026-08-19 15:43:24","2","False","0.4","not_recovered"
"3057","MERCH040","CUST0202","CARD","HDFC","BANK_TIMEOUT","BANK_RESPONSE","6657","2026-08-30 12:27:58","0","False","0.5","unknown"
"3058","MERCH014","CUST0758","UPI","ICICI","INSUFFICIENT_FUNDS","BANK_AUTHORIZATION","7780","2026-08-29 02:02:32","1","False","0.4","recovered"
"3059","MERCH033","CUST0101","UPI","HDFC","INSUFFICIENT_FUNDS","BANK_AUTHORIZATION","7987","2026-08-13 06:48:58","0","False","0.45","not_recovered"
"3060","MERCH044","CUST0214","UPI","HDFC","CARD_BLOCKED","CARD_AUTHORIZATION","7032","2026-08-17 01:26:22","0","True","0.08","not_recovered"
"3061","MERCH031","CUST0956","CARD","SBI","BANK_TIMEOUT","BANK_RESPONSE","8926","2026-08-20 04:06:02","0","False","0.5","recovered"
"3062","MERCH016","CUST0236","CARD","SBI","INSUFFICIENT_FUNDS","BANK_AUTHORIZATION","1289","2026-08-21 09:45:19","0","False","0.45","recovered"
"3063","MERCH007","CUST0839","UPI","AXIS","BANK_TIMEOUT","BANK_RESPONSE","6090","2026-08-19 07:20:47","0","False","0.5","recovered"
"3064","MERCH038","CUST0979","CARD","SBI","INSUFFICIENT_FUNDS","BANK_AUTHORIZATION","2595","2026-08-16 12:32:21","3","False","0.3","recovered"
"3065","MERCH038","CUST0636","UPI","ICICI","CUSTOMER_ACTION_REQUIRED","CUSTOMER_AUTHENTICATION","1535","2026-08-08 09:19:13","0","False","0.4","not_recovered"
"3066","MERCH032","CUST0790","UPI","SBI","CUSTOMER_ACTION_REQUIRED","CUSTOMER_AUTHENTICATION","5756","2026-08-03 00:50:28","0","False","0.4","not_recovered"
"3067","MERCH020","CUST0626","CARD","SBI","BANK_TIMEOUT","BANK_RESPONSE","7807","2026-08-07 08:14:48","0","False","0.5","not_recovered"
"3068","MERCH023","CUST0509","UPI","AXIS","PROCESSING_ERROR","PAYMENT_PROCESSING","3878","2026-08-10 10:20:56","3","False","0.4","recovered"
"3069","MERCH018","CUST0420","UPI","SBI","CUSTOMER_ACTION_REQUIRED","CUSTOMER_AUTHENTICATION","7154","2026-08-07 20:11:17","1","True","0.38","not_recovered"
"3070","MERCH043","CUST0686","CARD","AXIS","INSUFFICIENT_FUNDS","BANK_AUTHORIZATION","2253","2026-08-02 10:47:11","2","True","0.38","not_recovered"
"3071","MERCH005","CUST0321","UPI","ICICI","INSUFFICIENT_FUNDS","BANK_AUTHORIZATION","5251","2026-08-31 11:20:18","1","False","0.4","unknown"
"3072","MERCH023","CUST0684","CARD","AXIS","PROCESSING_ERROR","PAYMENT_PROCESSING","1367","2026-08-16 20:35:58","0","False","0.55","not_recovered"
"3073","MERCH002","CUST0935","UPI","SBI","INSUFFICIENT_FUNDS","BANK_AUTHORIZATION","1388","2026-08-15 19:30:03","1","False","0.4","recovered"
"3074","MERCH004","CUST0751","UPI","HDFC","PROCESSING_ERROR","PAYMENT_PROCESSING","8512","2026-08-27 11:01:21","0","True","0.58","not_recovered"
"3075","MERCH003","CUST0288","CARD","SBI","PROCESSING_ERROR","PAYMENT_PROCESSING","4082","2026-08-28 22:27:42","0","False","0.55","recovered"
"3076","MERCH046","CUST0549","CARD","SBI","PROCESSING_ERROR","PAYMENT_PROCESSING","5887","2026-08-22 09:52:34","3","True","0.43","recovered"
"3077","MERCH003","CUST0677","CARD","ICICI","CARD_BLOCKED","CARD_AUTHORIZATION","9222","2026-08-28 00:50:17","1","False","0.0","not_recovered"
"3078","MERCH003","CUST0013","CARD","HDFC","BANK_TIMEOUT","BANK_RESPONSE","2665","2026-08-02 02:04:15","1","False","0.45","recovered"
"3079","MERCH043","CUST0967","CARD","AXIS","INSUFFICIENT_FUNDS","BANK_AUTHORIZATION","3264","2026-08-24 05:43:36","0","False","0.45","recovered"
"3080","MERCH034","CUST0229","UPI","HDFC","INSUFFICIENT_FUNDS","BANK_AUTHORIZATION","6659","2026-08-31 07:18:55","0","False","0.45","unknown"
"3081","MERCH049","CUST0613","CARD","SBI","BANK_TIMEOUT","BANK_RESPONSE","5779","2026-08-15 18:56:55","1","False","0.45","not_recovered"
"3082","MERCH006","CUST0267","CARD","AXIS","INSUFFICIENT_FUNDS","BANK_AUTHORIZATION","678","2026-08-23 02:33:25","0","False","0.45","recovered"
"3083","MERCH024","CUST0071","CARD","AXIS","CUSTOMER_ACTION_REQUIRED","CUSTOMER_AUTHENTICATION","1476","2026-08-22 15:08:42","0","False","0.4","recovered"
"3084","MERCH039","CUST0815","CARD","AXIS","INSUFFICIENT_FUNDS","BANK_AUTHORIZATION","5075","2026-08-14 02:02:25","2","True","0.38","recovered"
"3085","MERCH041","CUST0672","CARD","HDFC","PROCESSING_ERROR","PAYMENT_PROCESSING","2501","2026-08-02 18:56:28","1","True","0.53","recovered"
"3086","MERCH023","CUST0439","CARD","HDFC","INSUFFICIENT_FUNDS","BANK_AUTHORIZATION","7795","2026-08-25 03:31:58","0","False","0.45","not_recovered"
"3087","MERCH007","CUST0388","CARD","AXIS","INSUFFICIENT_FUNDS","BANK_AUTHORIZATION","2735","2026-08-22 04:18:22","0","False","0.45","not_recovered"
"3088","MERCH010","CUST0013","UPI","HDFC","INSUFFICIENT_FUNDS","BANK_AUTHORIZATION","1043","2026-08-08 17:21:33","3","False","0.3","recovered"
"3089","MERCH021","CUST0025","UPI","ICICI","INSUFFICIENT_FUNDS","BANK_AUTHORIZATION","613","2026-08-26 15:01:29","3","False","0.3","not_recovered"
"3090","MERCH038","CUST0941","UPI","AXIS","PROCESSING_ERROR","PAYMENT_PROCESSING","7607","2026-08-13 12:00:37","0","False","0.55","recovered"
"3091","MERCH007","CUST0402","UPI","SBI","INSUFFICIENT_FUNDS","BANK_AUTHORIZATION","4721","2026-08-14 01:47:31","0","False","0.45","recovered"
"3092","MERCH002","CUST0595","UPI","ICICI","INSUFFICIENT_FUNDS","BANK_AUTHORIZATION","2678","2026-08-31 20:37:46","0","False","0.45","unknown"
"3093","MERCH002","CUST0504","CARD","SBI","PROCESSING_ERROR","PAYMENT_PROCESSING","9408","2026-08-29 11:53:46","3","False","0.4","not_recovered"
"3094","MERCH027","CUST0773","CARD","HDFC","PROCESSING_ERROR","PAYMENT_PROCESSING","8235","2026-08-11 10:47:07","0","False","0.55","not_recovered"
"3095","MERCH011","CUST0149","CARD","HDFC","PROCESSING_ERROR","PAYMENT_PROCESSING","5462","2026-08-21 14:57:03","0","True","0.58","recovered"
"3096","MERCH009","CUST0230","CARD","SBI","PROCESSING_ERROR","PAYMENT_PROCESSING","7769","2026-08-23 22:09:40","2","False","0.45","recovered"
"3097","MERCH024","CUST0081","CARD","SBI","CUSTOMER_ACTION_REQUIRED","CUSTOMER_AUTHENTICATION","1775","2026-08-27 01:51:45","2","True","0.33","not_recovered"
"3098","MERCH001","CUST0345","UPI","AXIS","PROCESSING_ERROR","PAYMENT_PROCESSING","811","2026-08-28 07:47:04","2","False","0.45","recovered"
"3099","MERCH009","CUST0500","CARD","ICICI","PROCESSING_ERROR","PAYMENT_PROCESSING","651","2026-08-30 08:03:48","1","False","0.5","unknown"
"3100","MERCH027","CUST0085","CARD","HDFC","PROCESSING_ERROR","PAYMENT_PROCESSING","5391","2026-08-28 18:43:30","2","False","0.45","recovered"
"3101","MERCH020","CUST0160","UPI","HDFC","INSUFFICIENT_FUNDS","BANK_AUTHORIZATION","4352","2026-08-28 22:59:46","0","False","0.45","not_recovered"
"3102","MERCH013","CUST0742","UPI","HDFC","CUSTOMER_ACTION_REQUIRED","CUSTOMER_AUTHENTICATION","3945","2026-08-24 10:17:47","0","False","0.4","recovered"
"3103","MERCH005","CUST0858","UPI","SBI","BANK_TIMEOUT","BANK_RESPONSE","6330","2026-08-20 11:29:15","1","False","0.45","not_recovered"
"3104","MERCH008","CUST0619","UPI","AXIS","INSUFFICIENT_FUNDS","BANK_AUTHORIZATION","1497","2026-08-03 04:33:10","0","False","0.45","not_recovered"
"3105","MERCH033","CUST0582","UPI","SBI","CUSTOMER_ACTION_REQUIRED","CUSTOMER_AUTHENTICATION","2151","2026-08-17 07:23:03","2","False","0.3","not_recovered"
"3106","MERCH039","CUST0147","CARD","AXIS","PROCESSING_ERROR","PAYMENT_PROCESSING","9147","2026-08-12 06:19:12","0","False","0.55","recovered"
"3107","MERCH006","CUST0288","UPI","HDFC","BANK_TIMEOUT","BANK_RESPONSE","8548","2026-08-07 00:45:16","0","False","0.5","not_recovered"
"3108","MERCH041","CUST0107","CARD","SBI","CARD_BLOCKED","CARD_AUTHORIZATION","5700","2026-08-06 04:06:30","1","False","0.0","not_recovered"
"3109","MERCH008","CUST0456","UPI","ICICI","INSUFFICIENT_FUNDS","BANK_AUTHORIZATION","731","2026-08-26 09:15:16","0","True","0.48","not_recovered"
"3110","MERCH004","CUST0827","CARD","AXIS","INSUFFICIENT_FUNDS","BANK_AUTHORIZATION","8346","2026-08-24 06:30:26","0","True","0.48","recovered"
"3111","MERCH017","CUST0829","CARD","AXIS","INSUFFICIENT_FUNDS","BANK_AUTHORIZATION","7862","2026-08-08 01:48:08","3","True","0.33","recovered"
"3112","MERCH031","CUST0615","CARD","SBI","PROCESSING_ERROR","PAYMENT_PROCESSING","4486","2026-08-03 07:49:54","0","False","0.55","not_recovered"
"3113","MERCH017","CUST0265","CARD","SBI","BANK_TIMEOUT","BANK_RESPONSE","3862","2026-08-13 23:41:48","1","False","0.45","recovered"
"3114","MERCH040","CUST0296","UPI","HDFC","CUSTOMER_ACTION_REQUIRED","CUSTOMER_AUTHENTICATION","6727","2026-08-16 14:03:38","0","False","0.4","recovered"
"3115","MERCH011","CUST0437","CARD","ICICI","INSUFFICIENT_FUNDS","BANK_AUTHORIZATION","1170","2026-08-29 00:23:39","0","False","0.45","not_recovered"
"3116","MERCH016","CUST0090","UPI","SBI","INSUFFICIENT_FUNDS","BANK_AUTHORIZATION","8846","2026-08-31 06:02:02","0","False","0.45","unknown"
"3117","MERCH027","CUST0806","UPI","HDFC","INSUFFICIENT_FUNDS","BANK_AUTHORIZATION","6590","2026-08-03 19:38:04","0","False","0.45","recovered"
"3118","MERCH029","CUST0298","CARD","AXIS","PROCESSING_ERROR","PAYMENT_PROCESSING","9298","2026-08-20 09:04:01","1","False","0.5","not_recovered"
"3119","MERCH038","CUST0279","CARD","SBI","PROCESSING_ERROR","PAYMENT_PROCESSING","4137","2026-08-21 16:11:39","2","True","0.48","recovered"
"3120","MERCH030","CUST0818","CARD","SBI","BANK_TIMEOUT","BANK_RESPONSE","7382","2026-08-25 14:33:53","3","False","0.35","recovered"
"3121","MERCH031","CUST0321","CARD","HDFC","CUSTOMER_ACTION_REQUIRED","CUSTOMER_AUTHENTICATION","705","2026-08-23 13:28:25","0","True","0.43","not_recovered"
"3122","MERCH029","CUST0110","CARD","SBI","CARD_BLOCKED","CARD_AUTHORIZATION","4655","2026-08-31 21:47:37","0","False","0.05","unknown"
"3123","MERCH018","CUST0294","CARD","SBI","CARD_BLOCKED","CARD_AUTHORIZATION","5943","2026-08-18 05:21:24","2","False","0.0","not_recovered"
"3124","MERCH015","CUST0239","CARD","AXIS","CARD_BLOCKED","CARD_AUTHORIZATION","5710","2026-08-20 03:46:17","3","False","0.0","not_recovered"
"3125","MERCH031","CUST0795","UPI","HDFC","BANK_TIMEOUT","BANK_RESPONSE","6001","2026-08-13 20:03:04","2","False","0.4","not_recovered"
"3126","MERCH020","CUST0633","UPI","AXIS","BANK_TIMEOUT","BANK_RESPONSE","5801","2026-08-12 09:50:36","1","False","0.45","not_recovered"
"3127","MERCH040","CUST0490","CARD","HDFC","INSUFFICIENT_FUNDS","BANK_AUTHORIZATION","7545","2026-08-12 12:11:21","3","False","0.3","not_recovered"
"3128","MERCH045","CUST0935","UPI","ICICI","PROCESSING_ERROR","PAYMENT_PROCESSING","2594","2026-08-11 12:26:42","1","False","0.5","not_recovered"
"3129","MERCH034","CUST0386","CARD","HDFC","CUSTOMER_ACTION_REQUIRED","CUSTOMER_AUTHENTICATION","2613","2026-08-25 06:15:52","1","False","0.35","not_recovered"
"3130","MERCH006","CUST0268","UPI","HDFC","INSUFFICIENT_FUNDS","BANK_AUTHORIZATION","3389","2026-08-08 00:53:57","2","False","0.35","not_recovered"
"3131","MERCH029","CUST0960","UPI","AXIS","INSUFFICIENT_FUNDS","BANK_AUTHORIZATION","6061","2026-08-29 03:31:57","1","False","0.4","recovered"
"3132","MERCH021","CUST0474","UPI","SBI","CUSTOMER_ACTION_REQUIRED","CUSTOMER_AUTHENTICATION","2089","2026-08-20 20:43:47","0","True","0.43","not_recovered"
"3133","MERCH038","CUST0571","UPI","ICICI","BANK_TIMEOUT","BANK_RESPONSE","6541","2026-08-16 16:09:28","0","False","0.5","not_recovered"
"3134","MERCH039","CUST0459","UPI","SBI","CARD_BLOCKED","CARD_AUTHORIZATION","5468","2026-08-19 12:09:06","0","False","0.05","not_recovered"
"3135","MERCH046","CUST0244","CARD","HDFC","PROCESSING_ERROR","PAYMENT_PROCESSING","1722","2026-08-28 06:19:05","3","False","0.4","not_recovered"
"3136","MERCH010","CUST0371","CARD","HDFC","BANK_TIMEOUT","BANK_RESPONSE","997","2026-08-17 23:37:26","0","False","0.5","recovered"
"3137","MERCH004","CUST0008","UPI","SBI","BANK_TIMEOUT","BANK_RESPONSE","1920","2026-08-04 16:31:32","0","False","0.5","recovered"
"3138","MERCH005","CUST0867","CARD","HDFC","PROCESSING_ERROR","PAYMENT_PROCESSING","4234","2026-08-26 23:10:04","0","False","0.55","not_recovered"
"3139","MERCH001","CUST0049","UPI","HDFC","PROCESSING_ERROR","PAYMENT_PROCESSING","5063","2026-08-20 05:27:06","2","False","0.45","not_recovered"
"3140","MERCH044","CUST0973","CARD","AXIS","INSUFFICIENT_FUNDS","BANK_AUTHORIZATION","3672","2026-08-05 13:43:21","0","False","0.45","not_recovered"
"3141","MERCH032","CUST0693","CARD","HDFC","BANK_TIMEOUT","BANK_RESPONSE","6861","2026-08-19 14:41:36","3","False","0.35","recovered"
"3142","MERCH009","CUST0130","UPI","HDFC","CUSTOMER_ACTION_REQUIRED","CUSTOMER_AUTHENTICATION","443","2026-08-21 22:27:15","0","True","0.43","not_recovered"
"3143","MERCH026","CUST0842","CARD","SBI","PROCESSING_ERROR","PAYMENT_PROCESSING","1134","2026-08-12 20:12:53","2","True","0.48","recovered"
"3144","MERCH049","CUST0120","CARD","HDFC","PROCESSING_ERROR","PAYMENT_PROCESSING","3201","2026-08-17 09:10:24","2","False","0.45","recovered"
"3145","MERCH030","CUST0445","CARD","SBI","CUSTOMER_ACTION_REQUIRED","CUSTOMER_AUTHENTICATION","2514","2026-08-12 22:31:34","1","False","0.35","not_recovered"
"3146","MERCH047","CUST0234","UPI","ICICI","INSUFFICIENT_FUNDS","BANK_AUTHORIZATION","8843","2026-08-09 05:48:47","2","False","0.35","not_recovered"
"3147","MERCH030","CUST0934","UPI","HDFC","PROCESSING_ERROR","PAYMENT_PROCESSING","9971","2026-08-13 16:05:09","0","False","0.55","not_recovered"
"3148","MERCH037","CUST0329","UPI","HDFC","INSUFFICIENT_FUNDS","BANK_AUTHORIZATION","6890","2026-08-14 11:43:59","0","False","0.45","recovered"
"3149","MERCH016","CUST0821","CARD","AXIS","PROCESSING_ERROR","PAYMENT_PROCESSING","2002","2026-08-05 14:39:55","0","False","0.55","recovered"
"3150","MERCH028","CUST0264","UPI","SBI","INSUFFICIENT_FUNDS","BANK_AUTHORIZATION","8286","2026-08-25 05:57:43","0","False","0.45","not_recovered"
"3151","MERCH039","CUST0692","UPI","AXIS","BANK_TIMEOUT","BANK_RESPONSE","2834","2026-08-25 08:58:00","0","False","0.5","recovered"
"3152","MERCH023","CUST0591","UPI","HDFC","INSUFFICIENT_FUNDS","BANK_AUTHORIZATION","4465","2026-08-20 22:35:06","3","False","0.3","recovered"
"3153","MERCH012","CUST0908","CARD","AXIS","BANK_TIMEOUT","BANK_RESPONSE","3644","2026-08-09 01:48:57","0","False","0.5","recovered"
"3154","MERCH001","CUST0180","CARD","ICICI","BANK_TIMEOUT","BANK_RESPONSE","9757","2026-08-29 13:30:16","3","False","0.35","recovered"
"3155","MERCH030","CUST0994","UPI","ICICI","CARD_BLOCKED","CARD_AUTHORIZATION","9584","2026-08-17 07:59:18","1","True","0.03","not_recovered"
"3156","MERCH010","CUST0261","CARD","ICICI","BANK_TIMEOUT","BANK_RESPONSE","1304","2026-08-05 03:01:13","0","False","0.5","recovered"
"3157","MERCH030","CUST0013","UPI","AXIS","INSUFFICIENT_FUNDS","BANK_AUTHORIZATION","5918","2026-08-21 01:48:50","3","False","0.3","not_recovered"
"3158","MERCH007","CUST0165","CARD","ICICI","BANK_TIMEOUT","BANK_RESPONSE","2727","2026-08-11 23:10:33","0","False","0.5","not_recovered"
"3159","MERCH024","CUST0408","UPI","SBI","BANK_TIMEOUT","BANK_RESPONSE","8425","2026-08-09 02:16:49","1","True","0.48","recovered"
"3160","MERCH041","CUST0573","UPI","AXIS","INSUFFICIENT_FUNDS","BANK_AUTHORIZATION","2906","2026-08-07 08:53:38","0","False","0.45","not_recovered"
"3161","MERCH034","CUST0208","UPI","HDFC","BANK_TIMEOUT","BANK_RESPONSE","3860","2026-08-22 17:12:37","3","False","0.35","recovered"
"3162","MERCH023","CUST0153","UPI","SBI","PROCESSING_ERROR","PAYMENT_PROCESSING","207","2026-08-05 02:37:39","1","False","0.5","not_recovered"
"3163","MERCH009","CUST0558","CARD","ICICI","CUSTOMER_ACTION_REQUIRED","CUSTOMER_AUTHENTICATION","1236","2026-08-23 04:58:16","1","True","0.38","not_recovered"
"3164","MERCH028","CUST0781","UPI","AXIS","INSUFFICIENT_FUNDS","BANK_AUTHORIZATION","2672","2026-08-17 21:15:34","0","True","0.48","not_recovered"
"3165","MERCH002","CUST0980","CARD","SBI","INSUFFICIENT_FUNDS","BANK_AUTHORIZATION","1981","2026-08-16 17:41:24","1","False","0.4","not_recovered"
"3166","MERCH009","CUST0440","UPI","HDFC","BANK_TIMEOUT","BANK_RESPONSE","310","2026-08-12 04:26:21","0","False","0.5","recovered"
"3167","MERCH016","CUST0330","UPI","HDFC","BANK_TIMEOUT","BANK_RESPONSE","8766","2026-08-13 05:02:02","0","False","0.5","not_recovered"
"3168","MERCH044","CUST0146","CARD","HDFC","CARD_BLOCKED","CARD_AUTHORIZATION","5521","2026-08-11 22:30:21","1","False","0.0","not_recovered"
"3169","MERCH010","CUST0870","UPI","SBI","CUSTOMER_ACTION_REQUIRED","CUSTOMER_AUTHENTICATION","6594","2026-08-12 17:36:57","0","False","0.4","not_recovered"
"3170","MERCH040","CUST0395","CARD","ICICI","INSUFFICIENT_FUNDS","BANK_AUTHORIZATION","3480","2026-08-02 01:40:18","0","False","0.45","recovered"
"3171","MERCH002","CUST0399","UPI","AXIS","PROCESSING_ERROR","PAYMENT_PROCESSING","9607","2026-08-24 12:57:27","0","False","0.55","recovered"
"3172","MERCH048","CUST0340","UPI","SBI","INSUFFICIENT_FUNDS","BANK_AUTHORIZATION","1656","2026-08-25 18:39:36","0","True","0.48","not_recovered"
"3173","MERCH045","CUST0175","UPI","HDFC","INSUFFICIENT_FUNDS","BANK_AUTHORIZATION","2049","2026-08-19 09:52:29","0","False","0.45","not_recovered"
"3174","MERCH027","CUST0631","CARD","SBI","BANK_TIMEOUT","BANK_RESPONSE","3297","2026-08-07 22:20:14","0","True","0.53","recovered"
"3175","MERCH011","CUST0715","UPI","HDFC","INSUFFICIENT_FUNDS","BANK_AUTHORIZATION","9155","2026-08-04 07:55:02","0","False","0.45","recovered"
"3176","MERCH030","CUST0664","CARD","ICICI","INSUFFICIENT_FUNDS","BANK_AUTHORIZATION","4540","2026-08-04 18:43:10","3","False","0.3","not_recovered"
"3177","MERCH026","CUST0179","CARD","HDFC","PROCESSING_ERROR","PAYMENT_PROCESSING","865","2026-08-07 04:05:22","0","False","0.55","not_recovered"
"3178","MERCH021","CUST0328","CARD","HDFC","PROCESSING_ERROR","PAYMENT_PROCESSING","9001","2026-08-28 19:19:00","0","False","0.55","recovered"
"3179","MERCH029","CUST0283","UPI","HDFC","INSUFFICIENT_FUNDS","BANK_AUTHORIZATION","5977","2026-08-27 21:44:36","2","False","0.35","not_recovered"
"3180","MERCH038","CUST0483","UPI","AXIS","INSUFFICIENT_FUNDS","BANK_AUTHORIZATION","5170","2026-08-08 08:54:46","0","False","0.45","recovered"
"3181","MERCH045","CUST0337","CARD","ICICI","PROCESSING_ERROR","PAYMENT_PROCESSING","3066","2026-08-04 04:39:23","0","False","0.55","not_recovered"
"3182","MERCH029","CUST0329","CARD","AXIS","PROCESSING_ERROR","PAYMENT_PROCESSING","1546","2026-08-07 04:38:04","1","False","0.5","not_recovered"
"3183","MERCH036","CUST0229","UPI","ICICI","BANK_TIMEOUT","BANK_RESPONSE","7763","2026-08-21 23:38:19","3","False","0.35","recovered"
"3184","MERCH050","CUST0889","UPI","SBI","CARD_BLOCKED","CARD_AUTHORIZATION","109","2026-08-28 16:12:17","1","False","0.0","not_recovered"
"3185","MERCH034","CUST0585","CARD","SBI","BANK_TIMEOUT","BANK_RESPONSE","1886","2026-08-18 22:11:02","1","False","0.45","recovered"
"3186","MERCH050","CUST0211","UPI","AXIS","BANK_TIMEOUT","BANK_RESPONSE","9850","2026-08-20 06:01:34","0","False","0.5","recovered"
"3187","MERCH030","CUST0444","UPI","HDFC","BANK_TIMEOUT","BANK_RESPONSE","9566","2026-08-27 01:26:02","1","False","0.45","recovered"
"3188","MERCH032","CUST0288","CARD","SBI","BANK_TIMEOUT","BANK_RESPONSE","4137","2026-08-29 18:42:49","1","False","0.45","not_recovered"
"3189","MERCH039","CUST0130","CARD","SBI","BANK_TIMEOUT","BANK_RESPONSE","5479","2026-08-21 02:58:54","3","False","0.35","not_recovered"
"3190","MERCH015","CUST0217","CARD","ICICI","CUSTOMER_ACTION_REQUIRED","CUSTOMER_AUTHENTICATION","2484","2026-08-26 22:06:44","0","False","0.4","not_recovered"
"3191","MERCH040","CUST0525","CARD","SBI","PROCESSING_ERROR","PAYMENT_PROCESSING","4330","2026-08-13 09:37:20","3","False","0.4","not_recovered"
"3192","MERCH004","CUST0729","UPI","SBI","PROCESSING_ERROR","PAYMENT_PROCESSING","8233","2026-08-30 12:21:13","0","False","0.55","unknown"
"3193","MERCH040","CUST0871","CARD","ICICI","INSUFFICIENT_FUNDS","BANK_AUTHORIZATION","4239","2026-08-17 00:50:04","0","False","0.45","recovered"
"3194","MERCH026","CUST0596","UPI","AXIS","INSUFFICIENT_FUNDS","BANK_AUTHORIZATION","5725","2026-08-15 19:49:36","1","False","0.4","not_recovered"
"3195","MERCH023","CUST0582","UPI","AXIS","INSUFFICIENT_FUNDS","BANK_AUTHORIZATION","4345","2026-08-14 02:40:18","0","False","0.45","not_recovered"
"3196","MERCH040","CUST0529","CARD","SBI","PROCESSING_ERROR","PAYMENT_PROCESSING","9476","2026-08-22 20:02:47","0","False","0.55","recovered"
"3197","MERCH049","CUST0229","CARD","ICICI","PROCESSING_ERROR","PAYMENT_PROCESSING","9146","2026-08-05 11:56:11","0","False","0.55","not_recovered"
"3198","MERCH014","CUST0314","UPI","AXIS","CUSTOMER_ACTION_REQUIRED","CUSTOMER_AUTHENTICATION","3549","2026-08-04 18:09:51","3","False","0.25","recovered"
"3199","MERCH044","CUST0861","CARD","AXIS","CARD_BLOCKED","CARD_AUTHORIZATION","1638","2026-08-11 09:13:00","0","True","0.08","not_recovered"
"3200","MERCH032","CUST0521","UPI","AXIS","PROCESSING_ERROR","PAYMENT_PROCESSING","2534","2026-08-11 06:14:12","0","False","0.55","recovered"
"3201","MERCH001","CUST0242","UPI","AXIS","PROCESSING_ERROR","PAYMENT_PROCESSING","9996","2026-08-18 12:12:26","0","False","0.55","not_recovered"
"3202","MERCH003","CUST0746","UPI","HDFC","INSUFFICIENT_FUNDS","BANK_AUTHORIZATION","2364","2026-08-21 01:23:53","0","True","0.48","recovered"
"3203","MERCH045","CUST0688","CARD","SBI","INSUFFICIENT_FUNDS","BANK_AUTHORIZATION","7480","2026-08-09 13:36:27","0","False","0.45","recovered"
"3204","MERCH009","CUST0252","CARD","AXIS","PROCESSING_ERROR","PAYMENT_PROCESSING","4884","2026-08-22 13:51:25","1","False","0.5","recovered"
"3205","MERCH016","CUST0728","CARD","ICICI","PROCESSING_ERROR","PAYMENT_PROCESSING","7497","2026-08-04 00:49:08","2","True","0.48","recovered"
"3206","MERCH008","CUST0482","CARD","SBI","INSUFFICIENT_FUNDS","BANK_AUTHORIZATION","5165","2026-08-14 21:17:37","3","False","0.3","not_recovered"
"3207","MERCH031","CUST0819","CARD","SBI","BANK_TIMEOUT","BANK_RESPONSE","1865","2026-08-28 17:58:33","1","False","0.45","not_recovered"
"3208","MERCH041","CUST0152","CARD","SBI","CUSTOMER_ACTION_REQUIRED","CUSTOMER_AUTHENTICATION","5423","2026-08-03 10:33:38","0","False","0.4","not_recovered"
"3209","MERCH011","CUST0891","UPI","HDFC","BANK_TIMEOUT","BANK_RESPONSE","532","2026-08-19 16:52:49","0","False","0.5","not_recovered"
"3210","MERCH023","CUST0255","UPI","ICICI","PROCESSING_ERROR","PAYMENT_PROCESSING","5405","2026-08-18 12:15:22","1","True","0.53","not_recovered"
"3211","MERCH014","CUST0723","CARD","AXIS","INSUFFICIENT_FUNDS","BANK_AUTHORIZATION","8266","2026-08-25 15:43:56","1","False","0.4","not_recovered"
"3212","MERCH014","CUST0238","UPI","AXIS","PROCESSING_ERROR","PAYMENT_PROCESSING","3240","2026-08-29 23:44:21","1","True","0.53","not_recovered"
"3213","MERCH027","CUST0037","UPI","HDFC","BANK_TIMEOUT","BANK_RESPONSE","4100","2026-08-21 10:23:30","1","False","0.45","not_recovered"
"3214","MERCH010","CUST0971","CARD","SBI","INSUFFICIENT_FUNDS","BANK_AUTHORIZATION","3110","2026-08-09 06:22:27","0","False","0.45","not_recovered"
"3215","MERCH044","CUST0024","CARD","SBI","PROCESSING_ERROR","PAYMENT_PROCESSING","708","2026-08-22 22:55:38","1","False","0.5","recovered"
"3216","MERCH047","CUST0069","CARD","SBI","INSUFFICIENT_FUNDS","BANK_AUTHORIZATION","1014","2026-08-12 01:24:46","1","False","0.4","recovered"
"3217","MERCH003","CUST0469","CARD","AXIS","CUSTOMER_ACTION_REQUIRED","CUSTOMER_AUTHENTICATION","1976","2026-08-20 13:31:10","0","True","0.43","not_recovered"
"3218","MERCH044","CUST0244","UPI","SBI","BANK_TIMEOUT","BANK_RESPONSE","2681","2026-08-30 01:24:31","2","False","0.4","unknown"
"3219","MERCH040","CUST0151","UPI","SBI","CUSTOMER_ACTION_REQUIRED","CUSTOMER_AUTHENTICATION","3775","2026-08-03 04:59:58","0","True","0.43","not_recovered"
"3220","MERCH003","CUST0887","UPI","HDFC","CUSTOMER_ACTION_REQUIRED","CUSTOMER_AUTHENTICATION","8470","2026-08-13 07:40:00","1","False","0.35","recovered"
"3221","MERCH030","CUST0799","UPI","ICICI","INSUFFICIENT_FUNDS","BANK_AUTHORIZATION","9269","2026-08-17 17:39:45","0","False","0.45","not_recovered"
"3222","MERCH011","CUST0913","UPI","SBI","PROCESSING_ERROR","PAYMENT_PROCESSING","2569","2026-08-09 16:59:29","1","False","0.5","not_recovered"
"3223","MERCH048","CUST0027","UPI","HDFC","PROCESSING_ERROR","PAYMENT_PROCESSING","9552","2026-08-28 20:45:54","0","False","0.55","recovered"
"3224","MERCH027","CUST0375","CARD","HDFC","BANK_TIMEOUT","BANK_RESPONSE","4535","2026-08-25 20:08:15","0","False","0.5","recovered"
"3225","MERCH045","CUST0842","UPI","AXIS","CUSTOMER_ACTION_REQUIRED","CUSTOMER_AUTHENTICATION","4446","2026-08-23 08:35:28","0","False","0.4","not_recovered"
"3226","MERCH022","CUST0182","CARD","AXIS","INSUFFICIENT_FUNDS","BANK_AUTHORIZATION","9113","2026-08-24 14:40:07","1","False","0.4","not_recovered"
"3227","MERCH035","CUST0268","UPI","AXIS","INSUFFICIENT_FUNDS","BANK_AUTHORIZATION","4566","2026-08-22 05:20:38","0","False","0.45","not_recovered"
"3228","MERCH004","CUST0445","UPI","HDFC","CUSTOMER_ACTION_REQUIRED","CUSTOMER_AUTHENTICATION","8520","2026-08-26 06:41:08","1","False","0.35","recovered"
"3229","MERCH020","CUST0159","CARD","SBI","BANK_TIMEOUT","BANK_RESPONSE","2333","2026-08-26 21:16:47","1","True","0.48","recovered"
"3230","MERCH047","CUST0073","CARD","ICICI","INSUFFICIENT_FUNDS","BANK_AUTHORIZATION","539","2026-08-02 01:31:33","0","False","0.45","recovered"
"3231","MERCH034","CUST0965","CARD","SBI","INSUFFICIENT_FUNDS","BANK_AUTHORIZATION","6617","2026-08-28 08:20:53","0","False","0.45","recovered"
"3232","MERCH042","CUST0412","CARD","ICICI","CARD_BLOCKED","CARD_AUTHORIZATION","9557","2026-08-19 20:22:50","1","True","0.03","not_recovered"
"3233","MERCH013","CUST0920","UPI","HDFC","BANK_TIMEOUT","BANK_RESPONSE","4400","2026-08-08 11:34:51","1","False","0.45","not_recovered"
"3234","MERCH044","CUST0703","CARD","SBI","CUSTOMER_ACTION_REQUIRED","CUSTOMER_AUTHENTICATION","395","2026-08-06 02:43:48","1","True","0.38","not_recovered"
"3235","MERCH044","CUST0268","UPI","AXIS","INSUFFICIENT_FUNDS","BANK_AUTHORIZATION","2041","2026-08-24 21:04:56","0","False","0.45","not_recovered"
"3236","MERCH026","CUST0498","UPI","ICICI","INSUFFICIENT_FUNDS","BANK_AUTHORIZATION","7956","2026-08-24 16:29:23","1","False","0.4","recovered"
"3237","MERCH019","CUST0060","CARD","HDFC","INSUFFICIENT_FUNDS","BANK_AUTHORIZATION","9077","2026-08-30 02:33:42","0","False","0.45","unknown"
"3238","MERCH025","CUST0464","UPI","ICICI","PROCESSING_ERROR","PAYMENT_PROCESSING","979","2026-08-17 21:35:31","3","True","0.43","not_recovered"
"3239","MERCH037","CUST0948","UPI","SBI","BANK_TIMEOUT","BANK_RESPONSE","935","2026-08-07 03:39:23","0","False","0.5","recovered"
"3240","MERCH012","CUST0013","CARD","SBI","INSUFFICIENT_FUNDS","BANK_AUTHORIZATION","4835","2026-08-29 10:40:33","0","False","0.45","not_recovered"
"3241","MERCH015","CUST0721","UPI","SBI","INSUFFICIENT_FUNDS","BANK_AUTHORIZATION","2920","2026-08-24 20:22:04","0","False","0.45","not_recovered"
"3242","MERCH018","CUST0664","CARD","ICICI","BANK_TIMEOUT","BANK_RESPONSE","9916","2026-08-22 11:58:10","0","False","0.5","not_recovered"
"3243","MERCH048","CUST0317","CARD","HDFC","INSUFFICIENT_FUNDS","BANK_AUTHORIZATION","6384","2026-08-31 21:08:40","1","False","0.4","unknown"
"3244","MERCH042","CUST0170","UPI","ICICI","INSUFFICIENT_FUNDS","BANK_AUTHORIZATION","4756","2026-08-07 11:39:40","0","False","0.45","recovered"
"3245","MERCH003","CUST0964","CARD","SBI","CUSTOMER_ACTION_REQUIRED","CUSTOMER_AUTHENTICATION","3174","2026-08-13 13:42:15","0","False","0.4","not_recovered"
"3246","MERCH015","CUST0890","CARD","AXIS","BANK_TIMEOUT","BANK_RESPONSE","6579","2026-08-29 20:05:34","1","False","0.45","recovered"
"3247","MERCH035","CUST0118","CARD","SBI","CUSTOMER_ACTION_REQUIRED","CUSTOMER_AUTHENTICATION","5346","2026-08-18 16:12:44","0","True","0.43","not_recovered"
"3248","MERCH020","CUST0614","UPI","ICICI","PROCESSING_ERROR","PAYMENT_PROCESSING","6505","2026-08-27 01:25:46","0","False","0.55","not_recovered"
"3249","MERCH003","CUST0528","UPI","HDFC","CARD_BLOCKED","CARD_AUTHORIZATION","5628","2026-08-26 10:24:19","0","False","0.05","recovered"
"3250","MERCH023","CUST0455","CARD","ICICI","INSUFFICIENT_FUNDS","BANK_AUTHORIZATION","9355","2026-08-31 23:05:35","1","False","0.4","unknown"
"3251","MERCH012","CUST0265","CARD","HDFC","INSUFFICIENT_FUNDS","BANK_AUTHORIZATION","7331","2026-08-30 16:45:15","0","False","0.45","unknown"
"3252","MERCH006","CUST0709","UPI","ICICI","CUSTOMER_ACTION_REQUIRED","CUSTOMER_AUTHENTICATION","1260","2026-08-27 22:25:31","0","False","0.4","not_recovered"
"3253","MERCH040","CUST0568","CARD","HDFC","CUSTOMER_ACTION_REQUIRED","CUSTOMER_AUTHENTICATION","1351","2026-08-13 18:50:21","0","False","0.4","recovered"
"3254","MERCH043","CUST0215","UPI","AXIS","BANK_TIMEOUT","BANK_RESPONSE","3353","2026-08-15 08:23:46","1","False","0.45","recovered"
"3255","MERCH049","CUST0041","UPI","HDFC","BANK_TIMEOUT","BANK_RESPONSE","6958","2026-08-14 20:23:40","0","False","0.5","not_recovered"
"3256","MERCH043","CUST0955","UPI","SBI","INSUFFICIENT_FUNDS","BANK_AUTHORIZATION","5537","2026-08-16 09:27:19","0","True","0.48","not_recovered"
"3257","MERCH031","CUST0944","UPI","HDFC","CARD_BLOCKED","CARD_AUTHORIZATION","4718","2026-08-24 20:08:57","3","False","0.0","not_recovered"
"3258","MERCH018","CUST0458","CARD","AXIS","INSUFFICIENT_FUNDS","BANK_AUTHORIZATION","2959","2026-08-30 08:15:47","0","False","0.45","unknown"
"3259","MERCH007","CUST0494","CARD","AXIS","CARD_BLOCKED","CARD_AUTHORIZATION","3053","2026-08-05 21:54:37","0","True","0.08","not_recovered"
"3260","MERCH022","CUST0549","UPI","ICICI","INSUFFICIENT_FUNDS","BANK_AUTHORIZATION","2460","2026-08-10 18:47:52","0","False","0.45","not_recovered"
"3261","MERCH040","CUST0942","CARD","AXIS","CARD_BLOCKED","CARD_AUTHORIZATION","5517","2026-08-16 05:35:45","0","False","0.05","not_recovered"
"3262","MERCH049","CUST0302","UPI","HDFC","INSUFFICIENT_FUNDS","BANK_AUTHORIZATION","1993","2026-08-31 15:08:25","2","True","0.38","unknown"
"3263","MERCH038","CUST0709","UPI","AXIS","CARD_BLOCKED","CARD_AUTHORIZATION","153","2026-08-17 22:29:21","3","False","0.0","not_recovered"
"3264","MERCH022","CUST0680","UPI","HDFC","INSUFFICIENT_FUNDS","BANK_AUTHORIZATION","4182","2026-08-27 01:06:17","1","True","0.43","not_recovered"
"3265","MERCH034","CUST0294","CARD","AXIS","BANK_TIMEOUT","BANK_RESPONSE","7012","2026-08-18 23:09:54","0","False","0.5","recovered"
"3266","MERCH024","CUST0420","CARD","HDFC","BANK_TIMEOUT","BANK_RESPONSE","4032","2026-08-05 00:21:16","3","False","0.35","recovered"
"3267","MERCH027","CUST0344","CARD","SBI","CUSTOMER_ACTION_REQUIRED","CUSTOMER_AUTHENTICATION","3902","2026-08-06 22:59:58","0","True","0.43","recovered"
"3268","MERCH041","CUST0946","CARD","HDFC","INSUFFICIENT_FUNDS","BANK_AUTHORIZATION","3592","2026-08-23 08:37:42","3","True","0.33","not_recovered"
"3269","MERCH042","CUST0733","CARD","SBI","PROCESSING_ERROR","PAYMENT_PROCESSING","2753","2026-08-15 19:11:49","0","False","0.55","recovered"
"3270","MERCH013","CUST0883","UPI","SBI","INSUFFICIENT_FUNDS","BANK_AUTHORIZATION","1353","2026-08-12 04:19:34","0","True","0.48","not_recovered"
"3271","MERCH012","CUST0571","CARD","SBI","CUSTOMER_ACTION_REQUIRED","CUSTOMER_AUTHENTICATION","6918","2026-08-05 18:22:50","0","False","0.4","recovered"
"3272","MERCH033","CUST0340","CARD","AXIS","INSUFFICIENT_FUNDS","BANK_AUTHORIZATION","7194","2026-08-17 19:56:17","1","False","0.4","not_recovered"
"3273","MERCH002","CUST0170","UPI","ICICI","INSUFFICIENT_FUNDS","BANK_AUTHORIZATION","2907","2026-08-27 09:42:07","1","False","0.4","not_recovered"
"3274","MERCH021","CUST0855","CARD","AXIS","PROCESSING_ERROR","PAYMENT_PROCESSING","8717","2026-08-17 01:21:54","0","False","0.55","recovered"
"3275","MERCH045","CUST0861","CARD","AXIS","CUSTOMER_ACTION_REQUIRED","CUSTOMER_AUTHENTICATION","5479","2026-08-09 11:33:26","0","True","0.43","recovered"
"3276","MERCH044","CUST0172","CARD","SBI","BANK_TIMEOUT","BANK_RESPONSE","2845","2026-08-12 04:12:40","1","False","0.45","recovered"
"3277","MERCH028","CUST0968","CARD","AXIS","CARD_BLOCKED","CARD_AUTHORIZATION","2177","2026-08-23 11:33:58","2","False","0.0","not_recovered"
"3278","MERCH009","CUST0438","CARD","HDFC","PROCESSING_ERROR","PAYMENT_PROCESSING","8770","2026-08-24 11:09:51","1","False","0.5","not_recovered"
"3279","MERCH010","CUST0007","CARD","AXIS","PROCESSING_ERROR","PAYMENT_PROCESSING","4501","2026-08-23 05:52:39","3","False","0.4","recovered"
"3280","MERCH012","CUST0682","UPI","HDFC","INSUFFICIENT_FUNDS","BANK_AUTHORIZATION","5784","2026-08-19 21:04:50","0","False","0.45","recovered"
"3281","MERCH013","CUST0977","UPI","AXIS","PROCESSING_ERROR","PAYMENT_PROCESSING","698","2026-08-04 17:10:07","0","False","0.55","recovered"
"3282","MERCH046","CUST0599","CARD","HDFC","INSUFFICIENT_FUNDS","BANK_AUTHORIZATION","2161","2026-08-24 10:35:51","0","False","0.45","not_recovered"
"3283","MERCH011","CUST0564","CARD","AXIS","CARD_BLOCKED","CARD_AUTHORIZATION","471","2026-08-17 03:42:26","1","False","0.0","not_recovered"
"3284","MERCH047","CUST0995","UPI","ICICI","INSUFFICIENT_FUNDS","BANK_AUTHORIZATION","4857","2026-08-21 22:19:08","0","False","0.45","not_recovered"
"3285","MERCH015","CUST0593","CARD","AXIS","BANK_TIMEOUT","BANK_RESPONSE","4903","2026-08-07 01:28:23","0","False","0.5","not_recovered"
"3286","MERCH005","CUST0369","CARD","ICICI","PROCESSING_ERROR","PAYMENT_PROCESSING","7640","2026-08-13 07:17:09","0","False","0.55","not_recovered"
"3287","MERCH022","CUST0390","UPI","ICICI","CARD_BLOCKED","CARD_AUTHORIZATION","4663","2026-08-26 23:54:04","1","False","0.0","not_recovered"
"3288","MERCH028","CUST0512","UPI","HDFC","INSUFFICIENT_FUNDS","BANK_AUTHORIZATION","3021","2026-08-05 10:12:01","3","True","0.33","not_recovered"
"3289","MERCH022","CUST0361","CARD","AXIS","INSUFFICIENT_FUNDS","BANK_AUTHORIZATION","7034","2026-08-09 20:22:18","0","False","0.45","not_recovered"
"3290","MERCH038","CUST0861","CARD","HDFC","PROCESSING_ERROR","PAYMENT_PROCESSING","620","2026-08-25 16:46:56","0","False","0.55","not_recovered"
"3291","MERCH014","CUST0061","UPI","HDFC","CARD_BLOCKED","CARD_AUTHORIZATION","873","2026-08-12 22:35:49","2","False","0.0","not_recovered"
"3292","MERCH045","CUST0121","UPI","AXIS","INSUFFICIENT_FUNDS","BANK_AUTHORIZATION","6259","2026-08-08 23:31:00","0","False","0.45","recovered"
"3293","MERCH040","CUST0055","CARD","SBI","INSUFFICIENT_FUNDS","BANK_AUTHORIZATION","377","2026-08-07 16:16:39","0","False","0.45","not_recovered"
"3294","MERCH013","CUST0334","CARD","AXIS","INSUFFICIENT_FUNDS","BANK_AUTHORIZATION","7470","2026-08-25 20:03:32","0","False","0.45","recovered"
"3295","MERCH021","CUST0949","CARD","ICICI","BANK_TIMEOUT","BANK_RESPONSE","6130","2026-08-24 11:03:40","1","False","0.45","not_recovered"
"3296","MERCH023","CUST0984","CARD","ICICI","PROCESSING_ERROR","PAYMENT_PROCESSING","9439","2026-08-20 00:04:32","3","True","0.43","recovered"
"3297","MERCH042","CUST0246","CARD","HDFC","PROCESSING_ERROR","PAYMENT_PROCESSING","1459","2026-08-23 12:15:39","0","False","0.55","not_recovered"
"3298","MERCH019","CUST0920","UPI","HDFC","BANK_TIMEOUT","BANK_RESPONSE","2728","2026-08-17 04:36:16","0","False","0.5","not_recovered"
"3299","MERCH010","CUST0829","UPI","AXIS","CUSTOMER_ACTION_REQUIRED","CUSTOMER_AUTHENTICATION","8776","2026-08-26 07:16:07","0","False","0.4","recovered"
"3300","MERCH021","CUST0099","UPI","HDFC","INSUFFICIENT_FUNDS","BANK_AUTHORIZATION","6231","2026-08-25 20:33:10","0","False","0.45","recovered"
"3301","MERCH014","CUST0042","UPI","AXIS","BANK_TIMEOUT","BANK_RESPONSE","4393","2026-08-24 11:42:04","0","False","0.5","not_recovered"
"3302","MERCH010","CUST0308","UPI","HDFC","CUSTOMER_ACTION_REQUIRED","CUSTOMER_AUTHENTICATION","6037","2026-08-13 17:55:05","0","False","0.4","not_recovered"
"3303","MERCH048","CUST0292","CARD","SBI","BANK_TIMEOUT","BANK_RESPONSE","2932","2026-08-30 06:57:08","0","False","0.5","unknown"
"3304","MERCH015","CUST0297","UPI","ICICI","INSUFFICIENT_FUNDS","BANK_AUTHORIZATION","1550","2026-08-28 18:45:02","2","False","0.35","not_recovered"
"3305","MERCH011","CUST0363","CARD","ICICI","PROCESSING_ERROR","PAYMENT_PROCESSING","1101","2026-08-03 07:21:07","0","False","0.55","not_recovered"
"3306","MERCH017","CUST0091","UPI","HDFC","CUSTOMER_ACTION_REQUIRED","CUSTOMER_AUTHENTICATION","5423","2026-08-16 16:25:21","0","True","0.43","not_recovered"
"3307","MERCH006","CUST0978","UPI","HDFC","BANK_TIMEOUT","BANK_RESPONSE","3921","2026-08-14 17:14:09","2","False","0.4","not_recovered"
"3308","MERCH013","CUST0220","CARD","HDFC","CUSTOMER_ACTION_REQUIRED","CUSTOMER_AUTHENTICATION","7104","2026-08-28 13:08:36","0","True","0.43","recovered"
"3309","MERCH009","CUST0119","UPI","HDFC","INSUFFICIENT_FUNDS","BANK_AUTHORIZATION","2810","2026-08-06 04:33:40","2","False","0.35","not_recovered"
"3310","MERCH015","CUST0041","UPI","ICICI","PROCESSING_ERROR","PAYMENT_PROCESSING","5102","2026-08-29 05:00:38","0","False","0.55","not_recovered"
"3311","MERCH004","CUST0570","UPI","AXIS","BANK_TIMEOUT","BANK_RESPONSE","5048","2026-08-19 11:58:14","0","True","0.53","not_recovered"
"3312","MERCH044","CUST0590","UPI","HDFC","INSUFFICIENT_FUNDS","BANK_AUTHORIZATION","3654","2026-08-11 07:55:17","0","False","0.45","not_recovered"
"3313","MERCH045","CUST0212","UPI","AXIS","CARD_BLOCKED","CARD_AUTHORIZATION","3925","2026-08-22 22:11:44","2","False","0.0","not_recovered"
"3314","MERCH020","CUST0998","UPI","AXIS","INSUFFICIENT_FUNDS","BANK_AUTHORIZATION","3666","2026-08-28 14:17:53","2","True","0.38","recovered"
"3315","MERCH033","CUST0813","CARD","ICICI","INSUFFICIENT_FUNDS","BANK_AUTHORIZATION","594","2026-08-07 10:30:22","0","False","0.45","recovered"
"3316","MERCH049","CUST0909","UPI","ICICI","CARD_BLOCKED","CARD_AUTHORIZATION","4417","2026-08-30 18:14:07","0","True","0.08","unknown"
"3317","MERCH032","CUST0079","CARD","AXIS","BANK_TIMEOUT","BANK_RESPONSE","5751","2026-08-04 19:36:41","2","False","0.4","recovered"
"3318","MERCH046","CUST0158","CARD","AXIS","INSUFFICIENT_FUNDS","BANK_AUTHORIZATION","1332","2026-08-20 07:36:52","1","False","0.4","recovered"
"3319","MERCH013","CUST0679","CARD","SBI","INSUFFICIENT_FUNDS","BANK_AUTHORIZATION","998","2026-08-17 07:32:03","1","False","0.4","not_recovered"
"3320","MERCH002","CUST0978","UPI","AXIS","CUSTOMER_ACTION_REQUIRED","CUSTOMER_AUTHENTICATION","3471","2026-08-04 22:24:09","0","False","0.4","recovered"
"3321","MERCH023","CUST0609","CARD","AXIS","CUSTOMER_ACTION_REQUIRED","CUSTOMER_AUTHENTICATION","6602","2026-08-21 06:47:12","1","False","0.35","not_recovered"
"3322","MERCH050","CUST0254","UPI","AXIS","INSUFFICIENT_FUNDS","BANK_AUTHORIZATION","8179","2026-08-07 05:56:23","1","False","0.4","not_recovered"
"3323","MERCH002","CUST0594","CARD","SBI","INSUFFICIENT_FUNDS","BANK_AUTHORIZATION","895","2026-08-29 03:47:12","0","False","0.45","recovered"
"3324","MERCH014","CUST0865","UPI","AXIS","INSUFFICIENT_FUNDS","BANK_AUTHORIZATION","8857","2026-08-25 19:57:48","0","False","0.45","not_recovered"
"3325","MERCH034","CUST0566","UPI","HDFC","INSUFFICIENT_FUNDS","BANK_AUTHORIZATION","5589","2026-08-31 02:47:34","1","False","0.4","unknown"
"3326","MERCH032","CUST0191","UPI","ICICI","CUSTOMER_ACTION_REQUIRED","CUSTOMER_AUTHENTICATION","2416","2026-08-20 03:32:52","1","False","0.35","recovered"
"3327","MERCH021","CUST0892","UPI","HDFC","BANK_TIMEOUT","BANK_RESPONSE","1973","2026-08-29 23:12:53","3","False","0.35","not_recovered"
"3328","MERCH020","CUST0532","UPI","HDFC","PROCESSING_ERROR","PAYMENT_PROCESSING","8990","2026-08-29 05:22:19","2","False","0.45","not_recovered"
"3329","MERCH026","CUST0900","UPI","HDFC","CARD_BLOCKED","CARD_AUTHORIZATION","8814","2026-08-02 19:47:57","0","False","0.05","not_recovered"
"3330","MERCH029","CUST0373","CARD","AXIS","PROCESSING_ERROR","PAYMENT_PROCESSING","4580","2026-08-27 02:39:08","0","False","0.55","not_recovered"
"3331","MERCH007","CUST0403","UPI","AXIS","BANK_TIMEOUT","BANK_RESPONSE","2234","2026-08-03 20:57:42","0","True","0.53","recovered"
"3332","MERCH011","CUST0589","CARD","AXIS","PROCESSING_ERROR","PAYMENT_PROCESSING","2096","2026-08-14 15:05:40","0","False","0.55","recovered"
"3333","MERCH008","CUST0768","CARD","ICICI","BANK_TIMEOUT","BANK_RESPONSE","6159","2026-08-23 07:57:09","0","True","0.53","recovered"
"3334","MERCH014","CUST0720","CARD","SBI","INSUFFICIENT_FUNDS","BANK_AUTHORIZATION","8931","2026-08-20 12:08:27","0","False","0.45","not_recovered"
"3335","MERCH013","CUST0899","CARD","SBI","INSUFFICIENT_FUNDS","BANK_AUTHORIZATION","2826","2026-08-21 09:38:51","1","True","0.43","recovered"
"3336","MERCH022","CUST0727","CARD","AXIS","CARD_BLOCKED","CARD_AUTHORIZATION","4330","2026-08-10 12:24:50","1","False","0.0","not_recovered"
"3337","MERCH033","CUST0772","CARD","HDFC","PROCESSING_ERROR","PAYMENT_PROCESSING","1566","2026-08-14 22:58:52","2","True","0.48","not_recovered"
"3338","MERCH044","CUST0280","CARD","ICICI","CARD_BLOCKED","CARD_AUTHORIZATION","9383","2026-08-19 04:38:26","1","False","0.0","not_recovered"
"3339","MERCH015","CUST0008","UPI","SBI","BANK_TIMEOUT","BANK_RESPONSE","6877","2026-08-08 16:23:36","0","False","0.5","not_recovered"
"3340","MERCH034","CUST0386","CARD","ICICI","BANK_TIMEOUT","BANK_RESPONSE","1721","2026-08-23 14:29:12","1","False","0.45","recovered"
"3341","MERCH034","CUST0238","CARD","SBI","CARD_BLOCKED","CARD_AUTHORIZATION","5422","2026-08-23 21:25:53","0","False","0.05","not_recovered"
"3342","MERCH002","CUST0800","UPI","AXIS","BANK_TIMEOUT","BANK_RESPONSE","6009","2026-08-03 14:37:05","0","True","0.53","recovered"
"3343","MERCH045","CUST0810","CARD","SBI","INSUFFICIENT_FUNDS","BANK_AUTHORIZATION","8745","2026-08-14 05:27:31","1","True","0.43","not_recovered"
"3344","MERCH031","CUST0833","CARD","SBI","INSUFFICIENT_FUNDS","BANK_AUTHORIZATION","6980","2026-08-10 09:14:02","2","False","0.35","recovered"
"3345","MERCH043","CUST0591","CARD","SBI","INSUFFICIENT_FUNDS","BANK_AUTHORIZATION","3069","2026-08-30 19:57:51","3","False","0.3","unknown"
"3346","MERCH040","CUST0767","CARD","AXIS","PROCESSING_ERROR","PAYMENT_PROCESSING","4911","2026-08-08 17:00:03","2","False","0.45","not_recovered"
"3347","MERCH031","CUST0863","CARD","AXIS","INSUFFICIENT_FUNDS","BANK_AUTHORIZATION","5716","2026-08-10 04:22:55","0","False","0.45","recovered"
"3348","MERCH048","CUST0911","UPI","AXIS","INSUFFICIENT_FUNDS","BANK_AUTHORIZATION","5114","2026-08-24 09:03:14","1","False","0.4","not_recovered"
"3349","MERCH021","CUST0600","UPI","HDFC","INSUFFICIENT_FUNDS","BANK_AUTHORIZATION","2025","2026-08-21 20:52:05","1","False","0.4","not_recovered"
"3350","MERCH028","CUST0286","CARD","SBI","BANK_TIMEOUT","BANK_RESPONSE","856","2026-08-04 13:46:25","0","True","0.53","not_recovered"
"3351","MERCH007","CUST0129","CARD","ICICI","PROCESSING_ERROR","PAYMENT_PROCESSING","1327","2026-08-13 14:55:48","0","False","0.55","not_recovered"
"3352","MERCH037","CUST0309","CARD","SBI","BANK_TIMEOUT","BANK_RESPONSE","4825","2026-08-10 10:24:37","1","False","0.45","not_recovered"
"3353","MERCH016","CUST0321","CARD","HDFC","BANK_TIMEOUT","BANK_RESPONSE","8977","2026-08-11 19:20:20","1","False","0.45","not_recovered"
"3354","MERCH031","CUST0731","CARD","AXIS","BANK_TIMEOUT","BANK_RESPONSE","9500","2026-08-28 22:22:59","0","False","0.5","not_recovered"
"3355","MERCH027","CUST0907","CARD","AXIS","INSUFFICIENT_FUNDS","BANK_AUTHORIZATION","7576","2026-08-24 22:19:52","0","True","0.48","not_recovered"
"3356","MERCH009","CUST0905","UPI","AXIS","CARD_BLOCKED","CARD_AUTHORIZATION","8648","2026-08-30 20:39:47","0","False","0.05","unknown"
"3357","MERCH001","CUST0500","UPI","SBI","CARD_BLOCKED","CARD_AUTHORIZATION","2053","2026-08-05 16:37:26","0","False","0.05","not_recovered"
"3358","MERCH046","CUST0666","UPI","SBI","CARD_BLOCKED","CARD_AUTHORIZATION","8371","2026-08-13 16:55:19","0","False","0.05","not_recovered"
"3359","MERCH020","CUST0177","CARD","AXIS","INSUFFICIENT_FUNDS","BANK_AUTHORIZATION","8557","2026-08-28 12:51:30","2","False","0.35","not_recovered"
"3360","MERCH012","CUST0247","CARD","AXIS","CARD_BLOCKED","CARD_AUTHORIZATION","9267","2026-08-26 01:23:20","0","True","0.08","not_recovered"
"3361","MERCH008","CUST0648","UPI","ICICI","INSUFFICIENT_FUNDS","BANK_AUTHORIZATION","5577","2026-08-06 14:27:28","0","False","0.45","not_recovered"
"3362","MERCH036","CUST0849","UPI","HDFC","BANK_TIMEOUT","BANK_RESPONSE","6754","2026-08-25 10:49:05","1","False","0.45","not_recovered"
"3363","MERCH043","CUST0416","CARD","SBI","INSUFFICIENT_FUNDS","BANK_AUTHORIZATION","7151","2026-08-19 12:06:46","2","False","0.35","not_recovered"
"3364","MERCH014","CUST0849","CARD","AXIS","INSUFFICIENT_FUNDS","BANK_AUTHORIZATION","5137","2026-08-21 12:57:33","1","False","0.4","recovered"
"3365","MERCH007","CUST0787","UPI","SBI","INSUFFICIENT_FUNDS","BANK_AUTHORIZATION","7839","2026-08-02 11:12:55","2","False","0.35","not_recovered"
"3366","MERCH002","CUST0458","UPI","HDFC","PROCESSING_ERROR","PAYMENT_PROCESSING","1095","2026-08-27 14:50:59","1","False","0.5","recovered"
"3367","MERCH046","CUST0722","CARD","HDFC","INSUFFICIENT_FUNDS","BANK_AUTHORIZATION","8270","2026-08-03 16:55:16","1","False","0.4","not_recovered"
"3368","MERCH018","CUST0517","CARD","HDFC","BANK_TIMEOUT","BANK_RESPONSE","7230","2026-08-25 20:52:52","1","False","0.45","not_recovered"
"3369","MERCH044","CUST0181","CARD","ICICI","INSUFFICIENT_FUNDS","BANK_AUTHORIZATION","7878","2026-08-15 21:40:36","1","False","0.4","recovered"
"3370","MERCH021","CUST0453","UPI","AXIS","PROCESSING_ERROR","PAYMENT_PROCESSING","6005","2026-08-15 09:46:08","0","False","0.55","recovered"
"3371","MERCH007","CUST0458","CARD","AXIS","PROCESSING_ERROR","PAYMENT_PROCESSING","5834","2026-08-02 04:04:08","2","False","0.45","recovered"
"3372","MERCH022","CUST0784","UPI","HDFC","INSUFFICIENT_FUNDS","BANK_AUTHORIZATION","7267","2026-08-10 17:11:32","0","False","0.45","recovered"
"3373","MERCH014","CUST0129","CARD","ICICI","INSUFFICIENT_FUNDS","BANK_AUTHORIZATION","6182","2026-08-23 12:29:00","0","True","0.48","not_recovered"
"3374","MERCH049","CUST0034","CARD","ICICI","BANK_TIMEOUT","BANK_RESPONSE","742","2026-08-20 12:00:37","0","True","0.53","recovered"
"3375","MERCH010","CUST0663","UPI","ICICI","PROCESSING_ERROR","PAYMENT_PROCESSING","7941","2026-08-19 20:51:46","0","False","0.55","not_recovered"
"3376","MERCH031","CUST0779","UPI","SBI","BANK_TIMEOUT","BANK_RESPONSE","5968","2026-08-12 04:35:58","0","False","0.5","recovered"
"3377","MERCH014","CUST0199","UPI","AXIS","PROCESSING_ERROR","PAYMENT_PROCESSING","3656","2026-08-14 12:26:33","0","False","0.55","recovered"
"3378","MERCH026","CUST0164","UPI","AXIS","INSUFFICIENT_FUNDS","BANK_AUTHORIZATION","3689","2026-08-26 03:23:15","1","True","0.43","not_recovered"
"3379","MERCH014","CUST0105","UPI","HDFC","CUSTOMER_ACTION_REQUIRED","CUSTOMER_AUTHENTICATION","7825","2026-08-04 13:59:24","0","False","0.4","recovered"
"3380","MERCH042","CUST0213","CARD","SBI","INSUFFICIENT_FUNDS","BANK_AUTHORIZATION","7403","2026-08-02 12:58:46","0","True","0.48","not_recovered"
"3381","MERCH013","CUST0700","UPI","HDFC","PROCESSING_ERROR","PAYMENT_PROCESSING","6115","2026-08-21 08:25:48","1","False","0.5","recovered"
"3382","MERCH042","CUST0499","UPI","ICICI","PROCESSING_ERROR","PAYMENT_PROCESSING","7307","2026-08-06 21:42:20","1","False","0.5","not_recovered"
"3383","MERCH024","CUST0771","UPI","AXIS","CARD_BLOCKED","CARD_AUTHORIZATION","9461","2026-08-20 17:18:21","0","False","0.05","not_recovered"
"3384","MERCH025","CUST0303","CARD","ICICI","INSUFFICIENT_FUNDS","BANK_AUTHORIZATION","2460","2026-08-06 15:41:02","0","False","0.45","not_recovered"
"3385","MERCH015","CUST0475","UPI","AXIS","INSUFFICIENT_FUNDS","BANK_AUTHORIZATION","5395","2026-08-12 00:18:31","1","False","0.4","not_recovered"
"3386","MERCH042","CUST0993","CARD","ICICI","BANK_TIMEOUT","BANK_RESPONSE","4410","2026-08-08 10:42:26","0","False","0.5","not_recovered"
"3387","MERCH037","CUST0039","UPI","AXIS","BANK_TIMEOUT","BANK_RESPONSE","7779","2026-08-27 03:22:32","2","False","0.4","recovered"
"3388","MERCH024","CUST0024","UPI","HDFC","INSUFFICIENT_FUNDS","BANK_AUTHORIZATION","8452","2026-08-20 03:53:38","1","False","0.4","not_recovered"
"3389","MERCH023","CUST0818","CARD","SBI","BANK_TIMEOUT","BANK_RESPONSE","589","2026-08-08 04:51:32","0","False","0.5","recovered"
"3390","MERCH048","CUST0665","CARD","SBI","PROCESSING_ERROR","PAYMENT_PROCESSING","7599","2026-08-12 19:59:35","3","False","0.4","not_recovered"
"3391","MERCH020","CUST0849","CARD","HDFC","INSUFFICIENT_FUNDS","BANK_AUTHORIZATION","9661","2026-08-19 09:32:13","1","True","0.43","not_recovered"
"3392","MERCH015","CUST0541","CARD","HDFC","INSUFFICIENT_FUNDS","BANK_AUTHORIZATION","7795","2026-08-20 12:03:10","0","True","0.48","recovered"
"3393","MERCH049","CUST0411","UPI","AXIS","INSUFFICIENT_FUNDS","BANK_AUTHORIZATION","9484","2026-08-22 03:04:53","0","False","0.45","not_recovered"
"3394","MERCH039","CUST0296","UPI","HDFC","PROCESSING_ERROR","PAYMENT_PROCESSING","5799","2026-08-17 13:16:32","1","False","0.5","recovered"
"3395","MERCH050","CUST0679","CARD","HDFC","INSUFFICIENT_FUNDS","BANK_AUTHORIZATION","1053","2026-08-26 22:19:35","0","True","0.48","recovered"
"3396","MERCH006","CUST0017","UPI","AXIS","CARD_BLOCKED","CARD_AUTHORIZATION","6328","2026-08-20 06:07:19","0","False","0.05","not_recovered"
"3397","MERCH048","CUST0400","CARD","HDFC","BANK_TIMEOUT","BANK_RESPONSE","3145","2026-08-10 06:04:41","3","False","0.35","not_recovered"
"3398","MERCH029","CUST0275","UPI","SBI","PROCESSING_ERROR","PAYMENT_PROCESSING","6513","2026-08-02 05:55:42","1","False","0.5","recovered"
"3399","MERCH001","CUST0310","CARD","AXIS","BANK_TIMEOUT","BANK_RESPONSE","475","2026-08-23 11:23:33","0","False","0.5","recovered"
"3400","MERCH020","CUST0312","CARD","HDFC","BANK_TIMEOUT","BANK_RESPONSE","8522","2026-08-19 08:24:20","1","False","0.45","recovered"
"3401","MERCH031","CUST0442","UPI","SBI","PROCESSING_ERROR","PAYMENT_PROCESSING","8220","2026-08-06 16:41:44","2","False","0.45","not_recovered"
"3402","MERCH046","CUST0673","CARD","SBI","INSUFFICIENT_FUNDS","BANK_AUTHORIZATION","5835","2026-08-25 19:52:22","2","False","0.35","not_recovered"
"3403","MERCH037","CUST0856","CARD","ICICI","CUSTOMER_ACTION_REQUIRED","CUSTOMER_AUTHENTICATION","3596","2026-08-13 08:24:27","0","False","0.4","not_recovered"
"3404","MERCH048","CUST0790","CARD","HDFC","PROCESSING_ERROR","PAYMENT_PROCESSING","9481","2026-08-03 10:56:45","1","False","0.5","recovered"
"3405","MERCH006","CUST0567","UPI","AXIS","PROCESSING_ERROR","PAYMENT_PROCESSING","5063","2026-08-23 19:32:32","0","False","0.55","not_recovered"
"3406","MERCH035","CUST0515","UPI","AXIS","INSUFFICIENT_FUNDS","BANK_AUTHORIZATION","4425","2026-08-19 05:19:32","0","False","0.45","not_recovered"
"3407","MERCH040","CUST0220","UPI","AXIS","INSUFFICIENT_FUNDS","BANK_AUTHORIZATION","5398","2026-08-04 19:17:33","0","True","0.48","not_recovered"
"3408","MERCH042","CUST0606","CARD","ICICI","PROCESSING_ERROR","PAYMENT_PROCESSING","2809","2026-08-14 21:00:03","3","False","0.4","not_recovered"
"3409","MERCH023","CUST0258","CARD","ICICI","INSUFFICIENT_FUNDS","BANK_AUTHORIZATION","1936","2026-08-11 01:28:48","2","False","0.35","not_recovered"
"3410","MERCH016","CUST0517","CARD","SBI","INSUFFICIENT_FUNDS","BANK_AUTHORIZATION","9044","2026-08-04 04:26:12","0","False","0.45","recovered"
"3411","MERCH019","CUST0391","CARD","SBI","CUSTOMER_ACTION_REQUIRED","CUSTOMER_AUTHENTICATION","9724","2026-08-04 20:16:18","0","False","0.4","not_recovered"
"3412","MERCH030","CUST0441","UPI","SBI","PROCESSING_ERROR","PAYMENT_PROCESSING","3151","2026-08-10 14:42:30","0","False","0.55","not_recovered"
"3413","MERCH016","CUST0745","CARD","ICICI","CARD_BLOCKED","CARD_AUTHORIZATION","9131","2026-08-21 20:15:27","1","False","0.0","not_recovered"
"3414","MERCH041","CUST0577","UPI","SBI","BANK_TIMEOUT","BANK_RESPONSE","5059","2026-08-07 22:51:59","0","False","0.5","recovered"
"3415","MERCH024","CUST0135","CARD","AXIS","INSUFFICIENT_FUNDS","BANK_AUTHORIZATION","3760","2026-08-27 00:44:47","0","False","0.45","not_recovered"
"3416","MERCH002","CUST0172","CARD","AXIS","INSUFFICIENT_FUNDS","BANK_AUTHORIZATION","8597","2026-08-02 13:28:13","0","False","0.45","recovered"
"3417","MERCH012","CUST0877","CARD","ICICI","CUSTOMER_ACTION_REQUIRED","CUSTOMER_AUTHENTICATION","1651","2026-08-28 07:26:57","0","False","0.4","recovered"
"3418","MERCH048","CUST0937","UPI","ICICI","BANK_TIMEOUT","BANK_RESPONSE","9576","2026-08-07 15:04:29","0","False","0.5","not_recovered"
"3419","MERCH024","CUST0038","CARD","ICICI","INSUFFICIENT_FUNDS","BANK_AUTHORIZATION","1654","2026-08-30 19:01:47","0","False","0.45","unknown"
"3420","MERCH027","CUST0546","CARD","SBI","PROCESSING_ERROR","PAYMENT_PROCESSING","8168","2026-08-05 17:28:54","0","False","0.55","not_recovered"
"3421","MERCH040","CUST0971","UPI","HDFC","BANK_TIMEOUT","BANK_RESPONSE","9250","2026-08-19 18:00:06","0","False","0.5","not_recovered"
"3422","MERCH039","CUST0433","UPI","HDFC","CARD_BLOCKED","CARD_AUTHORIZATION","3704","2026-08-12 01:47:47","2","True","0.0","not_recovered"
"3423","MERCH037","CUST0362","UPI","HDFC","INSUFFICIENT_FUNDS","BANK_AUTHORIZATION","4444","2026-08-04 00:10:28","1","False","0.4","not_recovered"
"3424","MERCH031","CUST0894","UPI","AXIS","PROCESSING_ERROR","PAYMENT_PROCESSING","8654","2026-08-28 23:24:14","0","True","0.58","recovered"
"3425","MERCH035","CUST0008","CARD","AXIS","INSUFFICIENT_FUNDS","BANK_AUTHORIZATION","3070","2026-08-22 02:56:37","1","False","0.4","not_recovered"
"3426","MERCH042","CUST0236","UPI","AXIS","PROCESSING_ERROR","PAYMENT_PROCESSING","6171","2026-08-05 13:33:16","0","False","0.55","recovered"
"3427","MERCH008","CUST0121","CARD","SBI","CUSTOMER_ACTION_REQUIRED","CUSTOMER_AUTHENTICATION","1139","2026-08-28 07:31:30","0","True","0.43","not_recovered"
"3428","MERCH043","CUST0728","UPI","HDFC","INSUFFICIENT_FUNDS","BANK_AUTHORIZATION","3083","2026-08-17 18:07:25","0","False","0.45","not_recovered"
"3429","MERCH032","CUST0595","UPI","SBI","PROCESSING_ERROR","PAYMENT_PROCESSING","2568","2026-08-12 17:40:19","0","False","0.55","not_recovered"
"3430","MERCH039","CUST0441","UPI","SBI","CUSTOMER_ACTION_REQUIRED","CUSTOMER_AUTHENTICATION","6439","2026-08-07 05:31:23","1","False","0.35","not_recovered"
"3431","MERCH019","CUST0368","UPI","ICICI","INSUFFICIENT_FUNDS","BANK_AUTHORIZATION","1166","2026-08-08 20:15:20","1","False","0.4","not_recovered"
"3432","MERCH001","CUST0532","UPI","AXIS","BANK_TIMEOUT","BANK_RESPONSE","1791","2026-08-29 00:42:57","1","False","0.45","not_recovered"
"3433","MERCH027","CUST0860","UPI","SBI","BANK_TIMEOUT","BANK_RESPONSE","8284","2026-08-06 23:04:46","0","False","0.5","not_recovered"
"3434","MERCH016","CUST0280","CARD","ICICI","INSUFFICIENT_FUNDS","BANK_AUTHORIZATION","9373","2026-08-19 02:34:19","0","False","0.45","not_recovered"
"3435","MERCH048","CUST0341","UPI","AXIS","CUSTOMER_ACTION_REQUIRED","CUSTOMER_AUTHENTICATION","7583","2026-08-14 17:34:24","0","False","0.4","not_recovered"
"3436","MERCH044","CUST0634","CARD","SBI","PROCESSING_ERROR","PAYMENT_PROCESSING","2420","2026-08-31 12:49:26","3","True","0.43","unknown"
"3437","MERCH010","CUST0682","UPI","ICICI","BANK_TIMEOUT","BANK_RESPONSE","7543","2026-08-23 12:12:19","2","True","0.43","not_recovered"
"3438","MERCH044","CUST0780","CARD","AXIS","PROCESSING_ERROR","PAYMENT_PROCESSING","6498","2026-08-31 08:39:57","0","False","0.55","unknown"
"3439","MERCH023","CUST0200","UPI","SBI","PROCESSING_ERROR","PAYMENT_PROCESSING","4780","2026-08-26 01:08:48","0","False","0.55","recovered"
"3440","MERCH031","CUST0301","CARD","ICICI","PROCESSING_ERROR","PAYMENT_PROCESSING","334","2026-08-08 12:59:45","3","False","0.4","recovered"
"3441","MERCH039","CUST0826","CARD","AXIS","INSUFFICIENT_FUNDS","BANK_AUTHORIZATION","6493","2026-08-20 18:49:30","0","False","0.45","recovered"
"3442","MERCH001","CUST0787","UPI","ICICI","PROCESSING_ERROR","PAYMENT_PROCESSING","2188","2026-08-15 02:39:08","2","False","0.45","not_recovered"
"3443","MERCH041","CUST0805","CARD","AXIS","BANK_TIMEOUT","BANK_RESPONSE","2146","2026-08-21 05:10:48","0","True","0.53","recovered"
"3444","MERCH032","CUST0842","CARD","SBI","INSUFFICIENT_FUNDS","BANK_AUTHORIZATION","6062","2026-08-26 03:19:37","3","False","0.3","not_recovered"
"3445","MERCH010","CUST0331","UPI","ICICI","INSUFFICIENT_FUNDS","BANK_AUTHORIZATION","3427","2026-08-18 12:21:53","0","False","0.45","recovered"
"3446","MERCH003","CUST0001","CARD","ICICI","BANK_TIMEOUT","BANK_RESPONSE","1124","2026-08-23 23:20:09","0","False","0.5","not_recovered"
"3447","MERCH022","CUST0792","UPI","SBI","BANK_TIMEOUT","BANK_RESPONSE","3830","2026-08-18 01:00:41","0","True","0.53","not_recovered"
"3448","MERCH033","CUST0279","CARD","AXIS","INSUFFICIENT_FUNDS","BANK_AUTHORIZATION","3867","2026-08-15 23:43:29","1","False","0.4","recovered"
"3449","MERCH046","CUST0729","UPI","SBI","BANK_TIMEOUT","BANK_RESPONSE","2506","2026-08-30 02:10:43","0","False","0.5","unknown"
"3450","MERCH048","CUST0232","UPI","ICICI","CUSTOMER_ACTION_REQUIRED","CUSTOMER_AUTHENTICATION","1330","2026-08-15 15:25:56","2","False","0.3","not_recovered"
"3451","MERCH032","CUST0525","UPI","ICICI","BANK_TIMEOUT","BANK_RESPONSE","3324","2026-08-24 14:26:08","2","False","0.4","not_recovered"
"3452","MERCH010","CUST0706","CARD","SBI","BANK_TIMEOUT","BANK_RESPONSE","1683","2026-08-07 13:42:06","0","False","0.5","recovered"
"3453","MERCH014","CUST0504","UPI","SBI","BANK_TIMEOUT","BANK_RESPONSE","798","2026-08-29 12:26:31","0","False","0.5","recovered"
"3454","MERCH027","CUST0353","CARD","AXIS","CUSTOMER_ACTION_REQUIRED","CUSTOMER_AUTHENTICATION","5547","2026-08-19 13:19:12","0","False","0.4","recovered"
"3455","MERCH023","CUST0888","UPI","AXIS","INSUFFICIENT_FUNDS","BANK_AUTHORIZATION","5023","2026-08-26 09:11:07","0","False","0.45","recovered"
"3456","MERCH049","CUST0506","UPI","ICICI","INSUFFICIENT_FUNDS","BANK_AUTHORIZATION","3142","2026-08-08 05:26:07","1","False","0.4","recovered"
"3457","MERCH030","CUST0994","UPI","SBI","INSUFFICIENT_FUNDS","BANK_AUTHORIZATION","4188","2026-08-14 05:19:40","0","False","0.45","not_recovered"
"3458","MERCH012","CUST0524","CARD","HDFC","INSUFFICIENT_FUNDS","BANK_AUTHORIZATION","4392","2026-08-23 10:14:45","0","False","0.45","not_recovered"
"3459","MERCH046","CUST0046","UPI","AXIS","INSUFFICIENT_FUNDS","BANK_AUTHORIZATION","8301","2026-08-23 16:29:48","0","False","0.45","recovered"
"3460","MERCH031","CUST0321","UPI","SBI","BANK_TIMEOUT","BANK_RESPONSE","3624","2026-08-20 22:24:47","1","False","0.45","recovered"
"3461","MERCH050","CUST0769","UPI","AXIS","INSUFFICIENT_FUNDS","BANK_AUTHORIZATION","664","2026-08-25 08:07:53","2","False","0.35","not_recovered"
"3462","MERCH017","CUST0810","CARD","HDFC","INSUFFICIENT_FUNDS","BANK_AUTHORIZATION","2095","2026-08-02 17:44:19","2","True","0.38","not_recovered"
"3463","MERCH023","CUST0146","CARD","ICICI","PROCESSING_ERROR","PAYMENT_PROCESSING","7658","2026-08-17 03:22:35","0","False","0.55","recovered"
"3464","MERCH040","CUST0871","CARD","SBI","CUSTOMER_ACTION_REQUIRED","CUSTOMER_AUTHENTICATION","6037","2026-08-13 00:13:11","0","False","0.4","recovered"
"3465","MERCH038","CUST0956","CARD","HDFC","BANK_TIMEOUT","BANK_RESPONSE","7757","2026-08-03 09:11:37","0","False","0.5","not_recovered"
"3466","MERCH041","CUST0310","UPI","ICICI","INSUFFICIENT_FUNDS","BANK_AUTHORIZATION","9924","2026-08-26 02:16:17","0","False","0.45","not_recovered"
"3467","MERCH036","CUST0735","CARD","SBI","BANK_TIMEOUT","BANK_RESPONSE","8676","2026-08-26 14:13:05","0","False","0.5","not_recovered"
"3468","MERCH004","CUST0971","UPI","SBI","PROCESSING_ERROR","PAYMENT_PROCESSING","9779","2026-08-09 10:46:40","0","False","0.55","recovered"
"3469","MERCH015","CUST0528","UPI","AXIS","CUSTOMER_ACTION_REQUIRED","CUSTOMER_AUTHENTICATION","9657","2026-08-04 04:28:15","3","False","0.25","recovered"
"3470","MERCH011","CUST0191","UPI","ICICI","INSUFFICIENT_FUNDS","BANK_AUTHORIZATION","771","2026-08-23 07:26:21","0","False","0.45","not_recovered"
"3471","MERCH020","CUST0750","UPI","AXIS","PROCESSING_ERROR","PAYMENT_PROCESSING","5173","2026-08-24 07:44:33","0","False","0.55","recovered"
"3472","MERCH030","CUST0019","UPI","AXIS","PROCESSING_ERROR","PAYMENT_PROCESSING","5887","2026-08-21 12:36:59","0","False","0.55","recovered"
"3473","MERCH046","CUST0143","UPI","HDFC","INSUFFICIENT_FUNDS","BANK_AUTHORIZATION","3065","2026-08-28 03:42:28","0","False","0.45","not_recovered"
"3474","MERCH033","CUST0426","UPI","AXIS","PROCESSING_ERROR","PAYMENT_PROCESSING","4385","2026-08-23 09:03:40","0","False","0.55","not_recovered"
"3475","MERCH039","CUST0211","UPI","SBI","CUSTOMER_ACTION_REQUIRED","CUSTOMER_AUTHENTICATION","6000","2026-08-30 11:00:24","3","False","0.25","unknown"
"3476","MERCH011","CUST0679","UPI","AXIS","PROCESSING_ERROR","PAYMENT_PROCESSING","6605","2026-08-03 13:49:13","2","False","0.45","not_recovered"
"3477","MERCH007","CUST0187","UPI","ICICI","BANK_TIMEOUT","BANK_RESPONSE","4435","2026-08-11 23:31:21","3","False","0.35","not_recovered"
"3478","MERCH038","CUST0900","UPI","SBI","CARD_BLOCKED","CARD_AUTHORIZATION","5167","2026-08-23 00:28:41","0","True","0.08","not_recovered"
"3479","MERCH008","CUST0030","CARD","HDFC","PROCESSING_ERROR","PAYMENT_PROCESSING","1547","2026-08-25 00:03:47","1","True","0.53","not_recovered"
"3480","MERCH047","CUST0961","UPI","AXIS","INSUFFICIENT_FUNDS","BANK_AUTHORIZATION","8767","2026-08-06 14:30:19","0","False","0.45","recovered"
"3481","MERCH023","CUST0948","CARD","ICICI","PROCESSING_ERROR","PAYMENT_PROCESSING","4327","2026-08-10 02:28:32","0","False","0.55","not_recovered"
"3482","MERCH013","CUST0944","UPI","HDFC","BANK_TIMEOUT","BANK_RESPONSE","6819","2026-08-11 09:21:07","2","False","0.4","not_recovered"
"3483","MERCH012","CUST0501","CARD","AXIS","PROCESSING_ERROR","PAYMENT_PROCESSING","8167","2026-08-25 02:51:39","0","False","0.55","recovered"
"3484","MERCH036","CUST0436","UPI","HDFC","CUSTOMER_ACTION_REQUIRED","CUSTOMER_AUTHENTICATION","5156","2026-08-06 08:02:26","0","False","0.4","recovered"
"3485","MERCH023","CUST0226","UPI","ICICI","INSUFFICIENT_FUNDS","BANK_AUTHORIZATION","8150","2026-08-08 07:47:02","0","False","0.45","recovered"
"3486","MERCH032","CUST0870","CARD","SBI","PROCESSING_ERROR","PAYMENT_PROCESSING","551","2026-08-03 14:37:54","0","True","0.58","not_recovered"
"3487","MERCH022","CUST0316","UPI","ICICI","INSUFFICIENT_FUNDS","BANK_AUTHORIZATION","3357","2026-08-22 00:49:41","3","False","0.3","recovered"
"3488","MERCH005","CUST0268","UPI","SBI","INSUFFICIENT_FUNDS","BANK_AUTHORIZATION","8694","2026-08-21 02:47:13","0","False","0.45","not_recovered"
"3489","MERCH017","CUST0846","CARD","SBI","INSUFFICIENT_FUNDS","BANK_AUTHORIZATION","9976","2026-08-29 16:53:53","3","False","0.3","not_recovered"
"3490","MERCH015","CUST0544","UPI","AXIS","PROCESSING_ERROR","PAYMENT_PROCESSING","9476","2026-08-20 11:46:08","0","False","0.55","recovered"
"3491","MERCH003","CUST0599","CARD","SBI","INSUFFICIENT_FUNDS","BANK_AUTHORIZATION","3069","2026-08-11 09:38:37","0","False","0.45","recovered"
"3492","MERCH012","CUST0059","CARD","AXIS","PROCESSING_ERROR","PAYMENT_PROCESSING","7289","2026-08-09 16:21:11","2","False","0.45","not_recovered"
"3493","MERCH031","CUST0107","CARD","ICICI","CUSTOMER_ACTION_REQUIRED","CUSTOMER_AUTHENTICATION","7373","2026-08-11 11:44:17","0","False","0.4","not_recovered"
"3494","MERCH008","CUST0119","CARD","ICICI","BANK_TIMEOUT","BANK_RESPONSE","1670","2026-08-24 15:33:50","1","False","0.45","not_recovered"
"3495","MERCH047","CUST0857","CARD","SBI","CUSTOMER_ACTION_REQUIRED","CUSTOMER_AUTHENTICATION","9704","2026-08-22 14:00:29","0","False","0.4","not_recovered"
"3496","MERCH035","CUST0889","CARD","SBI","INSUFFICIENT_FUNDS","BANK_AUTHORIZATION","8681","2026-08-18 15:39:00","1","False","0.4","not_recovered"
"3497","MERCH033","CUST0388","CARD","ICICI","CUSTOMER_ACTION_REQUIRED","CUSTOMER_AUTHENTICATION","3287","2026-08-21 22:31:33","0","False","0.4","recovered"
"3498","MERCH025","CUST0206","UPI","AXIS","PROCESSING_ERROR","PAYMENT_PROCESSING","8173","2026-08-22 14:20:30","2","False","0.45","recovered"
"3499","MERCH026","CUST0828","CARD","ICICI","PROCESSING_ERROR","PAYMENT_PROCESSING","6444","2026-08-20 16:34:12","1","False","0.5","not_recovered"
"3500","MERCH029","CUST0763","UPI","ICICI","PROCESSING_ERROR","PAYMENT_PROCESSING","4009","2026-08-15 08:29:13","2","False","0.45","not_recovered"
"3501","MERCH042","CUST0037","UPI","ICICI","INSUFFICIENT_FUNDS","BANK_AUTHORIZATION","6072","2026-08-13 17:10:42","0","True","0.48","not_recovered"
"3502","MERCH036","CUST0743","CARD","AXIS","INSUFFICIENT_FUNDS","BANK_AUTHORIZATION","3819","2026-08-14 13:24:19","0","True","0.48","recovered"
"3503","MERCH023","CUST0287","UPI","AXIS","PROCESSING_ERROR","PAYMENT_PROCESSING","6237","2026-08-13 03:28:15","0","True","0.58","recovered"
"3504","MERCH026","CUST0595","UPI","HDFC","BANK_TIMEOUT","BANK_RESPONSE","2080","2026-08-14 00:33:42","0","False","0.5","not_recovered"
"3505","MERCH034","CUST0044","CARD","SBI","PROCESSING_ERROR","PAYMENT_PROCESSING","7613","2026-08-12 03:32:23","0","False","0.55","recovered"
"3506","MERCH023","CUST0002","CARD","HDFC","INSUFFICIENT_FUNDS","BANK_AUTHORIZATION","4319","2026-08-03 10:09:12","0","True","0.48","not_recovered"
"3507","MERCH010","CUST0418","CARD","HDFC","CUSTOMER_ACTION_REQUIRED","CUSTOMER_AUTHENTICATION","7504","2026-08-30 05:24:36","0","False","0.4","unknown"
"3508","MERCH019","CUST0947","CARD","AXIS","INSUFFICIENT_FUNDS","BANK_AUTHORIZATION","7096","2026-08-14 22:28:09","1","False","0.4","not_recovered"
"3509","MERCH026","CUST0885","CARD","SBI","INSUFFICIENT_FUNDS","BANK_AUTHORIZATION","2336","2026-08-25 13:52:21","0","False","0.45","not_recovered"
"3510","MERCH017","CUST0115","CARD","HDFC","BANK_TIMEOUT","BANK_RESPONSE","9530","2026-08-15 18:30:28","2","True","0.43","not_recovered"
"3511","MERCH002","CUST0184","CARD","AXIS","INSUFFICIENT_FUNDS","BANK_AUTHORIZATION","8837","2026-08-07 08:21:47","1","False","0.4","recovered"
"3512","MERCH020","CUST0531","CARD","AXIS","PROCESSING_ERROR","PAYMENT_PROCESSING","7789","2026-08-11 19:33:43","0","False","0.55","not_recovered"
"3513","MERCH002","CUST0438","UPI","ICICI","INSUFFICIENT_FUNDS","BANK_AUTHORIZATION","5366","2026-08-23 17:00:39","2","False","0.35","not_recovered"
"3514","MERCH031","CUST0541","UPI","ICICI","INSUFFICIENT_FUNDS","BANK_AUTHORIZATION","5735","2026-08-10 21:42:13","0","True","0.48","recovered"
"3515","MERCH047","CUST0414","CARD","ICICI","PROCESSING_ERROR","PAYMENT_PROCESSING","7807","2026-08-04 22:26:38","0","False","0.55","not_recovered"
"3516","MERCH035","CUST0697","UPI","HDFC","PROCESSING_ERROR","PAYMENT_PROCESSING","4018","2026-08-21 09:00:59","2","False","0.45","not_recovered"
"3517","MERCH009","CUST0193","CARD","AXIS","INSUFFICIENT_FUNDS","BANK_AUTHORIZATION","9901","2026-08-30 13:21:38","0","False","0.45","unknown"
"3518","MERCH044","CUST0105","UPI","HDFC","PROCESSING_ERROR","PAYMENT_PROCESSING","8300","2026-08-23 15:30:16","0","False","0.55","recovered"
"3519","MERCH001","CUST0502","UPI","SBI","BANK_TIMEOUT","BANK_RESPONSE","6726","2026-08-19 15:21:04","0","True","0.53","recovered"
"3520","MERCH003","CUST0508","UPI","AXIS","PROCESSING_ERROR","PAYMENT_PROCESSING","8912","2026-08-16 15:08:44","0","False","0.55","recovered"
"3521","MERCH013","CUST0825","UPI","HDFC","INSUFFICIENT_FUNDS","BANK_AUTHORIZATION","5855","2026-08-24 10:46:54","0","False","0.45","recovered"
"3522","MERCH019","CUST0707","UPI","ICICI","CUSTOMER_ACTION_REQUIRED","CUSTOMER_AUTHENTICATION","2218","2026-08-25 06:19:07","0","True","0.43","recovered"
"3523","MERCH008","CUST0888","CARD","HDFC","BANK_TIMEOUT","BANK_RESPONSE","6489","2026-08-14 10:38:41","0","False","0.5","recovered"
"3524","MERCH048","CUST0532","CARD","ICICI","CARD_BLOCKED","CARD_AUTHORIZATION","4477","2026-08-04 00:31:16","1","False","0.0","not_recovered"
"3525","MERCH048","CUST0602","UPI","SBI","INSUFFICIENT_FUNDS","BANK_AUTHORIZATION","3150","2026-08-03 15:14:00","0","False","0.45","recovered"
"3526","MERCH046","CUST0845","CARD","HDFC","PROCESSING_ERROR","PAYMENT_PROCESSING","986","2026-08-08 00:42:03","1","True","0.53","not_recovered"
"3527","MERCH042","CUST0039","UPI","AXIS","PROCESSING_ERROR","PAYMENT_PROCESSING","3687","2026-08-03 00:51:07","3","False","0.4","recovered"
"3528","MERCH016","CUST0367","CARD","ICICI","INSUFFICIENT_FUNDS","BANK_AUTHORIZATION","152","2026-08-13 21:14:31","0","False","0.45","not_recovered"
"3529","MERCH023","CUST0282","UPI","HDFC","BANK_TIMEOUT","BANK_RESPONSE","3515","2026-08-09 22:19:09","0","True","0.53","not_recovered"
"3530","MERCH039","CUST0366","UPI","SBI","PROCESSING_ERROR","PAYMENT_PROCESSING","5447","2026-08-02 05:06:07","0","True","0.58","recovered"
"3531","MERCH035","CUST0144","UPI","AXIS","CARD_BLOCKED","CARD_AUTHORIZATION","2169","2026-08-04 16:37:23","0","False","0.05","not_recovered"
"3532","MERCH003","CUST0581","UPI","SBI","CUSTOMER_ACTION_REQUIRED","CUSTOMER_AUTHENTICATION","5778","2026-08-16 10:24:17","0","False","0.4","recovered"
"3533","MERCH034","CUST0368","CARD","AXIS","BANK_TIMEOUT","BANK_RESPONSE","3451","2026-08-30 11:48:10","2","False","0.4","unknown"
"3534","MERCH010","CUST0278","CARD","ICICI","INSUFFICIENT_FUNDS","BANK_AUTHORIZATION","1819","2026-08-20 04:36:45","2","False","0.35","not_recovered"
"3535","MERCH044","CUST0193","UPI","AXIS","CARD_BLOCKED","CARD_AUTHORIZATION","2254","2026-08-30 11:45:59","0","False","0.05","unknown"
"3536","MERCH033","CUST0352","UPI","ICICI","PROCESSING_ERROR","PAYMENT_PROCESSING","7751","2026-08-22 07:56:25","1","False","0.5","not_recovered"
"3537","MERCH006","CUST0345","CARD","SBI","INSUFFICIENT_FUNDS","BANK_AUTHORIZATION","8509","2026-08-08 00:23:34","1","False","0.4","not_recovered"
"3538","MERCH040","CUST0337","CARD","ICICI","BANK_TIMEOUT","BANK_RESPONSE","7529","2026-08-20 19:40:50","0","False","0.5","recovered"
"3539","MERCH046","CUST0781","CARD","ICICI","PROCESSING_ERROR","PAYMENT_PROCESSING","1986","2026-08-17 19:02:55","1","False","0.5","recovered"
"3540","MERCH017","CUST0296","CARD","ICICI","INSUFFICIENT_FUNDS","BANK_AUTHORIZATION","5546","2026-08-03 07:10:48","0","False","0.45","not_recovered"
"3541","MERCH024","CUST0355","CARD","HDFC","PROCESSING_ERROR","PAYMENT_PROCESSING","5549","2026-08-26 16:12:59","0","False","0.55","recovered"
"3542","MERCH046","CUST0138","UPI","AXIS","PROCESSING_ERROR","PAYMENT_PROCESSING","5502","2026-08-16 13:33:16","0","False","0.55","not_recovered"
"3543","MERCH032","CUST0279","CARD","HDFC","PROCESSING_ERROR","PAYMENT_PROCESSING","2024","2026-08-08 03:01:23","0","False","0.55","not_recovered"
"3544","MERCH048","CUST0601","UPI","AXIS","PROCESSING_ERROR","PAYMENT_PROCESSING","731","2026-08-02 19:50:15","0","False","0.55","not_recovered"
"3545","MERCH024","CUST0615","CARD","ICICI","PROCESSING_ERROR","PAYMENT_PROCESSING","6916","2026-08-24 10:05:18","2","False","0.45","not_recovered"
"3546","MERCH007","CUST0447","CARD","HDFC","INSUFFICIENT_FUNDS","BANK_AUTHORIZATION","9334","2026-08-18 13:11:58","1","False","0.4","not_recovered"
"3547","MERCH010","CUST0338","CARD","HDFC","INSUFFICIENT_FUNDS","BANK_AUTHORIZATION","589","2026-08-10 04:36:53","1","False","0.4","recovered"
"3548","MERCH047","CUST0811","UPI","AXIS","INSUFFICIENT_FUNDS","BANK_AUTHORIZATION","2637","2026-08-09 10:18:30","0","False","0.45","recovered"
"3549","MERCH013","CUST0825","UPI","ICICI","CUSTOMER_ACTION_REQUIRED","CUSTOMER_AUTHENTICATION","1954","2026-08-11 19:17:54","0","False","0.4","not_recovered"
"3550","MERCH004","CUST0058","CARD","ICICI","CARD_BLOCKED","CARD_AUTHORIZATION","5611","2026-08-28 23:25:09","0","False","0.05","not_recovered"
"3551","MERCH022","CUST0910","CARD","AXIS","CUSTOMER_ACTION_REQUIRED","CUSTOMER_AUTHENTICATION","2115","2026-08-22 13:57:08","3","False","0.25","not_recovered"
"3552","MERCH014","CUST0382","CARD","AXIS","PROCESSING_ERROR","PAYMENT_PROCESSING","984","2026-08-29 05:01:08","2","False","0.45","not_recovered"
"3553","MERCH020","CUST0823","UPI","SBI","PROCESSING_ERROR","PAYMENT_PROCESSING","932","2026-08-16 06:11:20","0","False","0.55","recovered"
"3554","MERCH022","CUST0697","CARD","ICICI","BANK_TIMEOUT","BANK_RESPONSE","1631","2026-08-30 02:40:59","0","False","0.5","unknown"
"3555","MERCH026","CUST0570","CARD","SBI","BANK_TIMEOUT","BANK_RESPONSE","4074","2026-08-05 07:53:11","1","False","0.45","not_recovered"
"3556","MERCH034","CUST0519","CARD","SBI","CARD_BLOCKED","CARD_AUTHORIZATION","647","2026-08-19 21:23:46","0","False","0.05","not_recovered"
"3557","MERCH006","CUST0096","UPI","ICICI","CUSTOMER_ACTION_REQUIRED","CUSTOMER_AUTHENTICATION","2937","2026-08-04 02:55:35","0","False","0.4","recovered"
"3558","MERCH046","CUST0195","UPI","HDFC","CARD_BLOCKED","CARD_AUTHORIZATION","7201","2026-08-13 19:06:29","0","True","0.08","not_recovered"
"3559","MERCH043","CUST0686","UPI","AXIS","PROCESSING_ERROR","PAYMENT_PROCESSING","1128","2026-08-29 03:58:42","0","False","0.55","recovered"
"3560","MERCH029","CUST0533","UPI","AXIS","BANK_TIMEOUT","BANK_RESPONSE","7182","2026-08-21 14:54:16","0","False","0.5","not_recovered"
"3561","MERCH009","CUST0757","UPI","HDFC","INSUFFICIENT_FUNDS","BANK_AUTHORIZATION","1618","2026-08-11 00:13:58","0","False","0.45","recovered"
"3562","MERCH019","CUST0493","CARD","HDFC","BANK_TIMEOUT","BANK_RESPONSE","6867","2026-08-16 21:37:38","0","True","0.53","recovered"
"3563","MERCH036","CUST0199","UPI","AXIS","PROCESSING_ERROR","PAYMENT_PROCESSING","7212","2026-08-21 17:33:58","0","False","0.55","not_recovered"
"3564","MERCH034","CUST0096","CARD","AXIS","CUSTOMER_ACTION_REQUIRED","CUSTOMER_AUTHENTICATION","5053","2026-08-15 05:37:56","1","True","0.38","not_recovered"
"3565","MERCH029","CUST0680","UPI","ICICI","CARD_BLOCKED","CARD_AUTHORIZATION","4314","2026-08-20 15:25:05","2","False","0.0","not_recovered"
"3566","MERCH040","CUST0721","CARD","HDFC","INSUFFICIENT_FUNDS","BANK_AUTHORIZATION","5458","2026-08-18 00:48:19","2","False","0.35","not_recovered"
"3567","MERCH013","CUST0630","CARD","SBI","CARD_BLOCKED","CARD_AUTHORIZATION","6307","2026-08-30 07:38:08","1","False","0.0","unknown"
"3568","MERCH037","CUST0825","CARD","ICICI","BANK_TIMEOUT","BANK_RESPONSE","9752","2026-08-20 20:45:10","0","False","0.5","not_recovered"
"3569","MERCH005","CUST0982","UPI","HDFC","CUSTOMER_ACTION_REQUIRED","CUSTOMER_AUTHENTICATION","9546","2026-08-09 01:58:44","0","False","0.4","not_recovered"
"3570","MERCH042","CUST0140","CARD","AXIS","PROCESSING_ERROR","PAYMENT_PROCESSING","2350","2026-08-11 00:24:05","2","False","0.45","recovered"
"3571","MERCH032","CUST0724","CARD","SBI","CARD_BLOCKED","CARD_AUTHORIZATION","1153","2026-08-11 21:23:20","0","False","0.05","not_recovered"
"3572","MERCH034","CUST0987","CARD","AXIS","PROCESSING_ERROR","PAYMENT_PROCESSING","943","2026-08-14 21:19:28","1","False","0.5","recovered"
"3573","MERCH021","CUST0692","CARD","AXIS","BANK_TIMEOUT","BANK_RESPONSE","6192","2026-08-24 08:22:31","0","False","0.5","recovered"
"3574","MERCH023","CUST0346","UPI","HDFC","CUSTOMER_ACTION_REQUIRED","CUSTOMER_AUTHENTICATION","7947","2026-08-22 14:24:09","0","False","0.4","not_recovered"
"3575","MERCH014","CUST0992","CARD","HDFC","INSUFFICIENT_FUNDS","BANK_AUTHORIZATION","696","2026-08-19 20:20:15","0","False","0.45","recovered"
"3576","MERCH013","CUST0904","CARD","ICICI","INSUFFICIENT_FUNDS","BANK_AUTHORIZATION","1106","2026-08-16 04:01:02","0","False","0.45","not_recovered"
"3577","MERCH029","CUST0257","CARD","SBI","CUSTOMER_ACTION_REQUIRED","CUSTOMER_AUTHENTICATION","2349","2026-08-04 11:04:49","0","True","0.43","not_recovered"
"3578","MERCH037","CUST0995","CARD","SBI","CUSTOMER_ACTION_REQUIRED","CUSTOMER_AUTHENTICATION","6798","2026-08-20 03:49:07","1","False","0.35","recovered"
"3579","MERCH036","CUST0328","UPI","SBI","BANK_TIMEOUT","BANK_RESPONSE","3172","2026-08-11 00:16:27","2","False","0.4","not_recovered"
"3580","MERCH031","CUST0921","CARD","AXIS","BANK_TIMEOUT","BANK_RESPONSE","3455","2026-08-11 00:54:00","2","False","0.4","not_recovered"
"3581","MERCH004","CUST0799","CARD","HDFC","INSUFFICIENT_FUNDS","BANK_AUTHORIZATION","9077","2026-08-06 15:36:06","0","True","0.48","not_recovered"
"3582","MERCH033","CUST0631","UPI","AXIS","INSUFFICIENT_FUNDS","BANK_AUTHORIZATION","6057","2026-08-09 08:02:44","0","True","0.48","recovered"
"3583","MERCH030","CUST0922","CARD","AXIS","PROCESSING_ERROR","PAYMENT_PROCESSING","9907","2026-08-03 00:23:05","0","True","0.58","recovered"
"3584","MERCH012","CUST0360","CARD","SBI","CARD_BLOCKED","CARD_AUTHORIZATION","4850","2026-08-12 11:09:21","0","False","0.05","not_recovered"
"3585","MERCH003","CUST0320","UPI","AXIS","PROCESSING_ERROR","PAYMENT_PROCESSING","6101","2026-08-07 23:53:27","0","False","0.55","recovered"
"3586","MERCH049","CUST0157","UPI","SBI","PROCESSING_ERROR","PAYMENT_PROCESSING","9728","2026-08-24 03:00:56","0","False","0.55","recovered"
"3587","MERCH030","CUST0113","CARD","AXIS","INSUFFICIENT_FUNDS","BANK_AUTHORIZATION","2639","2026-08-04 02:56:44","0","True","0.48","recovered"
"3588","MERCH019","CUST0255","UPI","HDFC","PROCESSING_ERROR","PAYMENT_PROCESSING","6837","2026-08-19 01:23:56","0","True","0.58","recovered"
"3589","MERCH026","CUST0089","CARD","ICICI","INSUFFICIENT_FUNDS","BANK_AUTHORIZATION","463","2026-08-22 07:36:39","1","False","0.4","recovered"
"3590","MERCH022","CUST0154","CARD","AXIS","CARD_BLOCKED","CARD_AUTHORIZATION","987","2026-08-13 17:53:49","0","False","0.05","not_recovered"
"3591","MERCH010","CUST0466","CARD","SBI","INSUFFICIENT_FUNDS","BANK_AUTHORIZATION","5936","2026-08-23 04:42:11","0","True","0.48","not_recovered"
"3592","MERCH021","CUST0474","UPI","SBI","CARD_BLOCKED","CARD_AUTHORIZATION","1463","2026-08-27 08:48:53","0","False","0.05","not_recovered"
"3593","MERCH039","CUST0208","UPI","HDFC","PROCESSING_ERROR","PAYMENT_PROCESSING","3174","2026-08-29 21:09:56","2","False","0.45","not_recovered"
"3594","MERCH002","CUST0645","CARD","ICICI","PROCESSING_ERROR","PAYMENT_PROCESSING","9647","2026-08-17 12:26:40","3","False","0.4","not_recovered"
"3595","MERCH031","CUST0838","UPI","AXIS","PROCESSING_ERROR","PAYMENT_PROCESSING","3185","2026-08-09 01:15:49","2","False","0.45","recovered"
"3596","MERCH010","CUST0278","UPI","AXIS","BANK_TIMEOUT","BANK_RESPONSE","6854","2026-08-27 15:32:17","1","False","0.45","not_recovered"
"3597","MERCH048","CUST0114","UPI","HDFC","BANK_TIMEOUT","BANK_RESPONSE","5090","2026-08-05 08:11:08","2","False","0.4","recovered"
"3598","MERCH046","CUST0313","UPI","ICICI","INSUFFICIENT_FUNDS","BANK_AUTHORIZATION","3726","2026-08-11 05:47:13","0","False","0.45","not_recovered"
"3599","MERCH015","CUST0427","UPI","HDFC","INSUFFICIENT_FUNDS","BANK_AUTHORIZATION","7996","2026-08-19 21:06:21","1","True","0.43","not_recovered"
"3600","MERCH004","CUST0003","CARD","SBI","PROCESSING_ERROR","PAYMENT_PROCESSING","4417","2026-08-13 07:47:57","0","False","0.55","not_recovered"
"3601","MERCH010","CUST0099","CARD","SBI","CUSTOMER_ACTION_REQUIRED","CUSTOMER_AUTHENTICATION","4516","2026-08-23 09:36:40","0","False","0.4","recovered"
"3602","MERCH045","CUST0895","UPI","HDFC","CUSTOMER_ACTION_REQUIRED","CUSTOMER_AUTHENTICATION","9363","2026-08-24 20:24:21","0","False","0.4","not_recovered"
"3603","MERCH024","CUST0390","UPI","AXIS","PROCESSING_ERROR","PAYMENT_PROCESSING","7381","2026-08-20 04:52:42","0","False","0.55","recovered"
"3604","MERCH048","CUST0243","UPI","SBI","BANK_TIMEOUT","BANK_RESPONSE","1233","2026-08-04 18:38:56","1","False","0.45","not_recovered"
"3605","MERCH038","CUST0086","CARD","HDFC","INSUFFICIENT_FUNDS","BANK_AUTHORIZATION","1306","2026-08-25 16:42:29","1","False","0.4","recovered"
"3606","MERCH042","CUST0512","UPI","ICICI","BANK_TIMEOUT","BANK_RESPONSE","807","2026-08-20 17:22:52","0","False","0.5","not_recovered"
"3607","MERCH023","CUST0848","UPI","ICICI","PROCESSING_ERROR","PAYMENT_PROCESSING","6139","2026-08-24 16:11:34","0","False","0.55","not_recovered"
"3608","MERCH025","CUST0886","CARD","SBI","PROCESSING_ERROR","PAYMENT_PROCESSING","6521","2026-08-10 17:37:46","2","False","0.45","not_recovered"
"3609","MERCH021","CUST0436","UPI","HDFC","PROCESSING_ERROR","PAYMENT_PROCESSING","9618","2026-08-09 18:32:51","0","False","0.55","not_recovered"
"3610","MERCH041","CUST0674","CARD","SBI","INSUFFICIENT_FUNDS","BANK_AUTHORIZATION","7245","2026-08-26 21:08:38","2","True","0.38","recovered"
"3611","MERCH039","CUST0908","UPI","AXIS","CUSTOMER_ACTION_REQUIRED","CUSTOMER_AUTHENTICATION","9727","2026-08-05 07:13:46","1","False","0.35","recovered"
"3612","MERCH036","CUST0069","CARD","SBI","INSUFFICIENT_FUNDS","BANK_AUTHORIZATION","3316","2026-08-08 14:22:28","0","False","0.45","recovered"
"3613","MERCH002","CUST0353","CARD","AXIS","CUSTOMER_ACTION_REQUIRED","CUSTOMER_AUTHENTICATION","8222","2026-08-04 09:57:57","0","False","0.4","not_recovered"
"3614","MERCH045","CUST0395","UPI","SBI","INSUFFICIENT_FUNDS","BANK_AUTHORIZATION","5602","2026-08-22 17:15:39","1","False","0.4","not_recovered"
"3615","MERCH026","CUST0314","CARD","SBI","CARD_BLOCKED","CARD_AUTHORIZATION","7466","2026-08-11 19:40:25","1","False","0.0","not_recovered"
"3616","MERCH045","CUST0818","UPI","HDFC","INSUFFICIENT_FUNDS","BANK_AUTHORIZATION","5901","2026-08-07 19:57:26","3","False","0.3","recovered"
"3617","MERCH047","CUST0854","CARD","ICICI","BANK_TIMEOUT","BANK_RESPONSE","2962","2026-08-19 01:46:01","0","False","0.5","recovered"
"3618","MERCH030","CUST0765","CARD","AXIS","BANK_TIMEOUT","BANK_RESPONSE","3198","2026-08-19 15:02:57","0","False","0.5","not_recovered"
"3619","MERCH032","CUST0745","CARD","ICICI","PROCESSING_ERROR","PAYMENT_PROCESSING","4722","2026-08-26 05:31:26","0","False","0.55","not_recovered"
"3620","MERCH040","CUST0951","CARD","ICICI","INSUFFICIENT_FUNDS","BANK_AUTHORIZATION","3953","2026-08-20 02:23:39","0","False","0.45","not_recovered"
"3621","MERCH008","CUST0182","CARD","HDFC","BANK_TIMEOUT","BANK_RESPONSE","1414","2026-08-31 16:36:19","0","False","0.5","unknown"
"3622","MERCH017","CUST0437","UPI","HDFC","PROCESSING_ERROR","PAYMENT_PROCESSING","8142","2026-08-07 10:24:53","1","False","0.5","not_recovered"
"3623","MERCH037","CUST0194","UPI","ICICI","INSUFFICIENT_FUNDS","BANK_AUTHORIZATION","715","2026-08-12 08:01:54","1","False","0.4","not_recovered"
"3624","MERCH036","CUST0222","UPI","ICICI","BANK_TIMEOUT","BANK_RESPONSE","8789","2026-08-08 10:29:44","0","False","0.5","not_recovered"
"3625","MERCH024","CUST0238","UPI","ICICI","CUSTOMER_ACTION_REQUIRED","CUSTOMER_AUTHENTICATION","3015","2026-08-22 13:26:35","1","True","0.38","not_recovered"
"3626","MERCH018","CUST0795","CARD","ICICI","PROCESSING_ERROR","PAYMENT_PROCESSING","2129","2026-08-07 12:30:44","0","True","0.58","not_recovered"
"3627","MERCH043","CUST0604","UPI","ICICI","BANK_TIMEOUT","BANK_RESPONSE","2102","2026-08-23 22:41:07","0","False","0.5","not_recovered"
"3628","MERCH009","CUST0593","UPI","SBI","PROCESSING_ERROR","PAYMENT_PROCESSING","7638","2026-08-26 18:59:20","0","False","0.55","recovered"
"3629","MERCH016","CUST0582","CARD","AXIS","PROCESSING_ERROR","PAYMENT_PROCESSING","1008","2026-08-17 08:28:34","0","False","0.55","not_recovered"
"3630","MERCH047","CUST0495","UPI","AXIS","INSUFFICIENT_FUNDS","BANK_AUTHORIZATION","1315","2026-08-08 02:15:49","1","False","0.4","not_recovered"
"3631","MERCH014","CUST0359","UPI","SBI","INSUFFICIENT_FUNDS","BANK_AUTHORIZATION","5513","2026-08-26 00:39:46","0","False","0.45","recovered"
"3632","MERCH030","CUST0162","UPI","ICICI","PROCESSING_ERROR","PAYMENT_PROCESSING","3181","2026-08-20 11:21:19","1","False","0.5","recovered"
"3633","MERCH023","CUST0428","UPI","ICICI","INSUFFICIENT_FUNDS","BANK_AUTHORIZATION","9547","2026-08-06 20:59:51","0","False","0.45","not_recovered"
"3634","MERCH030","CUST1000","UPI","ICICI","INSUFFICIENT_FUNDS","BANK_AUTHORIZATION","6649","2026-08-29 19:09:44","1","False","0.4","not_recovered"
"3635","MERCH042","CUST0938","CARD","ICICI","CUSTOMER_ACTION_REQUIRED","CUSTOMER_AUTHENTICATION","1090","2026-08-05 06:35:43","0","True","0.43","not_recovered"
"3636","MERCH048","CUST0608","CARD","ICICI","BANK_TIMEOUT","BANK_RESPONSE","5814","2026-08-15 12:21:55","2","True","0.43","not_recovered"
"3637","MERCH001","CUST0110","UPI","AXIS","BANK_TIMEOUT","BANK_RESPONSE","1961","2026-08-12 09:28:37","3","False","0.35","not_recovered"
"3638","MERCH038","CUST0252","CARD","AXIS","CARD_BLOCKED","CARD_AUTHORIZATION","5358","2026-08-12 04:49:39","0","False","0.05","not_recovered"
"3639","MERCH005","CUST0104","UPI","ICICI","BANK_TIMEOUT","BANK_RESPONSE","715","2026-08-11 03:47:44","0","False","0.5","recovered"
"3640","MERCH006","CUST0892","CARD","ICICI","CUSTOMER_ACTION_REQUIRED","CUSTOMER_AUTHENTICATION","2743","2026-08-20 15:47:53","0","False","0.4","recovered"
"3641","MERCH021","CUST0291","CARD","HDFC","INSUFFICIENT_FUNDS","BANK_AUTHORIZATION","3014","2026-08-07 23:49:07","2","False","0.35","recovered"
"3642","MERCH025","CUST0638","UPI","HDFC","BANK_TIMEOUT","BANK_RESPONSE","9432","2026-08-15 19:27:20","0","False","0.5","recovered"
"3643","MERCH029","CUST0253","CARD","HDFC","INSUFFICIENT_FUNDS","BANK_AUTHORIZATION","6375","2026-08-05 00:18:13","2","False","0.35","not_recovered"
"3644","MERCH017","CUST0484","UPI","SBI","PROCESSING_ERROR","PAYMENT_PROCESSING","4193","2026-08-29 16:53:27","0","False","0.55","recovered"
"3645","MERCH037","CUST0793","CARD","SBI","PROCESSING_ERROR","PAYMENT_PROCESSING","5626","2026-08-08 11:29:38","0","False","0.55","not_recovered"
"3646","MERCH048","CUST0182","UPI","HDFC","INSUFFICIENT_FUNDS","BANK_AUTHORIZATION","1848","2026-08-25 16:06:01","0","True","0.48","not_recovered"
"3647","MERCH039","CUST0346","CARD","ICICI","BANK_TIMEOUT","BANK_RESPONSE","1507","2026-08-27 16:04:30","1","False","0.45","recovered"
"3648","MERCH013","CUST0224","UPI","AXIS","PROCESSING_ERROR","PAYMENT_PROCESSING","302","2026-08-08 19:40:09","0","False","0.55","not_recovered"
"3649","MERCH005","CUST0337","CARD","ICICI","PROCESSING_ERROR","PAYMENT_PROCESSING","7296","2026-08-31 17:45:32","0","False","0.55","unknown"
"3650","MERCH031","CUST0562","UPI","SBI","BANK_TIMEOUT","BANK_RESPONSE","3011","2026-08-16 18:12:22","1","True","0.48","not_recovered"
"3651","MERCH008","CUST0659","UPI","ICICI","INSUFFICIENT_FUNDS","BANK_AUTHORIZATION","9650","2026-08-31 11:54:37","0","True","0.48","unknown"
"3652","MERCH008","CUST0292","UPI","SBI","INSUFFICIENT_FUNDS","BANK_AUTHORIZATION","8508","2026-08-19 13:32:50","1","False","0.4","not_recovered"
"3653","MERCH013","CUST0595","UPI","ICICI","CUSTOMER_ACTION_REQUIRED","CUSTOMER_AUTHENTICATION","6853","2026-08-17 14:30:48","0","False","0.4","not_recovered"
"3654","MERCH046","CUST0032","UPI","AXIS","INSUFFICIENT_FUNDS","BANK_AUTHORIZATION","803","2026-08-09 09:15:49","0","False","0.45","not_recovered"
"3655","MERCH045","CUST0315","CARD","AXIS","PROCESSING_ERROR","PAYMENT_PROCESSING","4970","2026-08-28 09:31:31","0","False","0.55","recovered"
"3656","MERCH039","CUST0128","UPI","AXIS","PROCESSING_ERROR","PAYMENT_PROCESSING","5456","2026-08-31 10:49:22","3","False","0.4","unknown"
"3657","MERCH020","CUST0980","CARD","SBI","CARD_BLOCKED","CARD_AUTHORIZATION","5234","2026-08-11 06:59:02","1","False","0.0","not_recovered"
"3658","MERCH002","CUST0914","UPI","SBI","INSUFFICIENT_FUNDS","BANK_AUTHORIZATION","8576","2026-08-17 06:35:18","2","False","0.35","not_recovered"
"3659","MERCH035","CUST0786","UPI","HDFC","INSUFFICIENT_FUNDS","BANK_AUTHORIZATION","8998","2026-08-14 04:05:35","3","False","0.3","not_recovered"
"3660","MERCH010","CUST0903","CARD","AXIS","INSUFFICIENT_FUNDS","BANK_AUTHORIZATION","6539","2026-08-25 03:17:42","2","False","0.35","not_recovered"
"3661","MERCH011","CUST0011","UPI","ICICI","INSUFFICIENT_FUNDS","BANK_AUTHORIZATION","4247","2026-08-09 17:09:43","0","False","0.45","not_recovered"
"3662","MERCH029","CUST0486","CARD","SBI","INSUFFICIENT_FUNDS","BANK_AUTHORIZATION","2305","2026-08-11 14:34:25","1","False","0.4","not_recovered"
"3663","MERCH038","CUST0770","CARD","AXIS","BANK_TIMEOUT","BANK_RESPONSE","7796","2026-08-16 16:18:10","0","False","0.5","not_recovered"
"3664","MERCH032","CUST0499","UPI","SBI","INSUFFICIENT_FUNDS","BANK_AUTHORIZATION","5638","2026-08-10 15:56:31","1","False","0.4","recovered"
"3665","MERCH016","CUST0853","UPI","SBI","CUSTOMER_ACTION_REQUIRED","CUSTOMER_AUTHENTICATION","6168","2026-08-05 13:06:02","0","False","0.4","not_recovered"
"3666","MERCH039","CUST0732","CARD","HDFC","INSUFFICIENT_FUNDS","BANK_AUTHORIZATION","7668","2026-08-08 16:16:46","0","True","0.48","recovered"
"3667","MERCH005","CUST0448","UPI","HDFC","PROCESSING_ERROR","PAYMENT_PROCESSING","7217","2026-08-13 08:33:08","1","False","0.5","recovered"
"3668","MERCH036","CUST0674","UPI","HDFC","BANK_TIMEOUT","BANK_RESPONSE","8476","2026-08-29 23:44:20","0","False","0.5","recovered"
"3669","MERCH043","CUST0642","UPI","AXIS","PROCESSING_ERROR","PAYMENT_PROCESSING","7087","2026-08-27 01:09:06","0","False","0.55","not_recovered"
"3670","MERCH003","CUST0281","UPI","HDFC","PROCESSING_ERROR","PAYMENT_PROCESSING","7581","2026-08-13 05:07:01","0","False","0.55","recovered"
"3671","MERCH016","CUST0073","UPI","AXIS","BANK_TIMEOUT","BANK_RESPONSE","9818","2026-08-11 01:58:17","1","False","0.45","recovered"
"3672","MERCH020","CUST0725","CARD","SBI","INSUFFICIENT_FUNDS","BANK_AUTHORIZATION","7788","2026-08-02 03:50:26","0","False","0.45","not_recovered"
"3673","MERCH036","CUST0941","CARD","ICICI","BANK_TIMEOUT","BANK_RESPONSE","6645","2026-08-11 14:28:36","1","False","0.45","not_recovered"
"3674","MERCH046","CUST0982","CARD","HDFC","BANK_TIMEOUT","BANK_RESPONSE","3994","2026-08-28 13:06:28","3","False","0.35","not_recovered"
"3675","MERCH023","CUST0075","CARD","ICICI","BANK_TIMEOUT","BANK_RESPONSE","4653","2026-08-10 07:35:46","0","False","0.5","recovered"
"3676","MERCH007","CUST0201","UPI","SBI","BANK_TIMEOUT","BANK_RESPONSE","1202","2026-08-19 00:57:59","0","False","0.5","recovered"
"3677","MERCH045","CUST0363","UPI","SBI","INSUFFICIENT_FUNDS","BANK_AUTHORIZATION","6829","2026-08-26 04:04:37","0","True","0.48","recovered"
"3678","MERCH028","CUST0235","CARD","ICICI","BANK_TIMEOUT","BANK_RESPONSE","260","2026-08-18 06:30:24","1","False","0.45","not_recovered"
"3679","MERCH032","CUST0905","UPI","HDFC","INSUFFICIENT_FUNDS","BANK_AUTHORIZATION","2300","2026-08-22 09:06:47","2","False","0.35","not_recovered"
"3680","MERCH030","CUST0890","UPI","HDFC","CUSTOMER_ACTION_REQUIRED","CUSTOMER_AUTHENTICATION","2926","2026-08-12 12:13:00","1","False","0.35","recovered"
"3681","MERCH006","CUST0452","UPI","HDFC","PROCESSING_ERROR","PAYMENT_PROCESSING","5133","2026-08-23 12:16:21","1","False","0.5","recovered"
"3682","MERCH009","CUST0978","UPI","SBI","CUSTOMER_ACTION_REQUIRED","CUSTOMER_AUTHENTICATION","7329","2026-08-17 09:32:03","3","False","0.25","not_recovered"
"3683","MERCH032","CUST0913","UPI","SBI","INSUFFICIENT_FUNDS","BANK_AUTHORIZATION","3472","2026-08-13 13:59:44","3","True","0.33","recovered"
"3684","MERCH035","CUST0516","CARD","HDFC","CARD_BLOCKED","CARD_AUTHORIZATION","982","2026-08-22 23:17:55","1","False","0.0","not_recovered"
"3685","MERCH017","CUST0690","UPI","SBI","INSUFFICIENT_FUNDS","BANK_AUTHORIZATION","8825","2026-08-06 15:17:39","0","True","0.48","not_recovered"
"3686","MERCH020","CUST0561","CARD","SBI","BANK_TIMEOUT","BANK_RESPONSE","829","2026-08-08 06:16:59","0","True","0.53","recovered"
"3687","MERCH017","CUST0025","UPI","AXIS","INSUFFICIENT_FUNDS","BANK_AUTHORIZATION","8583","2026-08-14 17:00:29","3","True","0.33","not_recovered"
"3688","MERCH031","CUST0546","CARD","HDFC","INSUFFICIENT_FUNDS","BANK_AUTHORIZATION","1152","2026-08-15 16:01:41","1","False","0.4","not_recovered"
"3689","MERCH001","CUST0215","UPI","SBI","INSUFFICIENT_FUNDS","BANK_AUTHORIZATION","5201","2026-08-26 01:23:14","0","False","0.45","recovered"
"3690","MERCH009","CUST0107","UPI","AXIS","PROCESSING_ERROR","PAYMENT_PROCESSING","837","2026-08-03 00:14:46","0","False","0.55","recovered"
"3691","MERCH041","CUST0300","UPI","HDFC","INSUFFICIENT_FUNDS","BANK_AUTHORIZATION","5608","2026-08-19 18:52:18","0","False","0.45","not_recovered"
"3692","MERCH009","CUST0049","CARD","HDFC","BANK_TIMEOUT","BANK_RESPONSE","2195","2026-08-13 06:19:28","1","False","0.45","not_recovered"
"3693","MERCH045","CUST0476","UPI","SBI","PROCESSING_ERROR","PAYMENT_PROCESSING","1357","2026-08-27 09:01:47","2","False","0.45","not_recovered"
"3694","MERCH038","CUST0568","CARD","AXIS","PROCESSING_ERROR","PAYMENT_PROCESSING","7900","2026-08-23 06:15:13","2","False","0.45","recovered"
"3695","MERCH031","CUST0476","UPI","HDFC","BANK_TIMEOUT","BANK_RESPONSE","8898","2026-08-06 01:53:44","0","False","0.5","not_recovered"
"3696","MERCH042","CUST0652","UPI","SBI","INSUFFICIENT_FUNDS","BANK_AUTHORIZATION","7907","2026-08-12 21:56:23","0","False","0.45","not_recovered"
"3697","MERCH021","CUST0350","CARD","SBI","BANK_TIMEOUT","BANK_RESPONSE","7575","2026-08-12 20:13:03","0","False","0.5","not_recovered"
"3698","MERCH002","CUST0511","CARD","ICICI","BANK_TIMEOUT","BANK_RESPONSE","756","2026-08-14 00:54:42","1","False","0.45","recovered"
"3699","MERCH032","CUST0825","CARD","ICICI","BANK_TIMEOUT","BANK_RESPONSE","9418","2026-08-07 03:32:56","1","False","0.45","recovered"
"3700","MERCH043","CUST0401","UPI","SBI","PROCESSING_ERROR","PAYMENT_PROCESSING","4669","2026-08-16 20:07:38","1","False","0.5","not_recovered"
"3701","MERCH029","CUST0084","CARD","ICICI","INSUFFICIENT_FUNDS","BANK_AUTHORIZATION","6826","2026-08-13 01:31:37","0","False","0.45","not_recovered"
"3702","MERCH001","CUST0144","UPI","AXIS","CARD_BLOCKED","CARD_AUTHORIZATION","1323","2026-08-19 05:44:22","0","False","0.05","not_recovered"
"3703","MERCH004","CUST0704","CARD","ICICI","BANK_TIMEOUT","BANK_RESPONSE","5805","2026-08-18 08:08:20","1","False","0.45","recovered"
"3704","MERCH049","CUST0870","UPI","AXIS","BANK_TIMEOUT","BANK_RESPONSE","8556","2026-08-30 19:27:21","1","False","0.45","unknown"
"3705","MERCH045","CUST0991","UPI","HDFC","CARD_BLOCKED","CARD_AUTHORIZATION","1834","2026-08-03 12:26:52","1","False","0.0","not_recovered"
"3706","MERCH043","CUST0010","CARD","SBI","BANK_TIMEOUT","BANK_RESPONSE","5184","2026-08-26 00:07:21","1","True","0.48","recovered"
"3707","MERCH012","CUST0303","CARD","SBI","BANK_TIMEOUT","BANK_RESPONSE","6113","2026-08-25 20:58:00","0","True","0.53","not_recovered"
"3708","MERCH007","CUST0966","UPI","ICICI","PROCESSING_ERROR","PAYMENT_PROCESSING","6798","2026-08-25 11:17:22","0","False","0.55","not_recovered"
"3709","MERCH010","CUST0983","CARD","HDFC","BANK_TIMEOUT","BANK_RESPONSE","5025","2026-08-26 03:42:19","0","False","0.5","not_recovered"
"3710","MERCH031","CUST0085","UPI","SBI","CARD_BLOCKED","CARD_AUTHORIZATION","8326","2026-08-24 11:39:02","0","True","0.08","not_recovered"
"3711","MERCH021","CUST0475","UPI","ICICI","BANK_TIMEOUT","BANK_RESPONSE","3772","2026-08-03 09:57:36","0","True","0.53","not_recovered"
"3712","MERCH043","CUST0434","CARD","ICICI","BANK_TIMEOUT","BANK_RESPONSE","1080","2026-08-12 09:04:58","1","True","0.48","not_recovered"
"3713","MERCH015","CUST0526","UPI","AXIS","PROCESSING_ERROR","PAYMENT_PROCESSING","9845","2026-08-26 06:47:17","3","False","0.4","recovered"
"3714","MERCH037","CUST0165","CARD","AXIS","INSUFFICIENT_FUNDS","BANK_AUTHORIZATION","8740","2026-08-07 21:13:19","0","False","0.45","recovered"
"3715","MERCH006","CUST0524","CARD","ICICI","INSUFFICIENT_FUNDS","BANK_AUTHORIZATION","4154","2026-08-06 01:33:41","2","False","0.35","not_recovered"
"3716","MERCH024","CUST0100","UPI","HDFC","PROCESSING_ERROR","PAYMENT_PROCESSING","9843","2026-08-05 21:59:30","2","False","0.45","recovered"
"3717","MERCH018","CUST0248","CARD","ICICI","INSUFFICIENT_FUNDS","BANK_AUTHORIZATION","2632","2026-08-19 04:33:21","2","False","0.35","not_recovered"
"3718","MERCH002","CUST0996","CARD","HDFC","PROCESSING_ERROR","PAYMENT_PROCESSING","5264","2026-08-06 10:29:59","2","False","0.45","recovered"
"3719","MERCH005","CUST0842","CARD","ICICI","INSUFFICIENT_FUNDS","BANK_AUTHORIZATION","1188","2026-08-07 12:17:12","1","False","0.4","recovered"
"3720","MERCH009","CUST0029","CARD","SBI","PROCESSING_ERROR","PAYMENT_PROCESSING","4160","2026-08-21 12:22:37","1","False","0.5","not_recovered"
"3721","MERCH024","CUST0893","UPI","HDFC","INSUFFICIENT_FUNDS","BANK_AUTHORIZATION","5167","2026-08-14 20:29:20","0","False","0.45","not_recovered"
"3722","MERCH029","CUST0670","UPI","ICICI","CUSTOMER_ACTION_REQUIRED","CUSTOMER_AUTHENTICATION","9283","2026-08-14 21:20:47","1","False","0.35","not_recovered"
"3723","MERCH008","CUST0853","CARD","SBI","CARD_BLOCKED","CARD_AUTHORIZATION","5222","2026-08-29 17:07:05","1","False","0.0","not_recovered"
"3724","MERCH027","CUST0812","UPI","ICICI","CUSTOMER_ACTION_REQUIRED","CUSTOMER_AUTHENTICATION","5497","2026-08-17 06:30:59","0","False","0.4","not_recovered"
"3725","MERCH021","CUST0549","UPI","AXIS","PROCESSING_ERROR","PAYMENT_PROCESSING","6141","2026-08-04 21:56:08","0","False","0.55","not_recovered"
"3726","MERCH043","CUST0319","UPI","HDFC","BANK_TIMEOUT","BANK_RESPONSE","2288","2026-08-11 11:01:15","0","False","0.5","recovered"
"3727","MERCH023","CUST0524","UPI","HDFC","CARD_BLOCKED","CARD_AUTHORIZATION","5560","2026-08-10 07:41:22","0","True","0.08","recovered"
"3728","MERCH032","CUST0324","UPI","AXIS","BANK_TIMEOUT","BANK_RESPONSE","8430","2026-08-06 06:33:44","1","False","0.45","not_recovered"
"3729","MERCH029","CUST0828","UPI","ICICI","INSUFFICIENT_FUNDS","BANK_AUTHORIZATION","4928","2026-08-08 09:13:12","0","False","0.45","not_recovered"
"3730","MERCH032","CUST0501","CARD","ICICI","INSUFFICIENT_FUNDS","BANK_AUTHORIZATION","4580","2026-08-29 10:50:52","0","False","0.45","recovered"
"3731","MERCH020","CUST0438","CARD","SBI","INSUFFICIENT_FUNDS","BANK_AUTHORIZATION","242","2026-08-20 18:20:33","1","False","0.4","not_recovered"
"3732","MERCH025","CUST0305","CARD","HDFC","CARD_BLOCKED","CARD_AUTHORIZATION","7595","2026-08-19 16:16:14","2","False","0.0","not_recovered"
"3733","MERCH038","CUST0234","CARD","ICICI","BANK_TIMEOUT","BANK_RESPONSE","6323","2026-08-03 00:06:52","1","True","0.48","recovered"
"3734","MERCH017","CUST0025","CARD","HDFC","CUSTOMER_ACTION_REQUIRED","CUSTOMER_AUTHENTICATION","4249","2026-08-19 04:42:18","1","False","0.35","recovered"
"3735","MERCH049","CUST0445","UPI","HDFC","INSUFFICIENT_FUNDS","BANK_AUTHORIZATION","4243","2026-08-24 18:06:55","0","False","0.45","recovered"
"3736","MERCH009","CUST0370","UPI","AXIS","INSUFFICIENT_FUNDS","BANK_AUTHORIZATION","2137","2026-08-21 03:19:30","1","False","0.4","recovered"
"3737","MERCH042","CUST0846","UPI","ICICI","INSUFFICIENT_FUNDS","BANK_AUTHORIZATION","9889","2026-08-26 16:27:48","3","False","0.3","recovered"
"3738","MERCH010","CUST0471","CARD","HDFC","BANK_TIMEOUT","BANK_RESPONSE","4077","2026-08-22 17:56:00","0","False","0.5","not_recovered"
"3739","MERCH017","CUST0584","CARD","ICICI","INSUFFICIENT_FUNDS","BANK_AUTHORIZATION","5118","2026-08-31 08:17:23","1","False","0.4","unknown"
"3740","MERCH046","CUST0639","CARD","AXIS","BANK_TIMEOUT","BANK_RESPONSE","2000","2026-08-10 09:54:35","0","True","0.53","recovered"
"3741","MERCH046","CUST0896","CARD","HDFC","PROCESSING_ERROR","PAYMENT_PROCESSING","1844","2026-08-27 16:25:37","0","False","0.55","not_recovered"
"3742","MERCH018","CUST0924","UPI","HDFC","INSUFFICIENT_FUNDS","BANK_AUTHORIZATION","3518","2026-08-21 03:12:15","2","False","0.35","not_recovered"
"3743","MERCH007","CUST0473","CARD","ICICI","BANK_TIMEOUT","BANK_RESPONSE","4634","2026-08-03 23:06:36","0","False","0.5","recovered"
"3744","MERCH024","CUST0102","UPI","HDFC","PROCESSING_ERROR","PAYMENT_PROCESSING","3891","2026-08-26 11:56:57","0","True","0.58","recovered"
"3745","MERCH001","CUST0961","UPI","HDFC","PROCESSING_ERROR","PAYMENT_PROCESSING","9981","2026-08-09 20:40:05","0","False","0.55","recovered"
"3746","MERCH041","CUST0347","CARD","HDFC","BANK_TIMEOUT","BANK_RESPONSE","8716","2026-08-08 13:05:25","0","False","0.5","recovered"
"3747","MERCH031","CUST0814","CARD","HDFC","INSUFFICIENT_FUNDS","BANK_AUTHORIZATION","3543","2026-08-17 10:53:58","1","False","0.4","not_recovered"
"3748","MERCH041","CUST0902","CARD","HDFC","BANK_TIMEOUT","BANK_RESPONSE","2282","2026-08-23 09:10:47","0","False","0.5","recovered"
"3749","MERCH048","CUST0593","UPI","SBI","CUSTOMER_ACTION_REQUIRED","CUSTOMER_AUTHENTICATION","5747","2026-08-07 19:27:11","0","True","0.43","recovered"
"3750","MERCH029","CUST0775","UPI","SBI","INSUFFICIENT_FUNDS","BANK_AUTHORIZATION","4218","2026-08-27 08:05:12","0","False","0.45","not_recovered"
"3751","MERCH025","CUST0995","CARD","HDFC","CUSTOMER_ACTION_REQUIRED","CUSTOMER_AUTHENTICATION","1218","2026-08-19 12:49:09","2","False","0.3","recovered"
"3752","MERCH002","CUST0365","UPI","SBI","PROCESSING_ERROR","PAYMENT_PROCESSING","9265","2026-08-11 10:39:42","0","False","0.55","recovered"
"3753","MERCH037","CUST0371","UPI","AXIS","BANK_TIMEOUT","BANK_RESPONSE","3916","2026-08-24 16:10:44","0","False","0.5","recovered"
"3754","MERCH009","CUST0627","CARD","HDFC","CUSTOMER_ACTION_REQUIRED","CUSTOMER_AUTHENTICATION","4608","2026-08-06 03:46:19","1","False","0.35","recovered"
"3755","MERCH050","CUST0164","CARD","ICICI","BANK_TIMEOUT","BANK_RESPONSE","539","2026-08-27 12:14:05","0","False","0.5","recovered"
"3756","MERCH039","CUST0061","CARD","HDFC","INSUFFICIENT_FUNDS","BANK_AUTHORIZATION","9287","2026-08-25 04:25:53","0","True","0.48","not_recovered"
"3757","MERCH034","CUST0599","CARD","ICICI","INSUFFICIENT_FUNDS","BANK_AUTHORIZATION","9868","2026-08-17 16:43:44","1","False","0.4","recovered"
"3758","MERCH014","CUST0078","CARD","AXIS","CARD_BLOCKED","CARD_AUTHORIZATION","1983","2026-08-24 08:13:23","0","False","0.05","recovered"
"3759","MERCH011","CUST0202","UPI","SBI","BANK_TIMEOUT","BANK_RESPONSE","149","2026-08-31 08:53:10","0","True","0.53","unknown"
"3760","MERCH022","CUST0013","UPI","ICICI","INSUFFICIENT_FUNDS","BANK_AUTHORIZATION","3721","2026-08-03 03:59:01","0","False","0.45","not_recovered"
"3761","MERCH032","CUST0666","CARD","AXIS","INSUFFICIENT_FUNDS","BANK_AUTHORIZATION","8967","2026-08-18 09:53:48","3","True","0.33","not_recovered"
"3762","MERCH049","CUST0100","CARD","ICICI","INSUFFICIENT_FUNDS","BANK_AUTHORIZATION","7271","2026-08-10 13:01:34","2","False","0.35","not_recovered"
"3763","MERCH044","CUST0403","UPI","AXIS","INSUFFICIENT_FUNDS","BANK_AUTHORIZATION","7132","2026-08-18 11:05:58","0","False","0.45","recovered"
"3764","MERCH045","CUST0138","UPI","ICICI","BANK_TIMEOUT","BANK_RESPONSE","3802","2026-08-28 20:48:25","0","False","0.5","not_recovered"
"3765","MERCH044","CUST0978","CARD","AXIS","INSUFFICIENT_FUNDS","BANK_AUTHORIZATION","8078","2026-08-20 17:47:58","0","True","0.48","recovered"
"3766","MERCH013","CUST0879","CARD","SBI","PROCESSING_ERROR","PAYMENT_PROCESSING","6287","2026-08-23 19:16:38","0","True","0.58","recovered"
"3767","MERCH044","CUST0574","CARD","ICICI","PROCESSING_ERROR","PAYMENT_PROCESSING","7415","2026-08-15 03:25:36","1","False","0.5","recovered"
"3768","MERCH026","CUST0662","CARD","AXIS","BANK_TIMEOUT","BANK_RESPONSE","7125","2026-08-16 01:31:16","3","False","0.35","not_recovered"
"3769","MERCH042","CUST0593","CARD","ICICI","INSUFFICIENT_FUNDS","BANK_AUTHORIZATION","7844","2026-08-04 13:01:58","0","True","0.48","not_recovered"
"3770","MERCH008","CUST0442","CARD","ICICI","BANK_TIMEOUT","BANK_RESPONSE","9891","2026-08-27 07:38:04","3","False","0.35","recovered"
"3771","MERCH016","CUST0959","CARD","SBI","INSUFFICIENT_FUNDS","BANK_AUTHORIZATION","144","2026-08-16 05:02:59","0","False","0.45","recovered"
"3772","MERCH023","CUST0070","CARD","ICICI","PROCESSING_ERROR","PAYMENT_PROCESSING","9601","2026-08-10 15:53:27","3","False","0.4","not_recovered"
"3773","MERCH009","CUST0776","UPI","HDFC","BANK_TIMEOUT","BANK_RESPONSE","2705","2026-08-24 19:09:01","3","False","0.35","not_recovered"
"3774","MERCH008","CUST0145","CARD","AXIS","CUSTOMER_ACTION_REQUIRED","CUSTOMER_AUTHENTICATION","3124","2026-08-05 12:18:42","0","False","0.4","recovered"
"3775","MERCH050","CUST0350","CARD","ICICI","BANK_TIMEOUT","BANK_RESPONSE","1986","2026-08-19 20:03:50","0","False","0.5","recovered"
"3776","MERCH050","CUST0398","CARD","SBI","INSUFFICIENT_FUNDS","BANK_AUTHORIZATION","8941","2026-08-02 00:58:43","2","False","0.35","not_recovered"
"3777","MERCH035","CUST0218","CARD","SBI","BANK_TIMEOUT","BANK_RESPONSE","3467","2026-08-03 11:54:54","0","False","0.5","recovered"
"3778","MERCH016","CUST0842","CARD","ICICI","BANK_TIMEOUT","BANK_RESPONSE","2148","2026-08-30 13:25:37","0","False","0.5","unknown"
"3779","MERCH035","CUST0274","CARD","AXIS","CUSTOMER_ACTION_REQUIRED","CUSTOMER_AUTHENTICATION","552","2026-08-26 04:36:08","2","False","0.3","recovered"
"3780","MERCH018","CUST0962","CARD","SBI","CUSTOMER_ACTION_REQUIRED","CUSTOMER_AUTHENTICATION","4025","2026-08-14 00:22:56","2","True","0.33","recovered"
"3781","MERCH018","CUST0751","UPI","AXIS","CARD_BLOCKED","CARD_AUTHORIZATION","4748","2026-08-11 13:29:34","0","False","0.05","not_recovered"
"3782","MERCH041","CUST0846","CARD","HDFC","PROCESSING_ERROR","PAYMENT_PROCESSING","7610","2026-08-23 04:44:57","0","True","0.58","recovered"
"3783","MERCH031","CUST0725","CARD","ICICI","CUSTOMER_ACTION_REQUIRED","CUSTOMER_AUTHENTICATION","5425","2026-08-14 09:03:27","3","False","0.25","not_recovered"
"3784","MERCH008","CUST0537","UPI","ICICI","BANK_TIMEOUT","BANK_RESPONSE","8283","2026-08-16 22:23:13","0","True","0.53","recovered"
"3785","MERCH015","CUST0643","UPI","ICICI","INSUFFICIENT_FUNDS","BANK_AUTHORIZATION","8343","2026-08-26 07:12:22","0","False","0.45","not_recovered"
"3786","MERCH044","CUST0586","UPI","SBI","BANK_TIMEOUT","BANK_RESPONSE","2334","2026-08-11 22:47:20","1","False","0.45","not_recovered"
"3787","MERCH034","CUST0919","UPI","SBI","INSUFFICIENT_FUNDS","BANK_AUTHORIZATION","490","2026-08-02 16:39:32","0","False","0.45","recovered"
"3788","MERCH009","CUST0678","UPI","ICICI","BANK_TIMEOUT","BANK_RESPONSE","8479","2026-08-14 13:15:10","2","False","0.4","not_recovered"
"3789","MERCH031","CUST0073","CARD","ICICI","INSUFFICIENT_FUNDS","BANK_AUTHORIZATION","7712","2026-08-20 10:34:52","0","False","0.45","recovered"
"3790","MERCH038","CUST0858","UPI","SBI","CUSTOMER_ACTION_REQUIRED","CUSTOMER_AUTHENTICATION","6684","2026-08-17 01:18:43","0","False","0.4","not_recovered"
"3791","MERCH043","CUST0969","CARD","AXIS","CARD_BLOCKED","CARD_AUTHORIZATION","7863","2026-08-23 00:30:32","0","False","0.05","not_recovered"
"3792","MERCH026","CUST0048","CARD","HDFC","INSUFFICIENT_FUNDS","BANK_AUTHORIZATION","5703","2026-08-08 18:44:13","1","False","0.4","not_recovered"
"3793","MERCH012","CUST0073","CARD","ICICI","INSUFFICIENT_FUNDS","BANK_AUTHORIZATION","9491","2026-08-28 01:59:02","0","False","0.45","not_recovered"
"3794","MERCH033","CUST0500","UPI","AXIS","PROCESSING_ERROR","PAYMENT_PROCESSING","4619","2026-08-08 21:08:34","0","False","0.55","not_recovered"
"3795","MERCH036","CUST0371","UPI","AXIS","CUSTOMER_ACTION_REQUIRED","CUSTOMER_AUTHENTICATION","2888","2026-08-30 21:07:20","2","False","0.3","unknown"
"3796","MERCH044","CUST0238","CARD","ICICI","INSUFFICIENT_FUNDS","BANK_AUTHORIZATION","6324","2026-08-25 06:01:13","0","False","0.45","not_recovered"
"3797","MERCH013","CUST0599","UPI","HDFC","INSUFFICIENT_FUNDS","BANK_AUTHORIZATION","1537","2026-08-14 11:21:37","0","True","0.48","not_recovered"
"3798","MERCH013","CUST0581","UPI","HDFC","CUSTOMER_ACTION_REQUIRED","CUSTOMER_AUTHENTICATION","1394","2026-08-07 06:24:17","2","False","0.3","not_recovered"
"3799","MERCH043","CUST0022","CARD","ICICI","INSUFFICIENT_FUNDS","BANK_AUTHORIZATION","8812","2026-08-17 16:46:07","0","False","0.45","recovered"
"3800","MERCH045","CUST0297","CARD","HDFC","PROCESSING_ERROR","PAYMENT_PROCESSING","1809","2026-08-18 16:19:34","0","True","0.58","not_recovered"
"3801","MERCH017","CUST0355","CARD","HDFC","INSUFFICIENT_FUNDS","BANK_AUTHORIZATION","7523","2026-08-29 18:16:37","2","True","0.38","not_recovered"
"3802","MERCH046","CUST0948","UPI","HDFC","INSUFFICIENT_FUNDS","BANK_AUTHORIZATION","6611","2026-08-22 14:14:42","2","False","0.35","not_recovered"
"3803","MERCH043","CUST0209","CARD","AXIS","BANK_TIMEOUT","BANK_RESPONSE","1218","2026-08-24 12:34:13","1","False","0.45","recovered"
"3804","MERCH044","CUST0397","UPI","SBI","BANK_TIMEOUT","BANK_RESPONSE","9654","2026-08-07 09:08:19","1","False","0.45","recovered"
"3805","MERCH017","CUST0882","CARD","ICICI","BANK_TIMEOUT","BANK_RESPONSE","6996","2026-08-10 03:52:29","1","False","0.45","not_recovered"
"3806","MERCH035","CUST0291","UPI","AXIS","PROCESSING_ERROR","PAYMENT_PROCESSING","6029","2026-08-07 16:13:29","0","False","0.55","recovered"
"3807","MERCH031","CUST0579","UPI","SBI","CUSTOMER_ACTION_REQUIRED","CUSTOMER_AUTHENTICATION","164","2026-08-08 08:45:41","1","False","0.35","not_recovered"
"3808","MERCH005","CUST0622","UPI","ICICI","CUSTOMER_ACTION_REQUIRED","CUSTOMER_AUTHENTICATION","2184","2026-08-02 10:31:07","0","False","0.4","not_recovered"
"3809","MERCH007","CUST0938","UPI","SBI","BANK_TIMEOUT","BANK_RESPONSE","6085","2026-08-05 15:39:03","1","False","0.45","not_recovered"
"3810","MERCH047","CUST0816","CARD","HDFC","CUSTOMER_ACTION_REQUIRED","CUSTOMER_AUTHENTICATION","4534","2026-08-22 05:55:28","1","True","0.38","recovered"
"3811","MERCH022","CUST0436","CARD","HDFC","BANK_TIMEOUT","BANK_RESPONSE","3963","2026-08-31 04:56:40","0","False","0.5","unknown"
"3812","MERCH003","CUST0535","UPI","ICICI","INSUFFICIENT_FUNDS","BANK_AUTHORIZATION","2254","2026-08-20 14:31:52","0","False","0.45","not_recovered"
"3813","MERCH018","CUST0015","UPI","SBI","BANK_TIMEOUT","BANK_RESPONSE","5242","2026-08-17 05:06:05","3","False","0.35","not_recovered"
"3814","MERCH019","CUST0068","CARD","HDFC","INSUFFICIENT_FUNDS","BANK_AUTHORIZATION","4738","2026-08-27 16:35:07","0","False","0.45","recovered"
"3815","MERCH032","CUST0287","CARD","SBI","BANK_TIMEOUT","BANK_RESPONSE","9934","2026-08-12 07:24:54","1","False","0.45","recovered"
"3816","MERCH004","CUST0876","CARD","SBI","INSUFFICIENT_FUNDS","BANK_AUTHORIZATION","4520","2026-08-02 04:33:17","0","False","0.45","recovered"
"3817","MERCH040","CUST0013","CARD","AXIS","INSUFFICIENT_FUNDS","BANK_AUTHORIZATION","9230","2026-08-10 10:35:48","0","False","0.45","not_recovered"
"3818","MERCH009","CUST0775","CARD","AXIS","BANK_TIMEOUT","BANK_RESPONSE","3714","2026-08-25 18:19:50","0","False","0.5","recovered"
"3819","MERCH005","CUST0449","UPI","AXIS","PROCESSING_ERROR","PAYMENT_PROCESSING","3790","2026-08-18 09:16:40","0","False","0.55","recovered"
"3820","MERCH030","CUST0961","UPI","HDFC","CUSTOMER_ACTION_REQUIRED","CUSTOMER_AUTHENTICATION","6756","2026-08-22 18:38:43","0","False","0.4","recovered"
"3821","MERCH014","CUST0818","UPI","ICICI","INSUFFICIENT_FUNDS","BANK_AUTHORIZATION","935","2026-08-08 17:45:20","3","False","0.3","not_recovered"
"3822","MERCH007","CUST0213","CARD","HDFC","BANK_TIMEOUT","BANK_RESPONSE","9428","2026-08-04 10:52:56","0","False","0.5","not_recovered"
"3823","MERCH035","CUST0996","CARD","HDFC","CUSTOMER_ACTION_REQUIRED","CUSTOMER_AUTHENTICATION","7414","2026-08-24 23:15:52","0","False","0.4","not_recovered"
"3824","MERCH005","CUST0852","UPI","SBI","INSUFFICIENT_FUNDS","BANK_AUTHORIZATION","1933","2026-08-31 03:38:59","0","False","0.45","unknown"
"3825","MERCH023","CUST0614","UPI","ICICI","INSUFFICIENT_FUNDS","BANK_AUTHORIZATION","1534","2026-08-15 23:20:18","2","True","0.38","not_recovered"
"3826","MERCH027","CUST0963","UPI","HDFC","INSUFFICIENT_FUNDS","BANK_AUTHORIZATION","6515","2026-08-17 18:53:18","1","True","0.43","not_recovered"
"3827","MERCH017","CUST0195","CARD","ICICI","CUSTOMER_ACTION_REQUIRED","CUSTOMER_AUTHENTICATION","6527","2026-08-14 23:07:50","0","False","0.4","recovered"
"3828","MERCH050","CUST0577","CARD","SBI","INSUFFICIENT_FUNDS","BANK_AUTHORIZATION","2660","2026-08-02 08:41:10","1","False","0.4","recovered"
"3829","MERCH029","CUST0408","UPI","ICICI","INSUFFICIENT_FUNDS","BANK_AUTHORIZATION","8433","2026-08-04 06:42:33","2","False","0.35","not_recovered"
"3830","MERCH029","CUST0944","CARD","AXIS","INSUFFICIENT_FUNDS","BANK_AUTHORIZATION","9956","2026-08-12 14:20:13","0","False","0.45","recovered"
"3831","MERCH001","CUST0045","UPI","SBI","BANK_TIMEOUT","BANK_RESPONSE","3568","2026-08-08 19:42:24","0","False","0.5","recovered"
"3832","MERCH031","CUST0955","CARD","ICICI","INSUFFICIENT_FUNDS","BANK_AUTHORIZATION","6156","2026-08-28 18:34:39","0","False","0.45","not_recovered"
"3833","MERCH020","CUST0988","CARD","SBI","INSUFFICIENT_FUNDS","BANK_AUTHORIZATION","4592","2026-08-22 10:41:02","1","False","0.4","not_recovered"
"3834","MERCH025","CUST0363","CARD","ICICI","CARD_BLOCKED","CARD_AUTHORIZATION","1165","2026-08-18 05:21:12","0","False","0.05","not_recovered"
"3835","MERCH008","CUST0477","CARD","AXIS","INSUFFICIENT_FUNDS","BANK_AUTHORIZATION","1213","2026-08-26 23:38:17","0","False","0.45","not_recovered"
"3836","MERCH032","CUST0406","CARD","ICICI","BANK_TIMEOUT","BANK_RESPONSE","9378","2026-08-19 12:30:53","2","False","0.4","not_recovered"
"3837","MERCH001","CUST0043","UPI","HDFC","PROCESSING_ERROR","PAYMENT_PROCESSING","5257","2026-08-09 10:46:40","0","False","0.55","not_recovered"
"3838","MERCH034","CUST0263","UPI","SBI","INSUFFICIENT_FUNDS","BANK_AUTHORIZATION","2717","2026-08-10 22:23:20","3","True","0.33","recovered"
"3839","MERCH017","CUST0347","CARD","AXIS","CUSTOMER_ACTION_REQUIRED","CUSTOMER_AUTHENTICATION","6133","2026-08-11 14:38:24","0","True","0.43","not_recovered"
"3840","MERCH027","CUST0047","CARD","SBI","INSUFFICIENT_FUNDS","BANK_AUTHORIZATION","7139","2026-08-16 21:32:48","0","True","0.48","not_recovered"
"3841","MERCH003","CUST0559","UPI","HDFC","BANK_TIMEOUT","BANK_RESPONSE","2643","2026-08-10 16:28:39","1","True","0.48","recovered"
"3842","MERCH050","CUST0206","CARD","HDFC","INSUFFICIENT_FUNDS","BANK_AUTHORIZATION","3216","2026-08-31 10:10:13","0","False","0.45","unknown"
"3843","MERCH024","CUST0034","UPI","ICICI","PROCESSING_ERROR","PAYMENT_PROCESSING","2280","2026-08-29 00:56:33","0","False","0.55","recovered"
"3844","MERCH042","CUST0684","CARD","HDFC","BANK_TIMEOUT","BANK_RESPONSE","9041","2026-08-24 17:04:13","0","False","0.5","not_recovered"
"3845","MERCH019","CUST0770","CARD","AXIS","PROCESSING_ERROR","PAYMENT_PROCESSING","493","2026-08-04 10:36:02","3","False","0.4","recovered"
"3846","MERCH020","CUST0409","CARD","AXIS","PROCESSING_ERROR","PAYMENT_PROCESSING","5156","2026-08-29 06:47:13","0","False","0.55","not_recovered"
"3847","MERCH044","CUST0991","CARD","HDFC","PROCESSING_ERROR","PAYMENT_PROCESSING","8383","2026-08-09 16:58:45","2","False","0.45","not_recovered"
"3848","MERCH002","CUST0543","CARD","ICICI","PROCESSING_ERROR","PAYMENT_PROCESSING","5575","2026-08-22 17:41:36","0","False","0.55","recovered"
"3849","MERCH025","CUST0580","UPI","HDFC","CUSTOMER_ACTION_REQUIRED","CUSTOMER_AUTHENTICATION","2438","2026-08-17 21:26:31","0","False","0.4","not_recovered"
"3850","MERCH041","CUST0969","CARD","AXIS","CARD_BLOCKED","CARD_AUTHORIZATION","2813","2026-08-24 23:45:24","3","False","0.0","not_recovered"
"3851","MERCH012","CUST0198","UPI","ICICI","BANK_TIMEOUT","BANK_RESPONSE","7152","2026-08-22 04:53:37","0","True","0.53","recovered"
"3852","MERCH020","CUST0614","CARD","SBI","PROCESSING_ERROR","PAYMENT_PROCESSING","6300","2026-08-26 21:55:24","0","False","0.55","recovered"
"3853","MERCH049","CUST0757","CARD","HDFC","INSUFFICIENT_FUNDS","BANK_AUTHORIZATION","4205","2026-08-31 07:47:36","2","False","0.35","unknown"
"3854","MERCH002","CUST0773","UPI","ICICI","INSUFFICIENT_FUNDS","BANK_AUTHORIZATION","7099","2026-08-17 17:29:53","0","True","0.48","not_recovered"
"3855","MERCH018","CUST0049","UPI","HDFC","CUSTOMER_ACTION_REQUIRED","CUSTOMER_AUTHENTICATION","9020","2026-08-14 00:26:40","0","True","0.43","not_recovered"
"3856","MERCH013","CUST0275","CARD","AXIS","PROCESSING_ERROR","PAYMENT_PROCESSING","2315","2026-08-11 21:05:03","0","False","0.55","not_recovered"
"3857","MERCH016","CUST0647","UPI","SBI","BANK_TIMEOUT","BANK_RESPONSE","2684","2026-08-09 18:20:49","3","True","0.38","not_recovered"
"3858","MERCH007","CUST0514","CARD","HDFC","INSUFFICIENT_FUNDS","BANK_AUTHORIZATION","2611","2026-08-13 16:09:23","1","False","0.4","recovered"
"3859","MERCH013","CUST0249","CARD","HDFC","BANK_TIMEOUT","BANK_RESPONSE","4869","2026-08-02 05:40:29","1","True","0.48","recovered"
"3860","MERCH003","CUST0188","UPI","SBI","PROCESSING_ERROR","PAYMENT_PROCESSING","7086","2026-08-25 11:47:31","0","False","0.55","recovered"
"3861","MERCH023","CUST0619","UPI","HDFC","INSUFFICIENT_FUNDS","BANK_AUTHORIZATION","7579","2026-08-25 14:10:54","1","False","0.4","not_recovered"
"3862","MERCH045","CUST0015","UPI","SBI","BANK_TIMEOUT","BANK_RESPONSE","9632","2026-08-05 20:15:15","3","False","0.35","recovered"
"3863","MERCH014","CUST0841","UPI","ICICI","CUSTOMER_ACTION_REQUIRED","CUSTOMER_AUTHENTICATION","8776","2026-08-13 13:49:25","0","False","0.4","not_recovered"
"3864","MERCH050","CUST0493","UPI","ICICI","CUSTOMER_ACTION_REQUIRED","CUSTOMER_AUTHENTICATION","5221","2026-08-15 19:40:26","1","False","0.35","not_recovered"
"3865","MERCH008","CUST0477","UPI","AXIS","INSUFFICIENT_FUNDS","BANK_AUTHORIZATION","8007","2026-08-08 19:50:51","0","True","0.48","recovered"
"3866","MERCH017","CUST0055","UPI","HDFC","BANK_TIMEOUT","BANK_RESPONSE","8614","2026-08-02 11:16:00","2","False","0.4","not_recovered"
"3867","MERCH019","CUST0643","UPI","HDFC","CUSTOMER_ACTION_REQUIRED","CUSTOMER_AUTHENTICATION","2848","2026-08-07 11:57:09","0","False","0.4","recovered"
"3868","MERCH039","CUST0892","UPI","HDFC","INSUFFICIENT_FUNDS","BANK_AUTHORIZATION","1346","2026-08-28 12:35:02","0","False","0.45","not_recovered"
"3869","MERCH012","CUST0729","CARD","AXIS","INSUFFICIENT_FUNDS","BANK_AUTHORIZATION","2517","2026-08-04 02:01:05","2","True","0.38","recovered"
"3870","MERCH028","CUST0479","CARD","ICICI","INSUFFICIENT_FUNDS","BANK_AUTHORIZATION","3624","2026-08-10 03:06:40","2","False","0.35","recovered"
"3871","MERCH048","CUST0776","UPI","AXIS","PROCESSING_ERROR","PAYMENT_PROCESSING","1915","2026-08-07 11:35:03","2","False","0.45","not_recovered"
"3872","MERCH048","CUST0550","CARD","HDFC","CARD_BLOCKED","CARD_AUTHORIZATION","215","2026-08-10 17:09:14","0","False","0.05","not_recovered"
"3873","MERCH017","CUST0773","UPI","AXIS","PROCESSING_ERROR","PAYMENT_PROCESSING","357","2026-08-10 06:48:02","0","False","0.55","recovered"
"3874","MERCH031","CUST0703","CARD","HDFC","BANK_TIMEOUT","BANK_RESPONSE","479","2026-08-15 17:37:04","3","True","0.38","not_recovered"
"3875","MERCH005","CUST0623","CARD","SBI","INSUFFICIENT_FUNDS","BANK_AUTHORIZATION","5715","2026-08-03 08:00:11","0","False","0.45","recovered"
"3876","MERCH017","CUST0514","CARD","HDFC","PROCESSING_ERROR","PAYMENT_PROCESSING","6864","2026-08-25 18:10:43","0","False","0.55","recovered"
"3877","MERCH017","CUST0447","CARD","AXIS","INSUFFICIENT_FUNDS","BANK_AUTHORIZATION","213","2026-08-29 03:26:11","1","False","0.4","recovered"
"3878","MERCH029","CUST0403","CARD","ICICI","CUSTOMER_ACTION_REQUIRED","CUSTOMER_AUTHENTICATION","5666","2026-08-26 18:07:10","0","False","0.4","not_recovered"
"3879","MERCH006","CUST0510","UPI","AXIS","INSUFFICIENT_FUNDS","BANK_AUTHORIZATION","9847","2026-08-23 11:46:20","0","False","0.45","not_recovered"
"3880","MERCH037","CUST0027","UPI","HDFC","INSUFFICIENT_FUNDS","BANK_AUTHORIZATION","6014","2026-08-07 05:45:33","0","True","0.48","not_recovered"
"3881","MERCH017","CUST0029","CARD","HDFC","CUSTOMER_ACTION_REQUIRED","CUSTOMER_AUTHENTICATION","8851","2026-08-03 12:09:26","0","False","0.4","recovered"
"3882","MERCH002","CUST0184","CARD","SBI","PROCESSING_ERROR","PAYMENT_PROCESSING","1152","2026-08-05 05:03:44","1","False","0.5","not_recovered"
"3883","MERCH031","CUST0822","UPI","SBI","PROCESSING_ERROR","PAYMENT_PROCESSING","6536","2026-08-15 04:20:22","0","False","0.55","not_recovered"
"3884","MERCH037","CUST0447","CARD","HDFC","BANK_TIMEOUT","BANK_RESPONSE","1567","2026-08-09 22:31:24","2","False","0.4","recovered"
"3885","MERCH004","CUST0459","UPI","ICICI","BANK_TIMEOUT","BANK_RESPONSE","8996","2026-08-05 21:29:52","3","False","0.35","not_recovered"
"3886","MERCH008","CUST0592","UPI","SBI","INSUFFICIENT_FUNDS","BANK_AUTHORIZATION","4595","2026-08-18 06:36:56","1","False","0.4","not_recovered"
"3887","MERCH030","CUST0450","CARD","SBI","PROCESSING_ERROR","PAYMENT_PROCESSING","5643","2026-08-08 06:34:58","0","False","0.55","recovered"
"3888","MERCH031","CUST0040","UPI","SBI","PROCESSING_ERROR","PAYMENT_PROCESSING","5120","2026-08-18 01:45:59","0","False","0.55","not_recovered"
"3889","MERCH030","CUST0777","UPI","HDFC","CUSTOMER_ACTION_REQUIRED","CUSTOMER_AUTHENTICATION","3469","2026-08-28 22:45:37","0","False","0.4","recovered"
"3890","MERCH015","CUST0313","CARD","HDFC","PROCESSING_ERROR","PAYMENT_PROCESSING","2327","2026-08-17 15:51:02","2","False","0.45","recovered"
"3891","MERCH023","CUST0652","UPI","ICICI","PROCESSING_ERROR","PAYMENT_PROCESSING","9203","2026-08-25 00:36:04","1","False","0.5","not_recovered"
"3892","MERCH012","CUST0470","UPI","HDFC","INSUFFICIENT_FUNDS","BANK_AUTHORIZATION","5661","2026-08-24 22:36:58","2","False","0.35","recovered"
"3893","MERCH017","CUST0031","UPI","AXIS","BANK_TIMEOUT","BANK_RESPONSE","3302","2026-08-31 10:32:17","1","False","0.45","unknown"
"3894","MERCH025","CUST0294","CARD","ICICI","INSUFFICIENT_FUNDS","BANK_AUTHORIZATION","7553","2026-08-14 01:28:44","1","False","0.4","not_recovered"
"3895","MERCH026","CUST0816","CARD","HDFC","BANK_TIMEOUT","BANK_RESPONSE","9976","2026-08-05 18:13:30","1","False","0.45","not_recovered"
"3896","MERCH026","CUST0171","UPI","AXIS","INSUFFICIENT_FUNDS","BANK_AUTHORIZATION","3798","2026-08-13 09:24:55","2","False","0.35","not_recovered"
"3897","MERCH041","CUST0162","UPI","SBI","PROCESSING_ERROR","PAYMENT_PROCESSING","3285","2026-08-13 22:25:41","0","True","0.58","recovered"
"3898","MERCH009","CUST0095","CARD","AXIS","BANK_TIMEOUT","BANK_RESPONSE","4284","2026-08-18 16:03:12","0","False","0.5","recovered"
"3899","MERCH011","CUST0819","CARD","HDFC","CUSTOMER_ACTION_REQUIRED","CUSTOMER_AUTHENTICATION","3294","2026-08-19 16:36:00","0","False","0.4","recovered"
"3900","MERCH024","CUST0819","UPI","ICICI","INSUFFICIENT_FUNDS","BANK_AUTHORIZATION","4859","2026-08-09 03:36:53","0","True","0.48","recovered"
"3901","MERCH037","CUST0272","CARD","ICICI","PROCESSING_ERROR","PAYMENT_PROCESSING","4832","2026-08-10 02:13:12","1","True","0.53","not_recovered"
"3902","MERCH046","CUST0307","UPI","ICICI","PROCESSING_ERROR","PAYMENT_PROCESSING","8384","2026-08-07 07:45:50","2","True","0.48","not_recovered"
"3903","MERCH008","CUST0932","CARD","ICICI","BANK_TIMEOUT","BANK_RESPONSE","2944","2026-08-14 05:13:22","1","False","0.45","not_recovered"
"3904","MERCH033","CUST0453","UPI","ICICI","PROCESSING_ERROR","PAYMENT_PROCESSING","3447","2026-08-17 16:33:55","0","False","0.55","not_recovered"
"3905","MERCH032","CUST0384","UPI","ICICI","INSUFFICIENT_FUNDS","BANK_AUTHORIZATION","134","2026-08-04 23:15:03","0","False","0.45","recovered"
"3906","MERCH042","CUST0078","UPI","ICICI","PROCESSING_ERROR","PAYMENT_PROCESSING","9419","2026-08-10 14:42:42","2","False","0.45","recovered"
"3907","MERCH030","CUST0833","UPI","ICICI","INSUFFICIENT_FUNDS","BANK_AUTHORIZATION","3320","2026-08-05 16:48:08","0","False","0.45","recovered"
"3908","MERCH026","CUST0308","UPI","AXIS","PROCESSING_ERROR","PAYMENT_PROCESSING","6390","2026-08-10 03:43:25","0","False","0.55","not_recovered"
"3909","MERCH041","CUST0073","CARD","AXIS","INSUFFICIENT_FUNDS","BANK_AUTHORIZATION","6993","2026-08-30 15:47:37","0","False","0.45","unknown"
"3910","MERCH025","CUST0829","CARD","HDFC","BANK_TIMEOUT","BANK_RESPONSE","5171","2026-08-31 11:21:52","0","False","0.5","unknown"
"3911","MERCH005","CUST0532","CARD","SBI","PROCESSING_ERROR","PAYMENT_PROCESSING","246","2026-08-22 14:51:31","0","False","0.55","recovered"
"3912","MERCH023","CUST0596","UPI","SBI","INSUFFICIENT_FUNDS","BANK_AUTHORIZATION","2798","2026-08-17 10:59:14","0","False","0.45","recovered"
"3913","MERCH027","CUST0046","UPI","ICICI","BANK_TIMEOUT","BANK_RESPONSE","3167","2026-08-25 07:56:13","0","False","0.5","not_recovered"
"3914","MERCH027","CUST0809","UPI","HDFC","INSUFFICIENT_FUNDS","BANK_AUTHORIZATION","2928","2026-08-04 21:59:45","1","False","0.4","recovered"
"3915","MERCH045","CUST0632","CARD","HDFC","PROCESSING_ERROR","PAYMENT_PROCESSING","7670","2026-08-21 04:14:33","1","False","0.5","not_recovered"
"3916","MERCH049","CUST0989","CARD","ICICI","INSUFFICIENT_FUNDS","BANK_AUTHORIZATION","1110","2026-08-05 06:35:00","0","False","0.45","recovered"
"3917","MERCH017","CUST0402","UPI","AXIS","INSUFFICIENT_FUNDS","BANK_AUTHORIZATION","8100","2026-08-10 05:34:29","0","False","0.45","not_recovered"
"3918","MERCH005","CUST0736","CARD","ICICI","INSUFFICIENT_FUNDS","BANK_AUTHORIZATION","5376","2026-08-31 01:51:20","1","False","0.4","unknown"
"3919","MERCH030","CUST0999","CARD","AXIS","BANK_TIMEOUT","BANK_RESPONSE","3595","2026-08-25 18:37:56","1","False","0.45","recovered"
"3920","MERCH015","CUST0030","CARD","ICICI","PROCESSING_ERROR","PAYMENT_PROCESSING","9517","2026-08-24 18:41:28","1","False","0.5","not_recovered"
"3921","MERCH014","CUST0400","CARD","AXIS","INSUFFICIENT_FUNDS","BANK_AUTHORIZATION","5209","2026-08-06 20:09:53","0","False","0.45","not_recovered"
"3922","MERCH047","CUST0689","UPI","ICICI","INSUFFICIENT_FUNDS","BANK_AUTHORIZATION","4699","2026-08-13 03:50:09","1","False","0.4","recovered"
"3923","MERCH028","CUST0760","UPI","HDFC","PROCESSING_ERROR","PAYMENT_PROCESSING","9136","2026-08-21 21:28:08","1","False","0.5","recovered"
"3924","MERCH001","CUST0876","CARD","HDFC","PROCESSING_ERROR","PAYMENT_PROCESSING","7767","2026-08-21 01:38:25","0","False","0.55","not_recovered"
"3925","MERCH011","CUST0090","UPI","SBI","PROCESSING_ERROR","PAYMENT_PROCESSING","2222","2026-08-20 21:42:25","0","True","0.58","recovered"
"3926","MERCH042","CUST0293","UPI","SBI","CUSTOMER_ACTION_REQUIRED","CUSTOMER_AUTHENTICATION","2240","2026-08-15 11:13:16","0","False","0.4","not_recovered"
"3927","MERCH039","CUST0649","UPI","ICICI","PROCESSING_ERROR","PAYMENT_PROCESSING","4038","2026-08-18 07:53:41","0","False","0.55","recovered"
"3928","MERCH050","CUST0465","CARD","SBI","CUSTOMER_ACTION_REQUIRED","CUSTOMER_AUTHENTICATION","6937","2026-08-19 14:22:05","1","False","0.35","not_recovered"
"3929","MERCH032","CUST0897","CARD","ICICI","BANK_TIMEOUT","BANK_RESPONSE","2634","2026-08-18 00:46:42","0","True","0.53","recovered"
"3930","MERCH048","CUST0565","CARD","AXIS","PROCESSING_ERROR","PAYMENT_PROCESSING","9808","2026-08-04 11:51:36","0","False","0.55","recovered"
"3931","MERCH011","CUST0873","UPI","AXIS","PROCESSING_ERROR","PAYMENT_PROCESSING","2969","2026-08-15 06:56:35","1","False","0.5","not_recovered"
"3932","MERCH021","CUST0899","UPI","HDFC","BANK_TIMEOUT","BANK_RESPONSE","6611","2026-08-26 02:17:27","0","False","0.5","not_recovered"
"3933","MERCH037","CUST0632","UPI","HDFC","INSUFFICIENT_FUNDS","BANK_AUTHORIZATION","3771","2026-08-27 02:21:24","0","True","0.48","recovered"
"3934","MERCH036","CUST0269","UPI","ICICI","PROCESSING_ERROR","PAYMENT_PROCESSING","1445","2026-08-08 06:10:57","0","False","0.55","not_recovered"
"3935","MERCH031","CUST0911","CARD","HDFC","CUSTOMER_ACTION_REQUIRED","CUSTOMER_AUTHENTICATION","9002","2026-08-18 12:57:15","0","False","0.4","not_recovered"
"3936","MERCH039","CUST0892","CARD","AXIS","BANK_TIMEOUT","BANK_RESPONSE","5567","2026-08-09 19:36:27","1","False","0.45","recovered"
"3937","MERCH047","CUST0445","UPI","SBI","INSUFFICIENT_FUNDS","BANK_AUTHORIZATION","8474","2026-08-19 04:38:04","0","False","0.45","recovered"
"3938","MERCH017","CUST0907","CARD","SBI","INSUFFICIENT_FUNDS","BANK_AUTHORIZATION","9911","2026-08-26 04:25:18","0","True","0.48","recovered"
"3939","MERCH012","CUST0667","CARD","ICICI","CARD_BLOCKED","CARD_AUTHORIZATION","3189","2026-08-12 14:35:05","1","True","0.03","not_recovered"
"3940","MERCH040","CUST0068","CARD","SBI","CUSTOMER_ACTION_REQUIRED","CUSTOMER_AUTHENTICATION","6401","2026-08-04 08:14:17","3","False","0.25","not_recovered"
"3941","MERCH044","CUST0237","UPI","ICICI","INSUFFICIENT_FUNDS","BANK_AUTHORIZATION","1522","2026-08-27 16:29:38","1","False","0.4","not_recovered"
"3942","MERCH028","CUST0056","UPI","SBI","BANK_TIMEOUT","BANK_RESPONSE","3363","2026-08-06 05:33:03","0","False","0.5","not_recovered"
"3943","MERCH047","CUST0163","UPI","SBI","PROCESSING_ERROR","PAYMENT_PROCESSING","6907","2026-08-25 13:40:30","1","False","0.5","recovered"
"3944","MERCH030","CUST0802","CARD","AXIS","INSUFFICIENT_FUNDS","BANK_AUTHORIZATION","6916","2026-08-18 14:32:17","1","False","0.4","recovered"
"3945","MERCH023","CUST0306","CARD","SBI","INSUFFICIENT_FUNDS","BANK_AUTHORIZATION","8361","2026-08-07 09:07:21","1","False","0.4","not_recovered"
"3946","MERCH013","CUST0367","UPI","SBI","CUSTOMER_ACTION_REQUIRED","CUSTOMER_AUTHENTICATION","2389","2026-08-20 12:51:03","1","False","0.35","not_recovered"
"3947","MERCH016","CUST0843","UPI","HDFC","INSUFFICIENT_FUNDS","BANK_AUTHORIZATION","4187","2026-08-11 03:43:33","1","False","0.4","recovered"
"3948","MERCH044","CUST0764","UPI","ICICI","CARD_BLOCKED","CARD_AUTHORIZATION","8620","2026-08-17 06:53:10","0","False","0.05","not_recovered"
"3949","MERCH010","CUST0386","CARD","SBI","PROCESSING_ERROR","PAYMENT_PROCESSING","7023","2026-08-02 16:33:03","0","False","0.55","recovered"
"3950","MERCH041","CUST0127","CARD","ICICI","CUSTOMER_ACTION_REQUIRED","CUSTOMER_AUTHENTICATION","7923","2026-08-23 05:07:04","0","False","0.4","not_recovered"
"3951","MERCH027","CUST0983","CARD","HDFC","BANK_TIMEOUT","BANK_RESPONSE","4277","2026-08-08 14:13:47","0","False","0.5","not_recovered"
"3952","MERCH030","CUST0256","UPI","HDFC","PROCESSING_ERROR","PAYMENT_PROCESSING","979","2026-08-23 04:53:17","1","False","0.5","not_recovered"
"3953","MERCH023","CUST0172","UPI","HDFC","INSUFFICIENT_FUNDS","BANK_AUTHORIZATION","6018","2026-08-26 14:59:09","1","False","0.4","not_recovered"
"3954","MERCH011","CUST0384","UPI","ICICI","PROCESSING_ERROR","PAYMENT_PROCESSING","9264","2026-08-31 06:03:48","2","False","0.45","unknown"
"3955","MERCH046","CUST0604","CARD","ICICI","CARD_BLOCKED","CARD_AUTHORIZATION","6392","2026-08-18 04:55:15","1","True","0.03","not_recovered"
"3956","MERCH038","CUST0283","CARD","AXIS","BANK_TIMEOUT","BANK_RESPONSE","4903","2026-08-16 11:48:33","0","False","0.5","recovered"
"3957","MERCH038","CUST0007","UPI","ICICI","INSUFFICIENT_FUNDS","BANK_AUTHORIZATION","6168","2026-08-10 05:55:07","0","True","0.48","not_recovered"
"3958","MERCH048","CUST0539","CARD","AXIS","PROCESSING_ERROR","PAYMENT_PROCESSING","5510","2026-08-14 09:50:56","0","True","0.58","recovered"
"3959","MERCH038","CUST0482","CARD","ICICI","BANK_TIMEOUT","BANK_RESPONSE","2146","2026-08-16 14:59:40","0","False","0.5","not_recovered"
"3960","MERCH040","CUST0696","UPI","AXIS","PROCESSING_ERROR","PAYMENT_PROCESSING","5731","2026-08-04 03:48:03","1","False","0.5","not_recovered"
"3961","MERCH004","CUST0817","CARD","SBI","PROCESSING_ERROR","PAYMENT_PROCESSING","631","2026-08-26 01:03:04","0","False","0.55","recovered"
"3962","MERCH044","CUST0255","UPI","AXIS","INSUFFICIENT_FUNDS","BANK_AUTHORIZATION","4983","2026-08-02 14:39:11","1","False","0.4","recovered"
"3963","MERCH044","CUST0764","UPI","AXIS","CUSTOMER_ACTION_REQUIRED","CUSTOMER_AUTHENTICATION","5835","2026-08-25 08:54:29","0","True","0.43","recovered"
"3964","MERCH042","CUST0184","UPI","HDFC","BANK_TIMEOUT","BANK_RESPONSE","6647","2026-08-25 18:45:30","1","False","0.45","not_recovered"
"3965","MERCH023","CUST0697","UPI","AXIS","CUSTOMER_ACTION_REQUIRED","CUSTOMER_AUTHENTICATION","6510","2026-08-27 07:05:20","3","True","0.28","not_recovered"
"3966","MERCH030","CUST0113","CARD","ICICI","CUSTOMER_ACTION_REQUIRED","CUSTOMER_AUTHENTICATION","6922","2026-08-05 22:18:52","2","False","0.3","not_recovered"
"3967","MERCH020","CUST0045","UPI","AXIS","CARD_BLOCKED","CARD_AUTHORIZATION","4015","2026-08-20 20:03:50","0","False","0.05","not_recovered"
"3968","MERCH024","CUST0322","UPI","AXIS","INSUFFICIENT_FUNDS","BANK_AUTHORIZATION","1275","2026-08-12 15:15:02","0","False","0.45","not_recovered"
"3969","MERCH012","CUST0135","CARD","ICICI","CARD_BLOCKED","CARD_AUTHORIZATION","8468","2026-08-09 05:07:14","0","False","0.05","not_recovered"
"3970","MERCH009","CUST0084","UPI","AXIS","CUSTOMER_ACTION_REQUIRED","CUSTOMER_AUTHENTICATION","7489","2026-08-17 03:22:41","1","False","0.35","not_recovered"
"3971","MERCH038","CUST0498","CARD","AXIS","PROCESSING_ERROR","PAYMENT_PROCESSING","8414","2026-08-31 10:38:36","3","False","0.4","unknown"
"3972","MERCH006","CUST0586","CARD","HDFC","INSUFFICIENT_FUNDS","BANK_AUTHORIZATION","2754","2026-08-26 00:19:17","1","False","0.4","recovered"
"3973","MERCH037","CUST0897","UPI","HDFC","BANK_TIMEOUT","BANK_RESPONSE","9330","2026-08-05 19:33:13","0","True","0.53","recovered"
"3974","MERCH008","CUST0138","CARD","ICICI","PROCESSING_ERROR","PAYMENT_PROCESSING","263","2026-08-07 08:51:14","0","False","0.55","recovered"
"3975","MERCH039","CUST0093","CARD","HDFC","PROCESSING_ERROR","PAYMENT_PROCESSING","378","2026-08-27 10:41:49","0","False","0.55","not_recovered"
"3976","MERCH001","CUST0431","UPI","HDFC","INSUFFICIENT_FUNDS","BANK_AUTHORIZATION","6870","2026-08-11 03:41:31","0","False","0.45","not_recovered"
"3977","MERCH023","CUST0503","CARD","ICICI","PROCESSING_ERROR","PAYMENT_PROCESSING","4840","2026-08-10 01:38:18","1","False","0.5","not_recovered"
"3978","MERCH001","CUST0819","CARD","SBI","CUSTOMER_ACTION_REQUIRED","CUSTOMER_AUTHENTICATION","678","2026-08-12 12:55:32","2","True","0.33","recovered"
"3979","MERCH014","CUST0771","UPI","ICICI","BANK_TIMEOUT","BANK_RESPONSE","2952","2026-08-23 13:52:02","0","False","0.5","recovered"
"3980","MERCH048","CUST0813","CARD","HDFC","BANK_TIMEOUT","BANK_RESPONSE","3856","2026-08-18 13:55:25","2","True","0.43","not_recovered"
"3981","MERCH045","CUST0771","UPI","SBI","CARD_BLOCKED","CARD_AUTHORIZATION","8948","2026-08-02 03:51:05","1","False","0.0","not_recovered"
"3982","MERCH046","CUST0738","CARD","AXIS","CARD_BLOCKED","CARD_AUTHORIZATION","1199","2026-08-29 06:59:22","0","False","0.05","not_recovered"
"3983","MERCH005","CUST0728","UPI","SBI","BANK_TIMEOUT","BANK_RESPONSE","2780","2026-08-26 09:28:27","1","False","0.45","not_recovered"
"3984","MERCH002","CUST0829","UPI","AXIS","PROCESSING_ERROR","PAYMENT_PROCESSING","6542","2026-08-13 02:15:46","0","False","0.55","not_recovered"
"3985","MERCH031","CUST0180","UPI","HDFC","INSUFFICIENT_FUNDS","BANK_AUTHORIZATION","5447","2026-08-30 05:30:40","0","False","0.45","unknown"
"3986","MERCH013","CUST0206","CARD","SBI","BANK_TIMEOUT","BANK_RESPONSE","9950","2026-08-15 11:59:09","3","True","0.38","recovered"
"3987","MERCH024","CUST0224","CARD","HDFC","BANK_TIMEOUT","BANK_RESPONSE","1863","2026-08-11 18:01:45","0","False","0.5","recovered"
"3988","MERCH045","CUST0459","CARD","AXIS","PROCESSING_ERROR","PAYMENT_PROCESSING","1707","2026-08-30 06:08:03","1","True","0.53","unknown"
"3989","MERCH047","CUST0256","UPI","ICICI","PROCESSING_ERROR","PAYMENT_PROCESSING","7551","2026-08-28 23:08:41","0","False","0.55","recovered"
"3990","MERCH050","CUST0408","CARD","HDFC","INSUFFICIENT_FUNDS","BANK_AUTHORIZATION","4885","2026-08-28 07:15:19","1","False","0.4","recovered"
"3991","MERCH047","CUST0614","UPI","HDFC","CUSTOMER_ACTION_REQUIRED","CUSTOMER_AUTHENTICATION","1309","2026-08-17 22:09:17","0","False","0.4","not_recovered"
"3992","MERCH027","CUST0275","UPI","HDFC","PROCESSING_ERROR","PAYMENT_PROCESSING","1490","2026-08-21 19:35:55","2","False","0.45","not_recovered"
"3993","MERCH009","CUST0521","UPI","HDFC","BANK_TIMEOUT","BANK_RESPONSE","6436","2026-08-07 06:26:09","2","False","0.4","not_recovered"
"3994","MERCH046","CUST0952","UPI","HDFC","PROCESSING_ERROR","PAYMENT_PROCESSING","9306","2026-08-14 19:02:48","1","False","0.5","not_recovered"
"3995","MERCH048","CUST0834","CARD","ICICI","PROCESSING_ERROR","PAYMENT_PROCESSING","6805","2026-08-21 04:18:38","0","False","0.55","not_recovered"
"3996","MERCH035","CUST0865","CARD","ICICI","BANK_TIMEOUT","BANK_RESPONSE","369","2026-08-03 15:34:08","1","False","0.45","recovered"
"3997","MERCH024","CUST0609","CARD","AXIS","BANK_TIMEOUT","BANK_RESPONSE","8547","2026-08-11 02:27:45","0","False","0.5","not_recovered"
"3998","MERCH048","CUST0804","CARD","HDFC","PROCESSING_ERROR","PAYMENT_PROCESSING","350","2026-08-07 16:20:27","1","False","0.5","recovered"
"3999","MERCH030","CUST0032","CARD","AXIS","INSUFFICIENT_FUNDS","BANK_AUTHORIZATION","5460","2026-08-13 03:40:02","0","False","0.45","not_recovered"
"4000","MERCH003","CUST0959","CARD","HDFC","INSUFFICIENT_FUNDS","BANK_AUTHORIZATION","2391","2026-08-03 09:51:59","2","False","0.35","not_recovered"
"4001","MERCH046","CUST0220","UPI","SBI","INSUFFICIENT_FUNDS","BANK_AUTHORIZATION","9567","2026-08-31 23:47:43","0","False","0.45","unknown"
"4002","MERCH028","CUST0226","CARD","HDFC","CARD_BLOCKED","CARD_AUTHORIZATION","3366","2026-08-23 13:03:44","0","False","0.05","not_recovered"
"4003","MERCH025","CUST0371","CARD","AXIS","INSUFFICIENT_FUNDS","BANK_AUTHORIZATION","1748","2026-08-30 02:56:22","1","True","0.43","unknown"
"4004","MERCH026","CUST0676","CARD","AXIS","CUSTOMER_ACTION_REQUIRED","CUSTOMER_AUTHENTICATION","3275","2026-08-30 14:10:48","0","False","0.4","unknown"
"4005","MERCH021","CUST0267","CARD","AXIS","INSUFFICIENT_FUNDS","BANK_AUTHORIZATION","4097","2026-08-05 16:25:25","0","False","0.45","recovered"
"4006","MERCH048","CUST0350","CARD","AXIS","CUSTOMER_ACTION_REQUIRED","CUSTOMER_AUTHENTICATION","8827","2026-08-26 00:53:47","1","False","0.35","not_recovered"
"4007","MERCH049","CUST0363","CARD","SBI","INSUFFICIENT_FUNDS","BANK_AUTHORIZATION","2735","2026-08-18 01:04:43","0","True","0.48","not_recovered"
"4008","MERCH012","CUST0433","CARD","HDFC","INSUFFICIENT_FUNDS","BANK_AUTHORIZATION","8215","2026-08-26 16:19:06","2","False","0.35","not_recovered"
"4009","MERCH034","CUST0053","CARD","SBI","CUSTOMER_ACTION_REQUIRED","CUSTOMER_AUTHENTICATION","4914","2026-08-20 17:50:43","0","False","0.4","not_recovered"
"4010","MERCH050","CUST0751","UPI","SBI","INSUFFICIENT_FUNDS","BANK_AUTHORIZATION","9601","2026-08-04 16:46:24","3","False","0.3","not_recovered"
"4011","MERCH034","CUST0519","CARD","ICICI","PROCESSING_ERROR","PAYMENT_PROCESSING","3897","2026-08-17 00:02:46","1","False","0.5","not_recovered"
"4012","MERCH049","CUST0587","UPI","SBI","PROCESSING_ERROR","PAYMENT_PROCESSING","4626","2026-08-07 01:54:28","0","False","0.55","recovered"
"4013","MERCH037","CUST0388","CARD","SBI","PROCESSING_ERROR","PAYMENT_PROCESSING","2450","2026-08-07 07:14:22","0","True","0.58","recovered"
"4014","MERCH043","CUST0555","CARD","HDFC","PROCESSING_ERROR","PAYMENT_PROCESSING","1210","2026-08-07 00:39:41","0","False","0.55","not_recovered"
"4015","MERCH013","CUST0774","CARD","ICICI","CUSTOMER_ACTION_REQUIRED","CUSTOMER_AUTHENTICATION","335","2026-08-30 01:12:47","0","False","0.4","unknown"
"4016","MERCH019","CUST0065","UPI","ICICI","PROCESSING_ERROR","PAYMENT_PROCESSING","9760","2026-08-03 18:21:08","1","False","0.5","not_recovered"
"4017","MERCH016","CUST0572","CARD","AXIS","CARD_BLOCKED","CARD_AUTHORIZATION","6476","2026-08-22 21:13:34","0","False","0.05","not_recovered"
"4018","MERCH047","CUST0537","CARD","SBI","CUSTOMER_ACTION_REQUIRED","CUSTOMER_AUTHENTICATION","5174","2026-08-02 19:27:04","1","False","0.35","not_recovered"
"4019","MERCH031","CUST0564","UPI","AXIS","INSUFFICIENT_FUNDS","BANK_AUTHORIZATION","3285","2026-08-03 00:52:16","0","False","0.45","recovered"
"4020","MERCH011","CUST0708","UPI","AXIS","BANK_TIMEOUT","BANK_RESPONSE","3055","2026-08-20 16:21:27","1","False","0.45","recovered"
"4021","MERCH001","CUST0484","UPI","ICICI","CARD_BLOCKED","CARD_AUTHORIZATION","9262","2026-08-05 21:01:33","1","True","0.03","not_recovered"
"4022","MERCH007","CUST0080","CARD","AXIS","INSUFFICIENT_FUNDS","BANK_AUTHORIZATION","7271","2026-08-23 19:12:42","0","False","0.45","recovered"
"4023","MERCH009","CUST0722","UPI","SBI","CUSTOMER_ACTION_REQUIRED","CUSTOMER_AUTHENTICATION","1067","2026-08-09 13:51:09","0","False","0.4","not_recovered"
"4024","MERCH029","CUST0277","UPI","ICICI","PROCESSING_ERROR","PAYMENT_PROCESSING","3142","2026-08-13 13:33:16","1","True","0.53","recovered"
"4025","MERCH025","CUST0449","CARD","AXIS","INSUFFICIENT_FUNDS","BANK_AUTHORIZATION","2881","2026-08-14 22:14:54","1","False","0.4","not_recovered"
"4026","MERCH025","CUST0332","CARD","AXIS","INSUFFICIENT_FUNDS","BANK_AUTHORIZATION","6733","2026-08-15 16:19:31","1","False","0.4","not_recovered"
"4027","MERCH045","CUST0373","UPI","ICICI","INSUFFICIENT_FUNDS","BANK_AUTHORIZATION","7515","2026-08-19 07:14:06","1","False","0.4","not_recovered"
"4028","MERCH020","CUST0695","UPI","ICICI","INSUFFICIENT_FUNDS","BANK_AUTHORIZATION","6969","2026-08-31 07:10:45","1","True","0.43","unknown"
"4029","MERCH008","CUST0836","CARD","SBI","BANK_TIMEOUT","BANK_RESPONSE","1787","2026-08-07 10:44:32","0","False","0.5","not_recovered"
"4030","MERCH015","CUST0557","CARD","SBI","INSUFFICIENT_FUNDS","BANK_AUTHORIZATION","7109","2026-08-15 22:12:12","1","False","0.4","recovered"
"4031","MERCH024","CUST0062","CARD","SBI","CARD_BLOCKED","CARD_AUTHORIZATION","9022","2026-08-11 19:39:57","0","False","0.05","not_recovered"
"4032","MERCH038","CUST0229","CARD","AXIS","INSUFFICIENT_FUNDS","BANK_AUTHORIZATION","1091","2026-08-10 14:46:34","1","False","0.4","not_recovered"
"4033","MERCH004","CUST0255","CARD","ICICI","PROCESSING_ERROR","PAYMENT_PROCESSING","4049","2026-08-12 00:40:12","1","False","0.5","recovered"
"4034","MERCH040","CUST0995","CARD","HDFC","INSUFFICIENT_FUNDS","BANK_AUTHORIZATION","5359","2026-08-23 22:42:00","0","True","0.48","not_recovered"
"4035","MERCH022","CUST0740","CARD","HDFC","PROCESSING_ERROR","PAYMENT_PROCESSING","8872","2026-08-28 09:42:28","0","False","0.55","not_recovered"
"4036","MERCH018","CUST0694","UPI","AXIS","INSUFFICIENT_FUNDS","BANK_AUTHORIZATION","1903","2026-08-27 12:03:33","1","False","0.4","recovered"
"4037","MERCH045","CUST0524","CARD","AXIS","CARD_BLOCKED","CARD_AUTHORIZATION","4211","2026-08-25 08:52:24","0","False","0.05","not_recovered"
"4038","MERCH014","CUST0648","CARD","SBI","INSUFFICIENT_FUNDS","BANK_AUTHORIZATION","9217","2026-08-18 17:25:16","1","False","0.4","not_recovered"
"4039","MERCH029","CUST0771","UPI","AXIS","PROCESSING_ERROR","PAYMENT_PROCESSING","9451","2026-08-11 04:26:44","2","False","0.45","recovered"
"4040","MERCH047","CUST0586","CARD","SBI","BANK_TIMEOUT","BANK_RESPONSE","2978","2026-08-12 19:43:15","0","False","0.5","recovered"
"4041","MERCH049","CUST0876","CARD","HDFC","INSUFFICIENT_FUNDS","BANK_AUTHORIZATION","9598","2026-08-14 04:05:36","2","True","0.38","not_recovered"
"4042","MERCH018","CUST0350","CARD","ICICI","INSUFFICIENT_FUNDS","BANK_AUTHORIZATION","8933","2026-08-31 18:05:56","0","False","0.45","unknown"
"4043","MERCH034","CUST0910","UPI","SBI","INSUFFICIENT_FUNDS","BANK_AUTHORIZATION","158","2026-08-04 11:36:45","2","False","0.35","recovered"
"4044","MERCH013","CUST0927","UPI","HDFC","PROCESSING_ERROR","PAYMENT_PROCESSING","3225","2026-08-17 20:15:51","1","False","0.5","recovered"
"4045","MERCH029","CUST0594","CARD","ICICI","PROCESSING_ERROR","PAYMENT_PROCESSING","7089","2026-08-26 10:54:21","1","False","0.5","recovered"
"4046","MERCH013","CUST0152","CARD","SBI","PROCESSING_ERROR","PAYMENT_PROCESSING","2928","2026-08-28 05:01:22","0","False","0.55","recovered"
"4047","MERCH041","CUST0216","CARD","AXIS","PROCESSING_ERROR","PAYMENT_PROCESSING","8682","2026-08-28 03:07:29","0","True","0.58","recovered"
"4048","MERCH024","CUST0558","CARD","HDFC","PROCESSING_ERROR","PAYMENT_PROCESSING","4842","2026-08-21 04:16:42","0","False","0.55","recovered"
"4049","MERCH014","CUST0080","CARD","HDFC","INSUFFICIENT_FUNDS","BANK_AUTHORIZATION","9178","2026-08-16 05:58:04","0","True","0.48","recovered"
"4050","MERCH026","CUST0991","UPI","SBI","INSUFFICIENT_FUNDS","BANK_AUTHORIZATION","3499","2026-08-21 16:07:19","0","True","0.48","not_recovered"
"4051","MERCH019","CUST0802","CARD","ICICI","PROCESSING_ERROR","PAYMENT_PROCESSING","1579","2026-08-23 00:36:23","2","False","0.45","not_recovered"
"4052","MERCH046","CUST0228","UPI","HDFC","CARD_BLOCKED","CARD_AUTHORIZATION","1100","2026-08-06 18:05:11","0","False","0.05","not_recovered"
"4053","MERCH012","CUST0770","UPI","ICICI","PROCESSING_ERROR","PAYMENT_PROCESSING","5312","2026-08-16 20:32:50","0","False","0.55","recovered"
"4054","MERCH022","CUST0465","CARD","HDFC","INSUFFICIENT_FUNDS","BANK_AUTHORIZATION","9519","2026-08-19 02:06:15","0","False","0.45","not_recovered"
"4055","MERCH033","CUST0320","CARD","SBI","INSUFFICIENT_FUNDS","BANK_AUTHORIZATION","6892","2026-08-04 02:59:00","1","False","0.4","recovered"
"4056","MERCH025","CUST0913","UPI","ICICI","PROCESSING_ERROR","PAYMENT_PROCESSING","388","2026-08-07 01:03:24","0","False","0.55","recovered"
"4057","MERCH033","CUST0850","UPI","AXIS","CUSTOMER_ACTION_REQUIRED","CUSTOMER_AUTHENTICATION","2297","2026-08-17 03:48:48","0","False","0.4","not_recovered"
"4058","MERCH041","CUST0504","CARD","ICICI","CARD_BLOCKED","CARD_AUTHORIZATION","3718","2026-08-09 03:51:05","2","False","0.0","not_recovered"
"4059","MERCH012","CUST0934","CARD","HDFC","CUSTOMER_ACTION_REQUIRED","CUSTOMER_AUTHENTICATION","8698","2026-08-29 18:42:09","0","False","0.4","recovered"
"4060","MERCH001","CUST0472","UPI","SBI","BANK_TIMEOUT","BANK_RESPONSE","350","2026-08-24 12:39:46","1","False","0.45","recovered"
"4061","MERCH011","CUST0250","UPI","ICICI","BANK_TIMEOUT","BANK_RESPONSE","598","2026-08-22 15:54:56","0","True","0.53","not_recovered"
"4062","MERCH015","CUST0953","UPI","HDFC","BANK_TIMEOUT","BANK_RESPONSE","8285","2026-08-05 21:52:52","0","False","0.5","recovered"
"4063","MERCH017","CUST0754","UPI","HDFC","PROCESSING_ERROR","PAYMENT_PROCESSING","9150","2026-08-10 01:12:39","0","False","0.55","recovered"
"4064","MERCH001","CUST0841","UPI","SBI","PROCESSING_ERROR","PAYMENT_PROCESSING","3065","2026-08-04 07:24:35","0","False","0.55","not_recovered"
"4065","MERCH009","CUST0114","CARD","AXIS","PROCESSING_ERROR","PAYMENT_PROCESSING","2069","2026-08-09 15:59:35","0","False","0.55","recovered"
"4066","MERCH003","CUST0872","CARD","SBI","PROCESSING_ERROR","PAYMENT_PROCESSING","3835","2026-08-08 14:18:04","0","False","0.55","recovered"
"4067","MERCH039","CUST0303","UPI","SBI","INSUFFICIENT_FUNDS","BANK_AUTHORIZATION","2865","2026-08-19 17:41:32","0","False","0.45","not_recovered"
"4068","MERCH039","CUST0407","UPI","HDFC","PROCESSING_ERROR","PAYMENT_PROCESSING","8387","2026-08-15 16:13:16","0","False","0.55","not_recovered"
"4069","MERCH044","CUST0860","UPI","AXIS","BANK_TIMEOUT","BANK_RESPONSE","5912","2026-08-14 11:17:57","0","False","0.5","recovered"
"4070","MERCH047","CUST0576","CARD","SBI","INSUFFICIENT_FUNDS","BANK_AUTHORIZATION","530","2026-08-27 09:01:57","0","False","0.45","recovered"
"4071","MERCH036","CUST0422","UPI","HDFC","PROCESSING_ERROR","PAYMENT_PROCESSING","866","2026-08-27 00:25:02","0","True","0.58","not_recovered"
"4072","MERCH049","CUST0850","CARD","AXIS","BANK_TIMEOUT","BANK_RESPONSE","5581","2026-08-30 09:03:06","0","False","0.5","unknown"
"4073","MERCH036","CUST0129","UPI","AXIS","PROCESSING_ERROR","PAYMENT_PROCESSING","1816","2026-08-04 21:09:08","1","False","0.5","recovered"
"4074","MERCH031","CUST0587","UPI","SBI","BANK_TIMEOUT","BANK_RESPONSE","7827","2026-08-08 01:29:20","0","False","0.5","not_recovered"
"4075","MERCH002","CUST0206","CARD","ICICI","PROCESSING_ERROR","PAYMENT_PROCESSING","8359","2026-08-15 10:46:34","2","False","0.45","recovered"
"4076","MERCH032","CUST0773","UPI","AXIS","INSUFFICIENT_FUNDS","BANK_AUTHORIZATION","4656","2026-08-31 01:44:25","0","False","0.45","unknown"
"4077","MERCH001","CUST0454","UPI","HDFC","PROCESSING_ERROR","PAYMENT_PROCESSING","1051","2026-08-16 04:25:10","2","False","0.45","recovered"
"4078","MERCH010","CUST0007","UPI","SBI","INSUFFICIENT_FUNDS","BANK_AUTHORIZATION","8566","2026-08-30 20:18:26","0","False","0.45","unknown"
"4079","MERCH023","CUST0861","UPI","ICICI","INSUFFICIENT_FUNDS","BANK_AUTHORIZATION","3638","2026-08-30 04:45:20","0","False","0.45","unknown"
"4080","MERCH026","CUST0019","UPI","AXIS","BANK_TIMEOUT","BANK_RESPONSE","5483","2026-08-25 10:54:42","3","False","0.35","not_recovered"
"4081","MERCH028","CUST0429","CARD","SBI","INSUFFICIENT_FUNDS","BANK_AUTHORIZATION","1716","2026-08-22 17:54:11","0","False","0.45","recovered"
"4082","MERCH021","CUST0154","CARD","SBI","INSUFFICIENT_FUNDS","BANK_AUTHORIZATION","4099","2026-08-25 15:57:39","0","False","0.45","not_recovered"
"4083","MERCH033","CUST0236","UPI","SBI","INSUFFICIENT_FUNDS","BANK_AUTHORIZATION","5963","2026-08-13 16:00:14","1","True","0.43","not_recovered"
"4084","MERCH026","CUST0043","CARD","HDFC","INSUFFICIENT_FUNDS","BANK_AUTHORIZATION","9256","2026-08-24 17:14:46","2","False","0.35","not_recovered"
"4085","MERCH006","CUST0087","CARD","AXIS","CUSTOMER_ACTION_REQUIRED","CUSTOMER_AUTHENTICATION","5090","2026-08-24 02:27:34","3","False","0.25","not_recovered"
"4086","MERCH044","CUST0891","CARD","AXIS","INSUFFICIENT_FUNDS","BANK_AUTHORIZATION","9741","2026-08-31 21:38:37","0","False","0.45","unknown"
"4087","MERCH030","CUST0547","UPI","ICICI","PROCESSING_ERROR","PAYMENT_PROCESSING","6479","2026-08-18 07:55:30","1","False","0.5","recovered"
"4088","MERCH025","CUST0097","UPI","HDFC","BANK_TIMEOUT","BANK_RESPONSE","4209","2026-08-03 00:44:34","0","False","0.5","not_recovered"
"4089","MERCH035","CUST0926","UPI","SBI","PROCESSING_ERROR","PAYMENT_PROCESSING","430","2026-08-16 05:45:48","2","False","0.45","not_recovered"
"4090","MERCH021","CUST0440","CARD","HDFC","INSUFFICIENT_FUNDS","BANK_AUTHORIZATION","2746","2026-08-07 01:15:19","2","False","0.35","not_recovered"
"4091","MERCH030","CUST0678","CARD","SBI","BANK_TIMEOUT","BANK_RESPONSE","7052","2026-08-29 23:17:26","1","False","0.45","not_recovered"
"4092","MERCH012","CUST0238","CARD","HDFC","INSUFFICIENT_FUNDS","BANK_AUTHORIZATION","1249","2026-08-07 18:18:45","0","False","0.45","recovered"
"4093","MERCH036","CUST0940","CARD","AXIS","CARD_BLOCKED","CARD_AUTHORIZATION","1908","2026-08-09 01:23:16","0","False","0.05","not_recovered"
"4094","MERCH036","CUST0852","UPI","HDFC","CUSTOMER_ACTION_REQUIRED","CUSTOMER_AUTHENTICATION","9714","2026-08-07 17:05:36","0","False","0.4","not_recovered"
"4095","MERCH042","CUST0869","CARD","HDFC","INSUFFICIENT_FUNDS","BANK_AUTHORIZATION","9643","2026-08-05 02:32:37","1","False","0.4","not_recovered"
"4096","MERCH019","CUST0103","CARD","ICICI","CUSTOMER_ACTION_REQUIRED","CUSTOMER_AUTHENTICATION","3267","2026-08-24 13:59:47","1","True","0.38","not_recovered"
"4097","MERCH014","CUST0467","CARD","HDFC","INSUFFICIENT_FUNDS","BANK_AUTHORIZATION","5357","2026-08-19 21:13:43","1","False","0.4","recovered"
"4098","MERCH008","CUST0446","CARD","ICICI","PROCESSING_ERROR","PAYMENT_PROCESSING","1664","2026-08-15 03:43:06","1","True","0.53","recovered"
"4099","MERCH047","CUST0279","UPI","AXIS","PROCESSING_ERROR","PAYMENT_PROCESSING","839","2026-08-09 05:35:39","0","False","0.55","recovered"
"4100","MERCH047","CUST0433","CARD","SBI","PROCESSING_ERROR","PAYMENT_PROCESSING","8067","2026-08-09 17:08:23","1","False","0.5","recovered"
"4101","MERCH047","CUST0576","CARD","ICICI","INSUFFICIENT_FUNDS","BANK_AUTHORIZATION","3477","2026-08-14 23:31:04","0","False","0.45","not_recovered"
"4102","MERCH048","CUST0614","UPI","ICICI","INSUFFICIENT_FUNDS","BANK_AUTHORIZATION","9874","2026-08-25 07:45:13","1","False","0.4","not_recovered"
"4103","MERCH021","CUST0283","CARD","ICICI","PROCESSING_ERROR","PAYMENT_PROCESSING","7660","2026-08-29 04:47:15","1","False","0.5","not_recovered"
"4104","MERCH016","CUST0978","CARD","SBI","CUSTOMER_ACTION_REQUIRED","CUSTOMER_AUTHENTICATION","5385","2026-08-11 02:28:11","3","False","0.25","recovered"
"4105","MERCH042","CUST0732","UPI","AXIS","BANK_TIMEOUT","BANK_RESPONSE","8219","2026-08-24 07:27:42","0","False","0.5","not_recovered"
"4106","MERCH001","CUST0787","UPI","AXIS","INSUFFICIENT_FUNDS","BANK_AUTHORIZATION","3776","2026-08-02 23:19:32","0","False","0.45","recovered"
"4107","MERCH025","CUST0977","UPI","SBI","INSUFFICIENT_FUNDS","BANK_AUTHORIZATION","3392","2026-08-06 20:02:43","0","False","0.45","not_recovered"
"4108","MERCH023","CUST0152","CARD","SBI","PROCESSING_ERROR","PAYMENT_PROCESSING","2651","2026-08-23 17:49:07","1","False","0.5","not_recovered"
"4109","MERCH007","CUST0450","CARD","HDFC","BANK_TIMEOUT","BANK_RESPONSE","5437","2026-08-02 10:48:03","0","False","0.5","recovered"
"4110","MERCH045","CUST0470","UPI","SBI","BANK_TIMEOUT","BANK_RESPONSE","3551","2026-08-26 20:11:52","0","True","0.53","not_recovered"
"4111","MERCH027","CUST0473","CARD","HDFC","CARD_BLOCKED","CARD_AUTHORIZATION","2851","2026-08-23 06:46:36","0","False","0.05","not_recovered"
"4112","MERCH005","CUST0406","UPI","SBI","INSUFFICIENT_FUNDS","BANK_AUTHORIZATION","5162","2026-08-22 10:30:34","0","False","0.45","recovered"
"4113","MERCH004","CUST0846","CARD","AXIS","CUSTOMER_ACTION_REQUIRED","CUSTOMER_AUTHENTICATION","8494","2026-08-09 15:35:18","3","True","0.28","recovered"
"4114","MERCH040","CUST0022","CARD","SBI","INSUFFICIENT_FUNDS","BANK_AUTHORIZATION","5849","2026-08-03 14:13:54","1","True","0.43","not_recovered"
"4115","MERCH016","CUST0264","UPI","AXIS","INSUFFICIENT_FUNDS","BANK_AUTHORIZATION","2312","2026-08-09 12:16:20","1","False","0.4","not_recovered"
"4116","MERCH046","CUST0443","CARD","AXIS","PROCESSING_ERROR","PAYMENT_PROCESSING","5391","2026-08-15 21:46:53","1","False","0.5","not_recovered"
"4117","MERCH012","CUST0285","UPI","SBI","BANK_TIMEOUT","BANK_RESPONSE","6848","2026-08-29 10:30:07","0","False","0.5","not_recovered"
"4118","MERCH033","CUST0764","CARD","SBI","PROCESSING_ERROR","PAYMENT_PROCESSING","297","2026-08-19 18:03:47","1","True","0.53","not_recovered"
"4119","MERCH034","CUST0033","CARD","AXIS","INSUFFICIENT_FUNDS","BANK_AUTHORIZATION","1996","2026-08-12 20:29:14","0","False","0.45","not_recovered"
"4120","MERCH049","CUST0958","CARD","ICICI","PROCESSING_ERROR","PAYMENT_PROCESSING","6199","2026-08-08 11:24:09","0","False","0.55","recovered"
"4121","MERCH001","CUST0753","CARD","ICICI","CARD_BLOCKED","CARD_AUTHORIZATION","237","2026-08-19 16:17:20","3","True","0.0","not_recovered"
"4122","MERCH003","CUST0576","CARD","AXIS","CUSTOMER_ACTION_REQUIRED","CUSTOMER_AUTHENTICATION","4473","2026-08-16 01:03:06","0","False","0.4","recovered"
"4123","MERCH044","CUST0601","CARD","HDFC","CARD_BLOCKED","CARD_AUTHORIZATION","5309","2026-08-29 05:58:51","0","True","0.08","not_recovered"
"4124","MERCH021","CUST0442","UPI","SBI","PROCESSING_ERROR","PAYMENT_PROCESSING","3165","2026-08-18 05:59:03","1","True","0.53","recovered"
"4125","MERCH049","CUST0975","CARD","ICICI","INSUFFICIENT_FUNDS","BANK_AUTHORIZATION","9685","2026-08-11 17:53:52","0","False","0.45","not_recovered"
"4126","MERCH014","CUST0069","UPI","AXIS","CUSTOMER_ACTION_REQUIRED","CUSTOMER_AUTHENTICATION","4476","2026-08-14 04:38:37","2","False","0.3","not_recovered"
"4127","MERCH043","CUST0068","CARD","AXIS","BANK_TIMEOUT","BANK_RESPONSE","1934","2026-08-11 13:56:26","3","False","0.35","recovered"
"4128","MERCH018","CUST0700","CARD","SBI","INSUFFICIENT_FUNDS","BANK_AUTHORIZATION","7170","2026-08-18 06:45:12","0","False","0.45","recovered"
"4129","MERCH044","CUST0810","CARD","AXIS","INSUFFICIENT_FUNDS","BANK_AUTHORIZATION","8456","2026-08-06 14:25:37","3","True","0.33","recovered"
"4130","MERCH045","CUST0111","UPI","AXIS","INSUFFICIENT_FUNDS","BANK_AUTHORIZATION","9248","2026-08-27 23:36:16","0","False","0.45","not_recovered"
"4131","MERCH043","CUST0258","UPI","AXIS","BANK_TIMEOUT","BANK_RESPONSE","5048","2026-08-28 21:13:39","1","False","0.45","not_recovered"
"4132","MERCH047","CUST0903","UPI","HDFC","CUSTOMER_ACTION_REQUIRED","CUSTOMER_AUTHENTICATION","8543","2026-08-07 08:07:09","0","False","0.4","recovered"
"4133","MERCH047","CUST0015","UPI","ICICI","PROCESSING_ERROR","PAYMENT_PROCESSING","9811","2026-08-31 12:24:03","2","False","0.45","unknown"
"4134","MERCH042","CUST0931","UPI","SBI","INSUFFICIENT_FUNDS","BANK_AUTHORIZATION","3255","2026-08-12 12:23:33","0","False","0.45","recovered"
"4135","MERCH003","CUST0567","UPI","SBI","INSUFFICIENT_FUNDS","BANK_AUTHORIZATION","3726","2026-08-18 13:36:48","3","False","0.3","not_recovered"
"4136","MERCH028","CUST0830","UPI","HDFC","CARD_BLOCKED","CARD_AUTHORIZATION","3965","2026-08-05 07:47:36","0","False","0.05","not_recovered"
"4137","MERCH027","CUST0023","UPI","SBI","INSUFFICIENT_FUNDS","BANK_AUTHORIZATION","4861","2026-08-22 21:10:40","3","False","0.3","not_recovered"
"4138","MERCH010","CUST0518","UPI","HDFC","BANK_TIMEOUT","BANK_RESPONSE","5780","2026-08-29 11:25:00","0","True","0.53","not_recovered"
"4139","MERCH004","CUST0469","CARD","ICICI","PROCESSING_ERROR","PAYMENT_PROCESSING","5359","2026-08-31 01:40:25","0","True","0.58","unknown"
"4140","MERCH001","CUST0883","UPI","SBI","INSUFFICIENT_FUNDS","BANK_AUTHORIZATION","1394","2026-08-14 14:35:30","1","False","0.4","not_recovered"
"4141","MERCH023","CUST0508","UPI","AXIS","PROCESSING_ERROR","PAYMENT_PROCESSING","8144","2026-08-26 20:51:43","1","False","0.5","recovered"
"4142","MERCH037","CUST0639","CARD","SBI","INSUFFICIENT_FUNDS","BANK_AUTHORIZATION","8313","2026-08-29 15:52:34","1","False","0.4","not_recovered"
"4143","MERCH026","CUST0278","CARD","SBI","PROCESSING_ERROR","PAYMENT_PROCESSING","2462","2026-08-29 08:34:13","2","True","0.48","not_recovered"
"4144","MERCH050","CUST0131","UPI","SBI","PROCESSING_ERROR","PAYMENT_PROCESSING","2520","2026-08-15 03:59:21","2","False","0.45","not_recovered"
"4145","MERCH032","CUST0395","CARD","SBI","CUSTOMER_ACTION_REQUIRED","CUSTOMER_AUTHENTICATION","6870","2026-08-06 19:02:14","2","False","0.3","not_recovered"
"4146","MERCH050","CUST0372","CARD","ICICI","INSUFFICIENT_FUNDS","BANK_AUTHORIZATION","6602","2026-08-07 18:08:38","0","True","0.48","recovered"
"4147","MERCH033","CUST0205","UPI","ICICI","CUSTOMER_ACTION_REQUIRED","CUSTOMER_AUTHENTICATION","692","2026-08-27 03:36:17","0","False","0.4","not_recovered"
"4148","MERCH018","CUST0861","UPI","AXIS","PROCESSING_ERROR","PAYMENT_PROCESSING","5881","2026-08-29 09:48:17","0","False","0.55","not_recovered"
"4149","MERCH001","CUST0444","CARD","ICICI","PROCESSING_ERROR","PAYMENT_PROCESSING","3313","2026-08-10 15:07:43","0","False","0.55","recovered"
"4150","MERCH010","CUST0975","CARD","AXIS","BANK_TIMEOUT","BANK_RESPONSE","2375","2026-08-13 15:36:42","0","False","0.5","not_recovered"
"4151","MERCH031","CUST0349","UPI","ICICI","INSUFFICIENT_FUNDS","BANK_AUTHORIZATION","3472","2026-08-31 18:13:20","1","False","0.4","unknown"
"4152","MERCH023","CUST0989","CARD","AXIS","CUSTOMER_ACTION_REQUIRED","CUSTOMER_AUTHENTICATION","636","2026-08-09 19:34:39","2","False","0.3","not_recovered"
"4153","MERCH009","CUST0916","UPI","SBI","CUSTOMER_ACTION_REQUIRED","CUSTOMER_AUTHENTICATION","8245","2026-08-05 21:58:56","1","True","0.38","recovered"
"4154","MERCH019","CUST0372","UPI","HDFC","BANK_TIMEOUT","BANK_RESPONSE","9461","2026-08-15 21:31:16","0","False","0.5","recovered"
"4155","MERCH014","CUST0285","UPI","ICICI","BANK_TIMEOUT","BANK_RESPONSE","1299","2026-08-03 11:42:38","1","True","0.48","recovered"
"4156","MERCH045","CUST0127","CARD","AXIS","CARD_BLOCKED","CARD_AUTHORIZATION","9489","2026-08-04 10:10:51","2","False","0.0","not_recovered"
"4157","MERCH048","CUST0264","CARD","AXIS","BANK_TIMEOUT","BANK_RESPONSE","2324","2026-08-04 12:16:53","1","True","0.48","not_recovered"
"4158","MERCH004","CUST0303","UPI","HDFC","PROCESSING_ERROR","PAYMENT_PROCESSING","4145","2026-08-24 17:34:48","2","True","0.48","recovered"
"4159","MERCH006","CUST0658","CARD","AXIS","BANK_TIMEOUT","BANK_RESPONSE","5765","2026-08-12 18:17:10","0","False","0.5","not_recovered"
"4160","MERCH010","CUST0137","CARD","HDFC","PROCESSING_ERROR","PAYMENT_PROCESSING","2224","2026-08-08 12:02:33","0","False","0.55","not_recovered"
"4161","MERCH031","CUST0462","UPI","AXIS","PROCESSING_ERROR","PAYMENT_PROCESSING","6032","2026-08-23 15:30:45","1","True","0.53","not_recovered"
"4162","MERCH043","CUST0824","CARD","HDFC","INSUFFICIENT_FUNDS","BANK_AUTHORIZATION","4719","2026-08-27 13:13:14","0","False","0.45","recovered"
"4163","MERCH025","CUST0195","UPI","AXIS","BANK_TIMEOUT","BANK_RESPONSE","8852","2026-08-25 17:56:36","0","False","0.5","recovered"
"4164","MERCH002","CUST0777","CARD","AXIS","INSUFFICIENT_FUNDS","BANK_AUTHORIZATION","9731","2026-08-29 04:58:00","0","False","0.45","not_recovered"
"4165","MERCH020","CUST0458","CARD","SBI","CUSTOMER_ACTION_REQUIRED","CUSTOMER_AUTHENTICATION","9540","2026-08-13 20:47:41","1","True","0.38","recovered"
"4166","MERCH009","CUST0661","UPI","HDFC","CARD_BLOCKED","CARD_AUTHORIZATION","5297","2026-08-17 01:44:35","0","False","0.05","not_recovered"
"4167","MERCH046","CUST0661","CARD","ICICI","PROCESSING_ERROR","PAYMENT_PROCESSING","7392","2026-08-23 22:54:58","0","False","0.55","recovered"
"4168","MERCH049","CUST0584","CARD","HDFC","BANK_TIMEOUT","BANK_RESPONSE","1384","2026-08-12 21:56:24","2","False","0.4","not_recovered"
"4169","MERCH050","CUST0653","CARD","HDFC","BANK_TIMEOUT","BANK_RESPONSE","1159","2026-08-07 13:42:43","1","False","0.45","recovered"
"4170","MERCH015","CUST0976","CARD","SBI","INSUFFICIENT_FUNDS","BANK_AUTHORIZATION","4700","2026-08-24 08:40:06","0","False","0.45","recovered"
"4171","MERCH026","CUST0691","UPI","AXIS","CUSTOMER_ACTION_REQUIRED","CUSTOMER_AUTHENTICATION","5884","2026-08-16 04:16:27","1","False","0.35","not_recovered"
"4172","MERCH032","CUST0696","CARD","SBI","BANK_TIMEOUT","BANK_RESPONSE","9176","2026-08-09 11:04:28","2","False","0.4","recovered"
"4173","MERCH036","CUST0736","UPI","SBI","BANK_TIMEOUT","BANK_RESPONSE","1696","2026-08-14 09:42:19","0","False","0.5","not_recovered"
"4174","MERCH039","CUST0060","CARD","HDFC","INSUFFICIENT_FUNDS","BANK_AUTHORIZATION","5372","2026-08-25 17:04:37","0","False","0.45","recovered"
"4175","MERCH038","CUST0786","UPI","AXIS","PROCESSING_ERROR","PAYMENT_PROCESSING","329","2026-08-26 19:39:11","0","False","0.55","not_recovered"
"4176","MERCH023","CUST0528","CARD","HDFC","INSUFFICIENT_FUNDS","BANK_AUTHORIZATION","2958","2026-08-25 11:38:01","2","False","0.35","recovered"
"4177","MERCH047","CUST0709","CARD","AXIS","INSUFFICIENT_FUNDS","BANK_AUTHORIZATION","2205","2026-08-16 10:30:32","2","True","0.38","recovered"
"4178","MERCH023","CUST0118","CARD","SBI","PROCESSING_ERROR","PAYMENT_PROCESSING","2644","2026-08-18 02:40:36","0","False","0.55","not_recovered"
"4179","MERCH017","CUST0211","UPI","ICICI","INSUFFICIENT_FUNDS","BANK_AUTHORIZATION","7178","2026-08-24 11:46:43","0","False","0.45","not_recovered"
"4180","MERCH029","CUST0218","CARD","HDFC","PROCESSING_ERROR","PAYMENT_PROCESSING","5585","2026-08-27 19:51:45","2","False","0.45","recovered"
"4181","MERCH005","CUST0010","CARD","AXIS","PROCESSING_ERROR","PAYMENT_PROCESSING","4306","2026-08-02 01:10:34","0","False","0.55","not_recovered"
"4182","MERCH044","CUST0643","UPI","SBI","CARD_BLOCKED","CARD_AUTHORIZATION","6865","2026-08-06 03:25:37","3","False","0.0","not_recovered"
"4183","MERCH031","CUST0863","CARD","AXIS","PROCESSING_ERROR","PAYMENT_PROCESSING","6855","2026-08-31 07:59:58","1","False","0.5","unknown"
"4184","MERCH018","CUST0486","UPI","SBI","PROCESSING_ERROR","PAYMENT_PROCESSING","2889","2026-08-16 01:40:39","1","False","0.5","recovered"
"4185","MERCH043","CUST0830","UPI","SBI","INSUFFICIENT_FUNDS","BANK_AUTHORIZATION","5805","2026-08-11 13:47:04","0","False","0.45","not_recovered"
"4186","MERCH024","CUST0733","UPI","ICICI","INSUFFICIENT_FUNDS","BANK_AUTHORIZATION","7398","2026-08-20 10:27:01","0","False","0.45","recovered"
"4187","MERCH036","CUST0778","UPI","SBI","BANK_TIMEOUT","BANK_RESPONSE","2981","2026-08-27 08:51:49","1","False","0.45","recovered"
"4188","MERCH030","CUST0862","CARD","ICICI","CARD_BLOCKED","CARD_AUTHORIZATION","6902","2026-08-05 11:51:30","0","False","0.05","not_recovered"
"4189","MERCH045","CUST0655","UPI","AXIS","BANK_TIMEOUT","BANK_RESPONSE","3975","2026-08-07 05:01:58","1","False","0.45","not_recovered"
"4190","MERCH029","CUST0342","CARD","ICICI","INSUFFICIENT_FUNDS","BANK_AUTHORIZATION","9604","2026-08-03 20:33:51","1","True","0.43","not_recovered"
"4191","MERCH022","CUST0403","CARD","HDFC","CARD_BLOCKED","CARD_AUTHORIZATION","1110","2026-08-21 02:53:12","0","True","0.08","not_recovered"
"4192","MERCH004","CUST0368","UPI","AXIS","INSUFFICIENT_FUNDS","BANK_AUTHORIZATION","7396","2026-08-26 18:40:46","0","False","0.45","not_recovered"
"4193","MERCH046","CUST0868","UPI","ICICI","CUSTOMER_ACTION_REQUIRED","CUSTOMER_AUTHENTICATION","8315","2026-08-07 05:56:19","0","False","0.4","recovered"
"4194","MERCH049","CUST0201","CARD","HDFC","BANK_TIMEOUT","BANK_RESPONSE","6078","2026-08-09 18:31:12","0","False","0.5","recovered"
"4195","MERCH039","CUST0325","CARD","AXIS","PROCESSING_ERROR","PAYMENT_PROCESSING","1102","2026-08-18 05:52:58","0","False","0.55","not_recovered"
"4196","MERCH050","CUST0038","CARD","SBI","CARD_BLOCKED","CARD_AUTHORIZATION","9730","2026-08-31 09:03:26","0","False","0.05","unknown"
"4197","MERCH007","CUST0334","CARD","HDFC","CARD_BLOCKED","CARD_AUTHORIZATION","7935","2026-08-02 11:01:41","0","True","0.08","not_recovered"
"4198","MERCH050","CUST0713","UPI","HDFC","CARD_BLOCKED","CARD_AUTHORIZATION","6507","2026-08-26 17:23:39","1","False","0.0","not_recovered"
"4199","MERCH002","CUST0161","UPI","HDFC","PROCESSING_ERROR","PAYMENT_PROCESSING","9029","2026-08-28 00:11:14","0","False","0.55","recovered"
"4200","MERCH045","CUST0139","UPI","ICICI","INSUFFICIENT_FUNDS","BANK_AUTHORIZATION","6234","2026-08-05 01:32:42","1","False","0.4","not_recovered"
"4201","MERCH006","CUST0485","CARD","ICICI","INSUFFICIENT_FUNDS","BANK_AUTHORIZATION","9930","2026-08-09 14:20:54","0","False","0.45","recovered"
"4202","MERCH009","CUST0708","CARD","AXIS","BANK_TIMEOUT","BANK_RESPONSE","7262","2026-08-11 11:08:38","0","False","0.5","not_recovered"
"4203","MERCH036","CUST0797","UPI","HDFC","BANK_TIMEOUT","BANK_RESPONSE","5946","2026-08-08 23:26:43","0","False","0.5","not_recovered"
"4204","MERCH007","CUST0384","UPI","ICICI","CUSTOMER_ACTION_REQUIRED","CUSTOMER_AUTHENTICATION","9907","2026-08-21 21:36:56","0","False","0.4","not_recovered"
"4205","MERCH043","CUST0318","CARD","ICICI","PROCESSING_ERROR","PAYMENT_PROCESSING","5997","2026-08-17 13:56:38","0","False","0.55","not_recovered"
"4206","MERCH016","CUST0106","UPI","SBI","CARD_BLOCKED","CARD_AUTHORIZATION","5890","2026-08-04 09:24:56","0","True","0.08","not_recovered"
"4207","MERCH021","CUST0413","CARD","ICICI","BANK_TIMEOUT","BANK_RESPONSE","5644","2026-08-28 08:34:01","0","True","0.53","recovered"
"4208","MERCH007","CUST0002","CARD","AXIS","PROCESSING_ERROR","PAYMENT_PROCESSING","4359","2026-08-14 07:30:37","0","True","0.58","recovered"
"4209","MERCH035","CUST0831","CARD","AXIS","INSUFFICIENT_FUNDS","BANK_AUTHORIZATION","6393","2026-08-16 08:29:20","0","False","0.45","not_recovered"
"4210","MERCH015","CUST0308","CARD","AXIS","INSUFFICIENT_FUNDS","BANK_AUTHORIZATION","9505","2026-08-21 19:50:53","3","True","0.33","not_recovered"
"4211","MERCH010","CUST0160","CARD","HDFC","PROCESSING_ERROR","PAYMENT_PROCESSING","1316","2026-08-18 17:52:13","0","False","0.55","recovered"
"4212","MERCH036","CUST0908","CARD","HDFC","INSUFFICIENT_FUNDS","BANK_AUTHORIZATION","5231","2026-08-04 10:34:44","0","True","0.48","not_recovered"
"4213","MERCH001","CUST0328","UPI","ICICI","PROCESSING_ERROR","PAYMENT_PROCESSING","6927","2026-08-03 06:46:56","1","False","0.5","not_recovered"
"4214","MERCH028","CUST0168","UPI","ICICI","PROCESSING_ERROR","PAYMENT_PROCESSING","9725","2026-08-25 15:10:37","0","False","0.55","recovered"
"4215","MERCH002","CUST0586","CARD","SBI","BANK_TIMEOUT","BANK_RESPONSE","1625","2026-08-23 07:34:10","1","False","0.45","not_recovered"
"4216","MERCH025","CUST0447","CARD","HDFC","BANK_TIMEOUT","BANK_RESPONSE","8762","2026-08-27 14:10:40","0","False","0.5","recovered"
"4217","MERCH048","CUST0610","CARD","ICICI","PROCESSING_ERROR","PAYMENT_PROCESSING","4109","2026-08-07 11:55:27","1","False","0.5","recovered"
"4218","MERCH017","CUST0271","CARD","SBI","CUSTOMER_ACTION_REQUIRED","CUSTOMER_AUTHENTICATION","4083","2026-08-29 09:40:30","0","False","0.4","recovered"
"4219","MERCH031","CUST0495","CARD","HDFC","PROCESSING_ERROR","PAYMENT_PROCESSING","2685","2026-08-05 20:27:35","0","False","0.55","recovered"
"4220","MERCH029","CUST0379","CARD","SBI","BANK_TIMEOUT","BANK_RESPONSE","1433","2026-08-28 14:47:52","1","False","0.45","not_recovered"
"4221","MERCH024","CUST0505","UPI","HDFC","BANK_TIMEOUT","BANK_RESPONSE","9842","2026-08-03 23:10:29","1","True","0.48","recovered"
"4222","MERCH038","CUST0013","CARD","ICICI","PROCESSING_ERROR","PAYMENT_PROCESSING","1956","2026-08-23 06:28:54","0","False","0.55","recovered"
"4223","MERCH003","CUST0331","UPI","HDFC","INSUFFICIENT_FUNDS","BANK_AUTHORIZATION","3129","2026-08-16 02:23:55","0","False","0.45","not_recovered"
"4224","MERCH031","CUST0106","UPI","HDFC","BANK_TIMEOUT","BANK_RESPONSE","4146","2026-08-04 16:27:28","1","False","0.45","recovered"
"4225","MERCH013","CUST0381","UPI","ICICI","BANK_TIMEOUT","BANK_RESPONSE","7838","2026-08-17 05:34:00","3","False","0.35","not_recovered"
"4226","MERCH002","CUST0585","CARD","HDFC","PROCESSING_ERROR","PAYMENT_PROCESSING","2066","2026-08-30 20:32:21","0","True","0.58","unknown"
"4227","MERCH032","CUST0574","CARD","ICICI","BANK_TIMEOUT","BANK_RESPONSE","8361","2026-08-28 19:09:43","0","False","0.5","recovered"
"4228","MERCH013","CUST0477","CARD","HDFC","INSUFFICIENT_FUNDS","BANK_AUTHORIZATION","7781","2026-08-24 02:52:41","0","False","0.45","not_recovered"
"4229","MERCH016","CUST0889","CARD","AXIS","PROCESSING_ERROR","PAYMENT_PROCESSING","9426","2026-08-26 05:58:51","1","False","0.5","not_recovered"
"4230","MERCH021","CUST0953","CARD","SBI","BANK_TIMEOUT","BANK_RESPONSE","1005","2026-08-16 04:35:47","0","False","0.5","recovered"
"4231","MERCH046","CUST0144","CARD","HDFC","CARD_BLOCKED","CARD_AUTHORIZATION","545","2026-08-05 23:10:32","0","False","0.05","not_recovered"
"4232","MERCH012","CUST0707","UPI","AXIS","PROCESSING_ERROR","PAYMENT_PROCESSING","7450","2026-08-27 02:06:29","0","False","0.55","recovered"
"4233","MERCH022","CUST0637","CARD","SBI","BANK_TIMEOUT","BANK_RESPONSE","7069","2026-08-26 06:23:48","0","False","0.5","recovered"
"4234","MERCH038","CUST0565","CARD","HDFC","INSUFFICIENT_FUNDS","BANK_AUTHORIZATION","5272","2026-08-28 21:00:32","0","False","0.45","not_recovered"
"4235","MERCH036","CUST0472","UPI","ICICI","INSUFFICIENT_FUNDS","BANK_AUTHORIZATION","5495","2026-08-17 07:29:41","1","False","0.4","not_recovered"
"4236","MERCH024","CUST0201","CARD","ICICI","BANK_TIMEOUT","BANK_RESPONSE","7918","2026-08-08 21:21:59","0","False","0.5","not_recovered"
"4237","MERCH024","CUST0035","CARD","SBI","INSUFFICIENT_FUNDS","BANK_AUTHORIZATION","3211","2026-08-04 04:56:37","0","False","0.45","recovered"
"4238","MERCH050","CUST0132","UPI","ICICI","PROCESSING_ERROR","PAYMENT_PROCESSING","4070","2026-08-28 20:02:52","0","True","0.58","not_recovered"
"4239","MERCH031","CUST0886","CARD","HDFC","PROCESSING_ERROR","PAYMENT_PROCESSING","9221","2026-08-09 13:16:40","0","False","0.55","not_recovered"
"4240","MERCH011","CUST0318","UPI","HDFC","PROCESSING_ERROR","PAYMENT_PROCESSING","7955","2026-08-13 17:10:27","0","False","0.55","not_recovered"
"4241","MERCH037","CUST0037","CARD","HDFC","INSUFFICIENT_FUNDS","BANK_AUTHORIZATION","9263","2026-08-14 15:51:32","1","False","0.4","not_recovered"
"4242","MERCH028","CUST0798","UPI","AXIS","PROCESSING_ERROR","PAYMENT_PROCESSING","3359","2026-08-28 00:10:15","0","False","0.55","recovered"
"4243","MERCH026","CUST0487","CARD","ICICI","CARD_BLOCKED","CARD_AUTHORIZATION","5832","2026-08-29 09:14:58","0","False","0.05","not_recovered"
"4244","MERCH049","CUST0810","CARD","ICICI","INSUFFICIENT_FUNDS","BANK_AUTHORIZATION","149","2026-08-17 11:01:22","3","False","0.3","not_recovered"
"4245","MERCH029","CUST0493","UPI","ICICI","CARD_BLOCKED","CARD_AUTHORIZATION","4911","2026-08-03 21:33:14","0","False","0.05","not_recovered"
"4246","MERCH035","CUST0667","UPI","SBI","BANK_TIMEOUT","BANK_RESPONSE","5345","2026-08-17 19:02:27","0","True","0.53","recovered"
"4247","MERCH033","CUST0299","CARD","AXIS","BANK_TIMEOUT","BANK_RESPONSE","861","2026-08-27 13:17:40","0","False","0.5","recovered"
"4248","MERCH019","CUST0088","CARD","SBI","BANK_TIMEOUT","BANK_RESPONSE","5063","2026-08-30 03:34:42","0","False","0.5","unknown"
"4249","MERCH001","CUST0536","UPI","AXIS","BANK_TIMEOUT","BANK_RESPONSE","1977","2026-08-06 04:11:10","0","False","0.5","recovered"
"4250","MERCH028","CUST0092","UPI","ICICI","INSUFFICIENT_FUNDS","BANK_AUTHORIZATION","4613","2026-08-23 09:09:43","1","False","0.4","recovered"
"4251","MERCH020","CUST0344","CARD","SBI","CARD_BLOCKED","CARD_AUTHORIZATION","9172","2026-08-30 12:05:31","0","False","0.05","unknown"
"4252","MERCH002","CUST0416","UPI","AXIS","INSUFFICIENT_FUNDS","BANK_AUTHORIZATION","5142","2026-08-13 17:56:45","0","False","0.45","not_recovered"
"4253","MERCH042","CUST0845","UPI","HDFC","BANK_TIMEOUT","BANK_RESPONSE","6551","2026-08-12 06:01:33","1","False","0.45","not_recovered"
"4254","MERCH011","CUST0312","CARD","ICICI","BANK_TIMEOUT","BANK_RESPONSE","1693","2026-08-25 12:29:56","0","False","0.5","recovered"
"4255","MERCH005","CUST0802","CARD","HDFC","INSUFFICIENT_FUNDS","BANK_AUTHORIZATION","6767","2026-08-21 11:38:19","1","False","0.4","recovered"
"4256","MERCH003","CUST0748","UPI","ICICI","PROCESSING_ERROR","PAYMENT_PROCESSING","9794","2026-08-28 15:22:00","0","False","0.55","not_recovered"
"4257","MERCH047","CUST0564","CARD","AXIS","BANK_TIMEOUT","BANK_RESPONSE","5280","2026-08-07 01:44:21","0","False","0.5","recovered"
"4258","MERCH048","CUST0449","UPI","AXIS","INSUFFICIENT_FUNDS","BANK_AUTHORIZATION","8256","2026-08-02 16:12:29","3","False","0.3","recovered"
"4259","MERCH026","CUST0993","CARD","SBI","INSUFFICIENT_FUNDS","BANK_AUTHORIZATION","391","2026-08-13 03:45:46","2","False","0.35","not_recovered"
"4260","MERCH007","CUST0696","UPI","SBI","PROCESSING_ERROR","PAYMENT_PROCESSING","1757","2026-08-20 11:55:22","0","False","0.55","recovered"
"4261","MERCH010","CUST0379","CARD","HDFC","INSUFFICIENT_FUNDS","BANK_AUTHORIZATION","5820","2026-08-12 15:11:43","0","True","0.48","recovered"
"4262","MERCH033","CUST0464","CARD","HDFC","BANK_TIMEOUT","BANK_RESPONSE","2750","2026-08-30 08:24:47","0","False","0.5","unknown"
"4263","MERCH048","CUST0655","CARD","AXIS","INSUFFICIENT_FUNDS","BANK_AUTHORIZATION","708","2026-08-28 23:03:23","0","False","0.45","not_recovered"
"4264","MERCH029","CUST0123","CARD","HDFC","BANK_TIMEOUT","BANK_RESPONSE","1567","2026-08-18 08:27:37","1","True","0.48","recovered"
"4265","MERCH018","CUST0177","CARD","SBI","INSUFFICIENT_FUNDS","BANK_AUTHORIZATION","4236","2026-08-23 17:43:18","0","False","0.45","recovered"
"4266","MERCH017","CUST0269","UPI","ICICI","INSUFFICIENT_FUNDS","BANK_AUTHORIZATION","4380","2026-08-15 18:48:04","3","False","0.3","not_recovered"
"4267","MERCH041","CUST0147","CARD","ICICI","BANK_TIMEOUT","BANK_RESPONSE","6147","2026-08-14 11:22:12","0","False","0.5","not_recovered"
"4268","MERCH008","CUST0856","UPI","AXIS","PROCESSING_ERROR","PAYMENT_PROCESSING","4266","2026-08-30 21:09:07","0","False","0.55","unknown"
"4269","MERCH009","CUST0022","UPI","HDFC","PROCESSING_ERROR","PAYMENT_PROCESSING","9835","2026-08-21 00:55:09","3","False","0.4","recovered"
"4270","MERCH012","CUST0837","CARD","AXIS","INSUFFICIENT_FUNDS","BANK_AUTHORIZATION","8060","2026-08-15 15:45:32","1","True","0.43","not_recovered"
"4271","MERCH049","CUST0915","CARD","SBI","BANK_TIMEOUT","BANK_RESPONSE","7232","2026-08-08 00:26:25","0","True","0.53","recovered"
"4272","MERCH023","CUST0350","CARD","SBI","PROCESSING_ERROR","PAYMENT_PROCESSING","2449","2026-08-22 21:16:07","1","False","0.5","recovered"
"4273","MERCH017","CUST0962","UPI","ICICI","INSUFFICIENT_FUNDS","BANK_AUTHORIZATION","245","2026-08-29 22:40:07","1","False","0.4","recovered"
"4274","MERCH041","CUST0371","UPI","AXIS","INSUFFICIENT_FUNDS","BANK_AUTHORIZATION","6125","2026-08-21 12:19:15","2","False","0.35","recovered"
"4275","MERCH018","CUST0663","UPI","SBI","PROCESSING_ERROR","PAYMENT_PROCESSING","7813","2026-08-05 11:40:38","0","True","0.58","recovered"
"4276","MERCH045","CUST0680","UPI","HDFC","PROCESSING_ERROR","PAYMENT_PROCESSING","1825","2026-08-14 01:12:34","0","False","0.55","recovered"
"4277","MERCH016","CUST0159","CARD","HDFC","PROCESSING_ERROR","PAYMENT_PROCESSING","7137","2026-08-23 07:25:57","0","False","0.55","recovered"
"4278","MERCH033","CUST0813","UPI","ICICI","BANK_TIMEOUT","BANK_RESPONSE","8905","2026-08-23 16:02:03","1","False","0.45","recovered"
"4279","MERCH044","CUST0155","CARD","ICICI","BANK_TIMEOUT","BANK_RESPONSE","3276","2026-08-05 12:57:44","0","False","0.5","not_recovered"
"4280","MERCH032","CUST0161","CARD","AXIS","PROCESSING_ERROR","PAYMENT_PROCESSING","9988","2026-08-02 05:19:57","2","False","0.45","recovered"
"4281","MERCH028","CUST0920","CARD","HDFC","BANK_TIMEOUT","BANK_RESPONSE","620","2026-08-11 06:59:06","0","True","0.53","not_recovered"
"4282","MERCH050","CUST0212","UPI","AXIS","PROCESSING_ERROR","PAYMENT_PROCESSING","342","2026-08-18 13:55:36","0","True","0.58","recovered"
"4283","MERCH044","CUST0547","UPI","HDFC","INSUFFICIENT_FUNDS","BANK_AUTHORIZATION","5324","2026-08-06 15:39:24","0","True","0.48","recovered"
"4284","MERCH035","CUST0838","UPI","HDFC","INSUFFICIENT_FUNDS","BANK_AUTHORIZATION","2314","2026-08-28 02:31:08","0","True","0.48","not_recovered"
"4285","MERCH033","CUST0542","CARD","HDFC","INSUFFICIENT_FUNDS","BANK_AUTHORIZATION","5893","2026-08-15 09:35:59","1","False","0.4","recovered"
"4286","MERCH031","CUST0558","UPI","ICICI","PROCESSING_ERROR","PAYMENT_PROCESSING","4361","2026-08-06 04:52:50","2","False","0.45","recovered"
"4287","MERCH044","CUST0387","CARD","SBI","PROCESSING_ERROR","PAYMENT_PROCESSING","3104","2026-08-13 10:35:15","1","False","0.5","recovered"
"4288","MERCH003","CUST0974","UPI","AXIS","CUSTOMER_ACTION_REQUIRED","CUSTOMER_AUTHENTICATION","2960","2026-08-08 23:14:58","0","False","0.4","not_recovered"
"4289","MERCH039","CUST0135","UPI","ICICI","INSUFFICIENT_FUNDS","BANK_AUTHORIZATION","9115","2026-08-09 02:35:16","2","False","0.35","not_recovered"
"4290","MERCH007","CUST0966","UPI","ICICI","INSUFFICIENT_FUNDS","BANK_AUTHORIZATION","6912","2026-08-08 02:04:10","0","False","0.45","recovered"
"4291","MERCH021","CUST0888","CARD","AXIS","CARD_BLOCKED","CARD_AUTHORIZATION","389","2026-08-21 03:50:23","0","False","0.05","not_recovered"
"4292","MERCH003","CUST0578","CARD","ICICI","INSUFFICIENT_FUNDS","BANK_AUTHORIZATION","7024","2026-08-27 18:37:49","0","False","0.45","recovered"
"4293","MERCH035","CUST0220","CARD","SBI","BANK_TIMEOUT","BANK_RESPONSE","9228","2026-08-09 23:01:33","0","True","0.53","not_recovered"
"4294","MERCH031","CUST0201","UPI","AXIS","INSUFFICIENT_FUNDS","BANK_AUTHORIZATION","4696","2026-08-11 14:19:03","1","True","0.43","recovered"
"4295","MERCH010","CUST0027","UPI","ICICI","CUSTOMER_ACTION_REQUIRED","CUSTOMER_AUTHENTICATION","6508","2026-08-10 14:18:57","0","True","0.43","recovered"
"4296","MERCH012","CUST0668","CARD","AXIS","INSUFFICIENT_FUNDS","BANK_AUTHORIZATION","5447","2026-08-23 18:59:15","1","False","0.4","not_recovered"
"4297","MERCH040","CUST0176","UPI","HDFC","INSUFFICIENT_FUNDS","BANK_AUTHORIZATION","3842","2026-08-27 20:55:51","0","False","0.45","recovered"
"4298","MERCH039","CUST0804","UPI","HDFC","INSUFFICIENT_FUNDS","BANK_AUTHORIZATION","7530","2026-08-10 11:29:11","3","False","0.3","recovered"
"4299","MERCH019","CUST0607","UPI","ICICI","PROCESSING_ERROR","PAYMENT_PROCESSING","6126","2026-08-16 03:47:11","0","True","0.58","recovered"
"4300","MERCH020","CUST0370","CARD","AXIS","PROCESSING_ERROR","PAYMENT_PROCESSING","1040","2026-08-25 02:03:29","2","False","0.45","not_recovered"
"4301","MERCH048","CUST0277","CARD","HDFC","PROCESSING_ERROR","PAYMENT_PROCESSING","9908","2026-08-27 09:37:11","0","False","0.55","recovered"
"4302","MERCH041","CUST0666","CARD","SBI","INSUFFICIENT_FUNDS","BANK_AUTHORIZATION","5608","2026-08-28 09:59:09","0","False","0.45","recovered"
"4303","MERCH048","CUST0512","CARD","SBI","BANK_TIMEOUT","BANK_RESPONSE","988","2026-08-11 03:22:04","0","False","0.5","recovered"
"4304","MERCH005","CUST0813","UPI","ICICI","CARD_BLOCKED","CARD_AUTHORIZATION","8297","2026-08-02 02:45:18","0","False","0.05","not_recovered"
"4305","MERCH049","CUST0384","CARD","AXIS","INSUFFICIENT_FUNDS","BANK_AUTHORIZATION","1992","2026-08-04 08:48:38","0","False","0.45","recovered"
"4306","MERCH040","CUST0694","UPI","HDFC","INSUFFICIENT_FUNDS","BANK_AUTHORIZATION","216","2026-08-23 02:33:14","0","True","0.48","not_recovered"
"4307","MERCH004","CUST0704","UPI","SBI","CARD_BLOCKED","CARD_AUTHORIZATION","4627","2026-08-08 07:59:19","1","False","0.0","not_recovered"
"4308","MERCH015","CUST0120","CARD","SBI","INSUFFICIENT_FUNDS","BANK_AUTHORIZATION","9106","2026-08-09 13:56:37","0","True","0.48","recovered"
"4309","MERCH045","CUST0460","UPI","ICICI","INSUFFICIENT_FUNDS","BANK_AUTHORIZATION","4196","2026-08-04 05:49:41","0","True","0.48","not_recovered"
"4310","MERCH037","CUST0371","UPI","SBI","PROCESSING_ERROR","PAYMENT_PROCESSING","290","2026-08-02 06:37:02","2","False","0.45","recovered"
"4311","MERCH050","CUST0452","UPI","ICICI","INSUFFICIENT_FUNDS","BANK_AUTHORIZATION","6935","2026-08-12 23:06:43","0","False","0.45","not_recovered"
"4312","MERCH028","CUST0245","CARD","HDFC","INSUFFICIENT_FUNDS","BANK_AUTHORIZATION","4029","2026-08-03 08:46:28","0","True","0.48","not_recovered"
"4313","MERCH034","CUST0803","CARD","AXIS","CARD_BLOCKED","CARD_AUTHORIZATION","990","2026-08-21 06:21:59","0","False","0.05","recovered"
"4314","MERCH019","CUST0596","UPI","HDFC","PROCESSING_ERROR","PAYMENT_PROCESSING","7403","2026-08-23 08:59:13","0","True","0.58","recovered"
"4315","MERCH003","CUST0377","CARD","SBI","PROCESSING_ERROR","PAYMENT_PROCESSING","3239","2026-08-09 08:06:46","0","False","0.55","not_recovered"
"4316","MERCH040","CUST0868","CARD","ICICI","INSUFFICIENT_FUNDS","BANK_AUTHORIZATION","2099","2026-08-17 08:03:36","0","False","0.45","not_recovered"
"4317","MERCH046","CUST0932","UPI","AXIS","CUSTOMER_ACTION_REQUIRED","CUSTOMER_AUTHENTICATION","9174","2026-08-14 02:25:32","0","False","0.4","recovered"
"4318","MERCH008","CUST0096","UPI","ICICI","INSUFFICIENT_FUNDS","BANK_AUTHORIZATION","4410","2026-08-07 15:09:39","0","False","0.45","not_recovered"
"4319","MERCH024","CUST0909","CARD","AXIS","PROCESSING_ERROR","PAYMENT_PROCESSING","1318","2026-08-11 21:33:01","0","False","0.55","recovered"
"4320","MERCH046","CUST0271","UPI","SBI","BANK_TIMEOUT","BANK_RESPONSE","6691","2026-08-30 23:41:05","0","False","0.5","unknown"
"4321","MERCH021","CUST0671","UPI","ICICI","PROCESSING_ERROR","PAYMENT_PROCESSING","180","2026-08-11 07:45:42","0","False","0.55","not_recovered"
"4322","MERCH006","CUST0956","CARD","AXIS","CUSTOMER_ACTION_REQUIRED","CUSTOMER_AUTHENTICATION","1563","2026-08-24 09:41:38","0","True","0.43","not_recovered"
"4323","MERCH003","CUST0117","UPI","HDFC","PROCESSING_ERROR","PAYMENT_PROCESSING","8820","2026-08-12 18:14:55","2","False","0.45","not_recovered"
"4324","MERCH042","CUST0090","CARD","HDFC","INSUFFICIENT_FUNDS","BANK_AUTHORIZATION","4104","2026-08-17 10:22:53","0","False","0.45","not_recovered"
"4325","MERCH028","CUST0266","UPI","SBI","INSUFFICIENT_FUNDS","BANK_AUTHORIZATION","1145","2026-08-17 09:33:21","0","True","0.48","recovered"
"4326","MERCH004","CUST0727","CARD","HDFC","CUSTOMER_ACTION_REQUIRED","CUSTOMER_AUTHENTICATION","1330","2026-08-07 23:16:22","0","False","0.4","recovered"
"4327","MERCH045","CUST0177","CARD","SBI","CUSTOMER_ACTION_REQUIRED","CUSTOMER_AUTHENTICATION","4252","2026-08-24 23:06:57","0","False","0.4","recovered"
"4328","MERCH028","CUST0148","CARD","HDFC","INSUFFICIENT_FUNDS","BANK_AUTHORIZATION","1123","2026-08-22 15:39:37","2","False","0.35","recovered"
"4329","MERCH005","CUST0816","UPI","AXIS","CARD_BLOCKED","CARD_AUTHORIZATION","4387","2026-08-21 10:25:11","0","False","0.05","not_recovered"
"4330","MERCH039","CUST0829","CARD","SBI","BANK_TIMEOUT","BANK_RESPONSE","5636","2026-08-31 18:38:28","0","False","0.5","unknown"
"4331","MERCH045","CUST0433","CARD","ICICI","INSUFFICIENT_FUNDS","BANK_AUTHORIZATION","8214","2026-08-15 21:56:29","0","False","0.45","not_recovered"
"4332","MERCH015","CUST0101","CARD","ICICI","PROCESSING_ERROR","PAYMENT_PROCESSING","5252","2026-08-02 11:07:32","0","False","0.55","not_recovered"
"4333","MERCH019","CUST0106","UPI","HDFC","PROCESSING_ERROR","PAYMENT_PROCESSING","1807","2026-08-12 20:42:20","1","False","0.5","recovered"
"4334","MERCH016","CUST0648","UPI","SBI","CARD_BLOCKED","CARD_AUTHORIZATION","9001","2026-08-31 01:26:40","2","True","0.0","unknown"
"4335","MERCH031","CUST0549","CARD","ICICI","PROCESSING_ERROR","PAYMENT_PROCESSING","6256","2026-08-04 14:20:49","0","False","0.55","recovered"
"4336","MERCH001","CUST0281","UPI","ICICI","BANK_TIMEOUT","BANK_RESPONSE","4659","2026-08-15 18:16:43","0","False","0.5","recovered"
"4337","MERCH018","CUST0719","UPI","ICICI","CARD_BLOCKED","CARD_AUTHORIZATION","7780","2026-08-14 01:39:03","0","False","0.05","recovered"
"4338","MERCH043","CUST0437","CARD","HDFC","CUSTOMER_ACTION_REQUIRED","CUSTOMER_AUTHENTICATION","6044","2026-08-13 17:16:27","0","False","0.4","not_recovered"
"4339","MERCH021","CUST0050","CARD","SBI","BANK_TIMEOUT","BANK_RESPONSE","3610","2026-08-24 23:58:48","0","False","0.5","recovered"
"4340","MERCH021","CUST0637","CARD","AXIS","INSUFFICIENT_FUNDS","BANK_AUTHORIZATION","392","2026-08-19 09:38:47","0","True","0.48","not_recovered"
"4341","MERCH043","CUST0961","CARD","SBI","PROCESSING_ERROR","PAYMENT_PROCESSING","8014","2026-08-29 16:42:03","0","True","0.58","recovered"
"4342","MERCH047","CUST0157","CARD","AXIS","PROCESSING_ERROR","PAYMENT_PROCESSING","6599","2026-08-11 23:24:46","1","False","0.5","not_recovered"
"4343","MERCH012","CUST0295","UPI","AXIS","CARD_BLOCKED","CARD_AUTHORIZATION","1654","2026-08-06 09:18:23","1","False","0.0","not_recovered"
"4344","MERCH045","CUST0739","CARD","HDFC","BANK_TIMEOUT","BANK_RESPONSE","8501","2026-08-31 16:20:56","0","False","0.5","unknown"
"4345","MERCH048","CUST0764","UPI","AXIS","PROCESSING_ERROR","PAYMENT_PROCESSING","3399","2026-08-06 07:43:38","1","True","0.53","not_recovered"
"4346","MERCH008","CUST0472","CARD","HDFC","CUSTOMER_ACTION_REQUIRED","CUSTOMER_AUTHENTICATION","2533","2026-08-09 18:38:07","0","False","0.4","recovered"
"4347","MERCH025","CUST0498","CARD","HDFC","INSUFFICIENT_FUNDS","BANK_AUTHORIZATION","3609","2026-08-27 04:47:56","2","False","0.35","not_recovered"
"4348","MERCH008","CUST0435","UPI","AXIS","BANK_TIMEOUT","BANK_RESPONSE","4379","2026-08-06 11:06:17","0","False","0.5","recovered"
"4349","MERCH046","CUST0507","UPI","HDFC","INSUFFICIENT_FUNDS","BANK_AUTHORIZATION","8159","2026-08-13 06:54:32","1","False","0.4","recovered"
"4350","MERCH007","CUST0693","CARD","HDFC","INSUFFICIENT_FUNDS","BANK_AUTHORIZATION","4239","2026-08-10 23:41:55","0","False","0.45","not_recovered"
"4351","MERCH017","CUST0115","CARD","AXIS","INSUFFICIENT_FUNDS","BANK_AUTHORIZATION","4810","2026-08-08 23:09:33","0","False","0.45","not_recovered"
"4352","MERCH037","CUST0140","CARD","HDFC","CARD_BLOCKED","CARD_AUTHORIZATION","135","2026-08-29 21:32:53","0","False","0.05","not_recovered"
"4353","MERCH036","CUST0504","CARD","HDFC","PROCESSING_ERROR","PAYMENT_PROCESSING","3084","2026-08-25 17:13:03","0","False","0.55","recovered"
"4354","MERCH015","CUST0534","UPI","AXIS","CARD_BLOCKED","CARD_AUTHORIZATION","1270","2026-08-08 04:44:03","1","True","0.03","not_recovered"
"4355","MERCH007","CUST0676","UPI","HDFC","BANK_TIMEOUT","BANK_RESPONSE","931","2026-08-07 04:33:10","0","False","0.5","recovered"
"4356","MERCH049","CUST0693","UPI","HDFC","CUSTOMER_ACTION_REQUIRED","CUSTOMER_AUTHENTICATION","6735","2026-08-29 23:59:17","0","False","0.4","not_recovered"
"4357","MERCH019","CUST0729","UPI","HDFC","INSUFFICIENT_FUNDS","BANK_AUTHORIZATION","2166","2026-08-10 19:17:58","0","True","0.48","recovered"
"4358","MERCH031","CUST0805","UPI","ICICI","CUSTOMER_ACTION_REQUIRED","CUSTOMER_AUTHENTICATION","7874","2026-08-04 21:00:47","3","False","0.25","not_recovered"
"4359","MERCH020","CUST0213","UPI","HDFC","PROCESSING_ERROR","PAYMENT_PROCESSING","8730","2026-08-19 03:34:32","1","False","0.5","not_recovered"
"4360","MERCH031","CUST0633","UPI","SBI","INSUFFICIENT_FUNDS","BANK_AUTHORIZATION","1928","2026-08-22 14:17:17","2","False","0.35","recovered"
"4361","MERCH025","CUST0666","UPI","SBI","BANK_TIMEOUT","BANK_RESPONSE","9865","2026-08-12 03:39:57","0","False","0.5","not_recovered"
"4362","MERCH005","CUST0948","CARD","ICICI","INSUFFICIENT_FUNDS","BANK_AUTHORIZATION","9906","2026-08-28 10:20:49","1","False","0.4","recovered"
"4363","MERCH001","CUST0203","CARD","ICICI","CARD_BLOCKED","CARD_AUTHORIZATION","7270","2026-08-13 05:29:43","0","True","0.08","not_recovered"
"4364","MERCH029","CUST0063","CARD","ICICI","PROCESSING_ERROR","PAYMENT_PROCESSING","5116","2026-08-19 18:42:24","0","True","0.58","not_recovered"
"4365","MERCH001","CUST0016","CARD","HDFC","CUSTOMER_ACTION_REQUIRED","CUSTOMER_AUTHENTICATION","5374","2026-08-26 15:31:11","0","False","0.4","not_recovered"
"4366","MERCH036","CUST0741","UPI","SBI","BANK_TIMEOUT","BANK_RESPONSE","549","2026-08-28 23:05:41","2","False","0.4","not_recovered"
"4367","MERCH034","CUST0330","UPI","HDFC","BANK_TIMEOUT","BANK_RESPONSE","8864","2026-08-15 14:36:39","0","False","0.5","not_recovered"
"4368","MERCH011","CUST0985","CARD","AXIS","BANK_TIMEOUT","BANK_RESPONSE","3691","2026-08-24 13:10:40","0","False","0.5","not_recovered"
"4369","MERCH007","CUST0329","UPI","HDFC","BANK_TIMEOUT","BANK_RESPONSE","7411","2026-08-02 18:48:03","0","False","0.5","not_recovered"
"4370","MERCH004","CUST0661","CARD","HDFC","BANK_TIMEOUT","BANK_RESPONSE","3916","2026-08-06 09:34:08","0","False","0.5","recovered"
"4371","MERCH028","CUST0714","UPI","SBI","CARD_BLOCKED","CARD_AUTHORIZATION","9771","2026-08-18 03:15:41","0","False","0.05","not_recovered"
"4372","MERCH032","CUST0211","UPI","HDFC","INSUFFICIENT_FUNDS","BANK_AUTHORIZATION","1035","2026-08-13 04:23:44","0","False","0.45","not_recovered"
"4373","MERCH001","CUST0793","UPI","AXIS","PROCESSING_ERROR","PAYMENT_PROCESSING","3560","2026-08-03 08:01:06","0","False","0.55","not_recovered"
"4374","MERCH004","CUST0918","UPI","ICICI","CARD_BLOCKED","CARD_AUTHORIZATION","6179","2026-08-27 02:46:04","0","False","0.05","not_recovered"
"4375","MERCH026","CUST0187","CARD","AXIS","CARD_BLOCKED","CARD_AUTHORIZATION","4991","2026-08-08 03:56:27","0","False","0.05","not_recovered"
"4376","MERCH016","CUST0151","CARD","ICICI","INSUFFICIENT_FUNDS","BANK_AUTHORIZATION","7056","2026-08-17 22:42:04","2","False","0.35","not_recovered"
"4377","MERCH022","CUST0734","UPI","AXIS","CUSTOMER_ACTION_REQUIRED","CUSTOMER_AUTHENTICATION","7327","2026-08-07 19:23:56","0","False","0.4","not_recovered"
"4378","MERCH048","CUST0746","UPI","ICICI","PROCESSING_ERROR","PAYMENT_PROCESSING","471","2026-08-13 08:48:35","0","False","0.55","recovered"
"4379","MERCH035","CUST0102","CARD","ICICI","INSUFFICIENT_FUNDS","BANK_AUTHORIZATION","7234","2026-08-17 20:33:55","3","False","0.3","not_recovered"
"4380","MERCH045","CUST0737","UPI","AXIS","INSUFFICIENT_FUNDS","BANK_AUTHORIZATION","3138","2026-08-03 15:09:56","3","False","0.3","not_recovered"
"4381","MERCH041","CUST0371","UPI","ICICI","CARD_BLOCKED","CARD_AUTHORIZATION","5438","2026-08-22 09:08:03","0","False","0.05","recovered"
"4382","MERCH012","CUST0050","UPI","AXIS","BANK_TIMEOUT","BANK_RESPONSE","5276","2026-08-31 04:42:11","1","False","0.45","unknown"
"4383","MERCH003","CUST0947","UPI","SBI","INSUFFICIENT_FUNDS","BANK_AUTHORIZATION","4318","2026-08-05 19:23:14","0","True","0.48","not_recovered"
"4384","MERCH035","CUST0054","CARD","AXIS","INSUFFICIENT_FUNDS","BANK_AUTHORIZATION","1282","2026-08-14 08:54:48","1","False","0.4","not_recovered"
"4385","MERCH020","CUST0532","CARD","SBI","CARD_BLOCKED","CARD_AUTHORIZATION","322","2026-08-03 22:50:12","2","True","0.0","not_recovered"
"4386","MERCH027","CUST0261","CARD","ICICI","BANK_TIMEOUT","BANK_RESPONSE","6408","2026-08-27 15:39:26","1","False","0.45","not_recovered"
"4387","MERCH029","CUST0360","UPI","ICICI","PROCESSING_ERROR","PAYMENT_PROCESSING","4721","2026-08-28 18:39:24","1","True","0.53","recovered"
"4388","MERCH028","CUST0138","CARD","AXIS","PROCESSING_ERROR","PAYMENT_PROCESSING","1462","2026-08-11 08:10:51","0","False","0.55","not_recovered"
"4389","MERCH048","CUST0082","UPI","SBI","INSUFFICIENT_FUNDS","BANK_AUTHORIZATION","1849","2026-08-20 15:27:31","0","False","0.45","recovered"
"4390","MERCH036","CUST0692","UPI","ICICI","PROCESSING_ERROR","PAYMENT_PROCESSING","9957","2026-08-03 02:12:33","0","True","0.58","not_recovered"
"4391","MERCH029","CUST0889","UPI","AXIS","INSUFFICIENT_FUNDS","BANK_AUTHORIZATION","7191","2026-08-15 07:50:31","0","False","0.45","not_recovered"
"4392","MERCH047","CUST0678","CARD","HDFC","CUSTOMER_ACTION_REQUIRED","CUSTOMER_AUTHENTICATION","1763","2026-08-03 22:27:04","1","False","0.35","not_recovered"
"4393","MERCH011","CUST0718","UPI","SBI","PROCESSING_ERROR","PAYMENT_PROCESSING","6686","2026-08-24 21:41:54","0","False","0.55","not_recovered"
"4394","MERCH007","CUST0424","CARD","ICICI","INSUFFICIENT_FUNDS","BANK_AUTHORIZATION","9827","2026-08-22 08:39:36","0","False","0.45","not_recovered"
"4395","MERCH039","CUST0925","UPI","ICICI","BANK_TIMEOUT","BANK_RESPONSE","1476","2026-08-28 07:45:29","0","False","0.5","not_recovered"
"4396","MERCH006","CUST0877","UPI","AXIS","BANK_TIMEOUT","BANK_RESPONSE","4554","2026-08-15 13:06:42","1","False","0.45","not_recovered"
"4397","MERCH046","CUST0161","CARD","ICICI","CARD_BLOCKED","CARD_AUTHORIZATION","1612","2026-08-14 22:05:33","2","False","0.0","not_recovered"
"4398","MERCH037","CUST0314","UPI","SBI","PROCESSING_ERROR","PAYMENT_PROCESSING","5171","2026-08-20 15:57:43","0","False","0.55","recovered"
"4399","MERCH026","CUST0241","UPI","ICICI","PROCESSING_ERROR","PAYMENT_PROCESSING","8343","2026-08-25 23:56:16","1","False","0.5","recovered"
"4400","MERCH016","CUST0490","CARD","AXIS","PROCESSING_ERROR","PAYMENT_PROCESSING","4272","2026-08-29 18:37:31","0","False","0.55","recovered"
"4401","MERCH021","CUST0255","CARD","HDFC","PROCESSING_ERROR","PAYMENT_PROCESSING","9322","2026-08-06 20:03:38","2","False","0.45","recovered"
"4402","MERCH035","CUST0586","CARD","ICICI","PROCESSING_ERROR","PAYMENT_PROCESSING","7599","2026-08-22 23:56:04","0","False","0.55","not_recovered"
"4403","MERCH045","CUST0626","UPI","SBI","BANK_TIMEOUT","BANK_RESPONSE","6076","2026-08-09 22:42:11","0","False","0.5","recovered"
"4404","MERCH043","CUST0665","UPI","SBI","PROCESSING_ERROR","PAYMENT_PROCESSING","9592","2026-08-26 02:08:06","2","False","0.45","not_recovered"
"4405","MERCH023","CUST0431","CARD","ICICI","PROCESSING_ERROR","PAYMENT_PROCESSING","528","2026-08-20 04:38:10","2","False","0.45","not_recovered"
"4406","MERCH047","CUST0606","CARD","AXIS","INSUFFICIENT_FUNDS","BANK_AUTHORIZATION","5064","2026-08-15 11:16:44","1","False","0.4","not_recovered"
"4407","MERCH008","CUST0279","UPI","ICICI","CUSTOMER_ACTION_REQUIRED","CUSTOMER_AUTHENTICATION","7768","2026-08-04 16:33:05","0","False","0.4","not_recovered"
"4408","MERCH002","CUST0714","UPI","ICICI","PROCESSING_ERROR","PAYMENT_PROCESSING","4721","2026-08-14 10:19:00","1","True","0.53","not_recovered"
"4409","MERCH040","CUST0709","CARD","AXIS","CUSTOMER_ACTION_REQUIRED","CUSTOMER_AUTHENTICATION","2265","2026-08-19 23:19:00","0","False","0.4","not_recovered"
"4410","MERCH018","CUST0957","CARD","ICICI","INSUFFICIENT_FUNDS","BANK_AUTHORIZATION","5618","2026-08-24 23:33:00","0","False","0.45","not_recovered"
"4411","MERCH027","CUST0216","UPI","ICICI","BANK_TIMEOUT","BANK_RESPONSE","3110","2026-08-02 03:45:22","1","False","0.45","recovered"
"4412","MERCH037","CUST0921","CARD","HDFC","BANK_TIMEOUT","BANK_RESPONSE","7461","2026-08-09 19:03:09","0","False","0.5","recovered"
"4413","MERCH041","CUST0724","UPI","AXIS","PROCESSING_ERROR","PAYMENT_PROCESSING","5457","2026-08-26 15:17:30","2","False","0.45","not_recovered"
"4414","MERCH036","CUST0596","CARD","HDFC","BANK_TIMEOUT","BANK_RESPONSE","7085","2026-08-21 13:37:32","0","False","0.5","recovered"
"4415","MERCH040","CUST0554","UPI","HDFC","BANK_TIMEOUT","BANK_RESPONSE","7229","2026-08-16 20:47:10","0","True","0.53","not_recovered"
"4416","MERCH039","CUST0986","CARD","HDFC","BANK_TIMEOUT","BANK_RESPONSE","856","2026-08-04 17:58:55","3","False","0.35","not_recovered"
"4417","MERCH007","CUST0443","CARD","HDFC","PROCESSING_ERROR","PAYMENT_PROCESSING","7751","2026-08-27 12:15:19","0","False","0.55","recovered"
"4418","MERCH019","CUST0578","UPI","SBI","PROCESSING_ERROR","PAYMENT_PROCESSING","7117","2026-08-30 06:00:41","0","False","0.55","unknown"
"4419","MERCH044","CUST0483","UPI","ICICI","BANK_TIMEOUT","BANK_RESPONSE","5740","2026-08-03 18:01:49","0","False","0.5","recovered"
"4420","MERCH040","CUST0488","UPI","AXIS","BANK_TIMEOUT","BANK_RESPONSE","2425","2026-08-12 02:31:25","0","False","0.5","recovered"
"4421","MERCH005","CUST0202","UPI","ICICI","CUSTOMER_ACTION_REQUIRED","CUSTOMER_AUTHENTICATION","9594","2026-08-02 21:25:02","0","False","0.4","not_recovered"
"4422","MERCH015","CUST0183","CARD","HDFC","BANK_TIMEOUT","BANK_RESPONSE","4666","2026-08-15 15:51:45","0","True","0.53","not_recovered"
"4423","MERCH044","CUST0592","CARD","SBI","INSUFFICIENT_FUNDS","BANK_AUTHORIZATION","2959","2026-08-29 18:51:04","2","False","0.35","recovered"
"4424","MERCH016","CUST0070","UPI","HDFC","PROCESSING_ERROR","PAYMENT_PROCESSING","9923","2026-08-06 14:01:16","0","False","0.55","not_recovered"
"4425","MERCH007","CUST0085","UPI","SBI","CUSTOMER_ACTION_REQUIRED","CUSTOMER_AUTHENTICATION","3876","2026-08-29 07:48:20","2","False","0.3","recovered"
"4426","MERCH024","CUST0618","CARD","AXIS","BANK_TIMEOUT","BANK_RESPONSE","9597","2026-08-14 07:42:27","0","False","0.5","not_recovered"
"4427","MERCH013","CUST0572","UPI","AXIS","PROCESSING_ERROR","PAYMENT_PROCESSING","4802","2026-08-09 17:16:08","0","False","0.55","recovered"
"4428","MERCH047","CUST0491","UPI","ICICI","BANK_TIMEOUT","BANK_RESPONSE","5416","2026-08-04 14:34:39","1","True","0.48","not_recovered"
"4429","MERCH012","CUST0896","CARD","AXIS","BANK_TIMEOUT","BANK_RESPONSE","1399","2026-08-24 00:53:18","1","False","0.45","recovered"
"4430","MERCH023","CUST0048","CARD","ICICI","INSUFFICIENT_FUNDS","BANK_AUTHORIZATION","7055","2026-08-23 12:43:53","1","True","0.43","not_recovered"
"4431","MERCH042","CUST0649","CARD","HDFC","BANK_TIMEOUT","BANK_RESPONSE","2452","2026-08-21 03:42:47","3","False","0.35","not_recovered"
"4432","MERCH032","CUST0604","UPI","ICICI","CUSTOMER_ACTION_REQUIRED","CUSTOMER_AUTHENTICATION","1398","2026-08-10 07:46:23","2","False","0.3","not_recovered"
"4433","MERCH033","CUST0500","CARD","ICICI","PROCESSING_ERROR","PAYMENT_PROCESSING","8920","2026-08-20 14:52:04","2","True","0.48","recovered"
"4434","MERCH029","CUST0389","UPI","AXIS","CUSTOMER_ACTION_REQUIRED","CUSTOMER_AUTHENTICATION","6340","2026-08-17 05:14:57","0","False","0.4","recovered"
"4435","MERCH021","CUST0498","UPI","SBI","BANK_TIMEOUT","BANK_RESPONSE","922","2026-08-08 19:57:25","0","True","0.53","recovered"
"4436","MERCH001","CUST0472","UPI","SBI","INSUFFICIENT_FUNDS","BANK_AUTHORIZATION","4684","2026-08-14 02:30:58","1","False","0.4","recovered"
"4437","MERCH012","CUST0433","CARD","AXIS","PROCESSING_ERROR","PAYMENT_PROCESSING","1733","2026-08-16 03:09:45","1","False","0.5","recovered"
"4438","MERCH002","CUST0081","UPI","ICICI","INSUFFICIENT_FUNDS","BANK_AUTHORIZATION","1133","2026-08-05 20:34:39","0","True","0.48","recovered"
"4439","MERCH020","CUST0379","CARD","AXIS","CUSTOMER_ACTION_REQUIRED","CUSTOMER_AUTHENTICATION","1601","2026-08-12 15:02:09","0","False","0.4","not_recovered"
"4440","MERCH046","CUST0068","CARD","ICICI","PROCESSING_ERROR","PAYMENT_PROCESSING","1611","2026-08-23 21:27:59","0","False","0.55","not_recovered"
"4441","MERCH015","CUST0007","UPI","SBI","BANK_TIMEOUT","BANK_RESPONSE","7395","2026-08-12 08:17:28","0","False","0.5","not_recovered"
"4442","MERCH041","CUST0675","UPI","SBI","CUSTOMER_ACTION_REQUIRED","CUSTOMER_AUTHENTICATION","193","2026-08-06 17:50:11","1","False","0.35","not_recovered"
"4443","MERCH027","CUST0161","UPI","HDFC","CUSTOMER_ACTION_REQUIRED","CUSTOMER_AUTHENTICATION","2709","2026-08-14 16:10:36","0","True","0.43","recovered"
"4444","MERCH034","CUST0391","CARD","ICICI","CUSTOMER_ACTION_REQUIRED","CUSTOMER_AUTHENTICATION","9824","2026-08-22 16:44:27","2","True","0.33","not_recovered"
"4445","MERCH021","CUST0876","UPI","ICICI","INSUFFICIENT_FUNDS","BANK_AUTHORIZATION","8988","2026-08-04 00:15:53","2","False","0.35","recovered"
"4446","MERCH036","CUST0729","UPI","SBI","CARD_BLOCKED","CARD_AUTHORIZATION","5653","2026-08-04 13:16:25","0","False","0.05","not_recovered"
"4447","MERCH005","CUST0725","UPI","ICICI","BANK_TIMEOUT","BANK_RESPONSE","6759","2026-08-04 19:42:45","2","True","0.43","recovered"
"4448","MERCH050","CUST0196","CARD","AXIS","CARD_BLOCKED","CARD_AUTHORIZATION","7260","2026-08-22 06:00:08","0","False","0.05","not_recovered"
"4449","MERCH022","CUST0386","UPI","ICICI","PROCESSING_ERROR","PAYMENT_PROCESSING","234","2026-08-15 06:29:35","0","False","0.55","not_recovered"
"4450","MERCH049","CUST0059","CARD","ICICI","BANK_TIMEOUT","BANK_RESPONSE","8295","2026-08-22 03:32:46","1","False","0.45","not_recovered"
"4451","MERCH022","CUST0874","CARD","SBI","BANK_TIMEOUT","BANK_RESPONSE","2710","2026-08-26 04:57:39","1","True","0.48","recovered"
"4452","MERCH036","CUST0572","UPI","AXIS","INSUFFICIENT_FUNDS","BANK_AUTHORIZATION","9215","2026-08-03 00:32:17","3","False","0.3","not_recovered"
"4453","MERCH022","CUST0363","CARD","SBI","PROCESSING_ERROR","PAYMENT_PROCESSING","6678","2026-08-25 21:06:37","1","False","0.5","not_recovered"
"4454","MERCH003","CUST0269","CARD","ICICI","INSUFFICIENT_FUNDS","BANK_AUTHORIZATION","4998","2026-08-15 13:03:01","1","False","0.4","not_recovered"
"4455","MERCH050","CUST0149","CARD","AXIS","BANK_TIMEOUT","BANK_RESPONSE","407","2026-08-27 17:32:07","0","False","0.5","not_recovered"
"4456","MERCH005","CUST0337","UPI","HDFC","PROCESSING_ERROR","PAYMENT_PROCESSING","8485","2026-08-22 03:34:09","3","False","0.4","not_recovered"
"4457","MERCH017","CUST0899","CARD","SBI","INSUFFICIENT_FUNDS","BANK_AUTHORIZATION","4274","2026-08-05 01:07:49","0","False","0.45","not_recovered"
"4458","MERCH019","CUST0154","UPI","AXIS","CARD_BLOCKED","CARD_AUTHORIZATION","8930","2026-08-05 19:34:16","0","True","0.08","not_recovered"
"4459","MERCH005","CUST0924","CARD","HDFC","PROCESSING_ERROR","PAYMENT_PROCESSING","9549","2026-08-24 22:23:41","0","False","0.55","not_recovered"
"4460","MERCH042","CUST0806","CARD","AXIS","PROCESSING_ERROR","PAYMENT_PROCESSING","1816","2026-08-04 07:11:30","0","True","0.58","recovered"
"4461","MERCH006","CUST0331","UPI","SBI","BANK_TIMEOUT","BANK_RESPONSE","7184","2026-08-02 16:11:51","0","False","0.5","recovered"
"4462","MERCH049","CUST0985","UPI","SBI","INSUFFICIENT_FUNDS","BANK_AUTHORIZATION","7452","2026-08-24 23:22:43","1","True","0.43","recovered"
"4463","MERCH024","CUST0372","CARD","AXIS","INSUFFICIENT_FUNDS","BANK_AUTHORIZATION","7110","2026-08-25 10:57:37","0","True","0.48","recovered"
"4464","MERCH009","CUST0705","UPI","HDFC","BANK_TIMEOUT","BANK_RESPONSE","2997","2026-08-28 20:33:50","1","False","0.45","not_recovered"
"4465","MERCH017","CUST0211","UPI","HDFC","INSUFFICIENT_FUNDS","BANK_AUTHORIZATION","2695","2026-08-23 23:10:18","3","False","0.3","not_recovered"
"4466","MERCH035","CUST0228","UPI","AXIS","CARD_BLOCKED","CARD_AUTHORIZATION","7699","2026-08-15 14:40:33","1","True","0.03","not_recovered"
"4467","MERCH037","CUST0105","UPI","SBI","INSUFFICIENT_FUNDS","BANK_AUTHORIZATION","9668","2026-08-14 23:46:57","2","False","0.35","not_recovered"
"4468","MERCH050","CUST0401","UPI","SBI","INSUFFICIENT_FUNDS","BANK_AUTHORIZATION","2806","2026-08-18 14:44:27","1","False","0.4","recovered"
"4469","MERCH014","CUST0425","UPI","SBI","CUSTOMER_ACTION_REQUIRED","CUSTOMER_AUTHENTICATION","8942","2026-08-03 20:37:29","0","False","0.4","not_recovered"
"4470","MERCH005","CUST0871","CARD","HDFC","BANK_TIMEOUT","BANK_RESPONSE","6624","2026-08-13 16:44:10","0","False","0.5","recovered"
"4471","MERCH022","CUST0634","CARD","SBI","INSUFFICIENT_FUNDS","BANK_AUTHORIZATION","6513","2026-08-23 06:26:12","2","False","0.35","not_recovered"
"4472","MERCH027","CUST0156","CARD","ICICI","PROCESSING_ERROR","PAYMENT_PROCESSING","6597","2026-08-11 08:42:03","0","False","0.55","recovered"
"4473","MERCH024","CUST0250","CARD","AXIS","INSUFFICIENT_FUNDS","BANK_AUTHORIZATION","2464","2026-08-04 22:37:10","1","True","0.43","not_recovered"
"4474","MERCH024","CUST0048","UPI","AXIS","BANK_TIMEOUT","BANK_RESPONSE","400","2026-08-31 17:39:05","0","False","0.5","unknown"
"4475","MERCH030","CUST0840","UPI","AXIS","CUSTOMER_ACTION_REQUIRED","CUSTOMER_AUTHENTICATION","8878","2026-08-11 17:07:16","1","False","0.35","recovered"
"4476","MERCH004","CUST0053","UPI","AXIS","PROCESSING_ERROR","PAYMENT_PROCESSING","8945","2026-08-16 05:13:18","0","False","0.55","not_recovered"
"4477","MERCH016","CUST0873","UPI","SBI","BANK_TIMEOUT","BANK_RESPONSE","4632","2026-08-22 21:40:47","0","False","0.5","recovered"
"4478","MERCH042","CUST0732","CARD","SBI","BANK_TIMEOUT","BANK_RESPONSE","8234","2026-08-03 20:26:58","0","False","0.5","not_recovered"
"4479","MERCH016","CUST0482","CARD","SBI","INSUFFICIENT_FUNDS","BANK_AUTHORIZATION","7759","2026-08-31 15:24:06","3","False","0.3","unknown"
"4480","MERCH021","CUST0766","UPI","SBI","INSUFFICIENT_FUNDS","BANK_AUTHORIZATION","341","2026-08-08 03:22:10","0","False","0.45","recovered"
"4481","MERCH030","CUST0436","CARD","ICICI","INSUFFICIENT_FUNDS","BANK_AUTHORIZATION","3181","2026-08-02 05:06:23","1","False","0.4","recovered"
"4482","MERCH041","CUST0815","UPI","SBI","CUSTOMER_ACTION_REQUIRED","CUSTOMER_AUTHENTICATION","9036","2026-08-17 21:52:56","2","False","0.3","not_recovered"
"4483","MERCH035","CUST0521","UPI","ICICI","INSUFFICIENT_FUNDS","BANK_AUTHORIZATION","5137","2026-08-03 04:23:00","0","False","0.45","not_recovered"
"4484","MERCH001","CUST0456","UPI","ICICI","INSUFFICIENT_FUNDS","BANK_AUTHORIZATION","3111","2026-08-02 15:19:05","0","True","0.48","not_recovered"
"4485","MERCH005","CUST0328","CARD","SBI","INSUFFICIENT_FUNDS","BANK_AUTHORIZATION","5498","2026-08-09 14:55:10","0","True","0.48","not_recovered"
"4486","MERCH036","CUST0523","CARD","ICICI","INSUFFICIENT_FUNDS","BANK_AUTHORIZATION","6021","2026-08-07 22:14:20","0","False","0.45","not_recovered"
"4487","MERCH008","CUST0899","CARD","SBI","PROCESSING_ERROR","PAYMENT_PROCESSING","5979","2026-08-06 11:52:22","2","True","0.48","recovered"
"4488","MERCH046","CUST0959","UPI","AXIS","INSUFFICIENT_FUNDS","BANK_AUTHORIZATION","783","2026-08-15 08:13:17","1","False","0.4","recovered"
"4489","MERCH038","CUST0619","UPI","HDFC","CUSTOMER_ACTION_REQUIRED","CUSTOMER_AUTHENTICATION","2623","2026-08-24 22:52:38","0","False","0.4","not_recovered"
"4490","MERCH025","CUST0576","CARD","AXIS","INSUFFICIENT_FUNDS","BANK_AUTHORIZATION","7726","2026-08-31 16:44:33","0","False","0.45","unknown"
"4491","MERCH010","CUST0691","CARD","HDFC","CUSTOMER_ACTION_REQUIRED","CUSTOMER_AUTHENTICATION","9975","2026-08-04 08:25:59","0","True","0.43","recovered"
"4492","MERCH027","CUST0831","UPI","AXIS","INSUFFICIENT_FUNDS","BANK_AUTHORIZATION","5042","2026-08-07 23:25:11","0","False","0.45","not_recovered"
"4493","MERCH040","CUST0089","UPI","ICICI","PROCESSING_ERROR","PAYMENT_PROCESSING","1238","2026-08-29 13:10:34","0","False","0.55","not_recovered"
"4494","MERCH013","CUST0442","CARD","HDFC","CARD_BLOCKED","CARD_AUTHORIZATION","5833","2026-08-11 11:08:36","0","False","0.05","not_recovered"
"4495","MERCH021","CUST0710","CARD","ICICI","CARD_BLOCKED","CARD_AUTHORIZATION","9142","2026-08-07 16:42:42","0","False","0.05","not_recovered"
"4496","MERCH007","CUST0939","CARD","AXIS","BANK_TIMEOUT","BANK_RESPONSE","1866","2026-08-27 22:16:58","0","False","0.5","recovered"
"4497","MERCH027","CUST0800","UPI","HDFC","CARD_BLOCKED","CARD_AUTHORIZATION","859","2026-08-08 05:58:43","0","False","0.05","not_recovered"
"4498","MERCH014","CUST0247","UPI","HDFC","INSUFFICIENT_FUNDS","BANK_AUTHORIZATION","9438","2026-08-20 18:24:15","0","True","0.48","recovered"
"4499","MERCH047","CUST0731","UPI","AXIS","INSUFFICIENT_FUNDS","BANK_AUTHORIZATION","194","2026-08-03 04:15:15","1","False","0.4","not_recovered"
"4500","MERCH028","CUST0952","CARD","AXIS","PROCESSING_ERROR","PAYMENT_PROCESSING","7756","2026-08-03 22:43:30","2","False","0.45","recovered"
"4501","MERCH048","CUST0165","CARD","ICICI","PROCESSING_ERROR","PAYMENT_PROCESSING","8394","2026-08-31 10:00:43","0","False","0.55","unknown"
"4502","MERCH027","CUST0516","UPI","ICICI","INSUFFICIENT_FUNDS","BANK_AUTHORIZATION","8054","2026-08-11 09:28:52","0","False","0.45","not_recovered"
"4503","MERCH010","CUST0207","UPI","SBI","PROCESSING_ERROR","PAYMENT_PROCESSING","584","2026-08-06 12:46:52","1","False","0.5","not_recovered"
"4504","MERCH019","CUST0476","CARD","SBI","BANK_TIMEOUT","BANK_RESPONSE","7746","2026-08-19 13:41:14","0","False","0.5","recovered"
"4505","MERCH007","CUST0004","CARD","HDFC","PROCESSING_ERROR","PAYMENT_PROCESSING","8740","2026-08-10 10:34:10","0","False","0.55","not_recovered"
"4506","MERCH035","CUST0971","CARD","SBI","INSUFFICIENT_FUNDS","BANK_AUTHORIZATION","6636","2026-08-26 11:26:02","1","False","0.4","not_recovered"
"4507","MERCH011","CUST0499","UPI","ICICI","BANK_TIMEOUT","BANK_RESPONSE","2777","2026-08-19 22:28:53","0","False","0.5","recovered"
"4508","MERCH033","CUST0952","UPI","AXIS","PROCESSING_ERROR","PAYMENT_PROCESSING","1330","2026-08-23 19:48:23","1","True","0.53","recovered"
"4509","MERCH043","CUST0626","CARD","AXIS","INSUFFICIENT_FUNDS","BANK_AUTHORIZATION","2120","2026-08-04 00:06:12","1","False","0.4","recovered"
"4510","MERCH047","CUST0005","CARD","ICICI","INSUFFICIENT_FUNDS","BANK_AUTHORIZATION","8795","2026-08-24 03:20:28","1","True","0.43","not_recovered"
"4511","MERCH018","CUST0919","UPI","HDFC","INSUFFICIENT_FUNDS","BANK_AUTHORIZATION","5315","2026-08-28 04:11:50","0","False","0.45","not_recovered"
"4512","MERCH041","CUST0139","CARD","SBI","INSUFFICIENT_FUNDS","BANK_AUTHORIZATION","3647","2026-08-05 09:50:25","1","False","0.4","recovered"
"4513","MERCH046","CUST0433","CARD","ICICI","INSUFFICIENT_FUNDS","BANK_AUTHORIZATION","9569","2026-08-25 03:12:12","1","False","0.4","not_recovered"
"4514","MERCH034","CUST0511","UPI","HDFC","PROCESSING_ERROR","PAYMENT_PROCESSING","2934","2026-08-18 05:38:13","1","False","0.5","recovered"
"4515","MERCH009","CUST0429","CARD","SBI","INSUFFICIENT_FUNDS","BANK_AUTHORIZATION","1415","2026-08-18 04:42:41","1","False","0.4","not_recovered"
"4516","MERCH041","CUST0101","UPI","AXIS","INSUFFICIENT_FUNDS","BANK_AUTHORIZATION","1375","2026-08-15 18:32:26","2","False","0.35","recovered"
"4517","MERCH031","CUST0685","CARD","AXIS","CARD_BLOCKED","CARD_AUTHORIZATION","4525","2026-08-25 07:47:33","1","False","0.0","not_recovered"
"4518","MERCH016","CUST0202","UPI","AXIS","CARD_BLOCKED","CARD_AUTHORIZATION","2705","2026-08-23 19:48:07","0","False","0.05","not_recovered"
"4519","MERCH040","CUST0490","CARD","AXIS","INSUFFICIENT_FUNDS","BANK_AUTHORIZATION","8748","2026-08-16 23:54:13","2","False","0.35","not_recovered"
"4520","MERCH018","CUST0733","CARD","ICICI","CUSTOMER_ACTION_REQUIRED","CUSTOMER_AUTHENTICATION","1983","2026-08-18 02:52:11","0","False","0.4","not_recovered"
"4521","MERCH009","CUST0120","CARD","ICICI","CUSTOMER_ACTION_REQUIRED","CUSTOMER_AUTHENTICATION","5718","2026-08-08 01:53:10","0","False","0.4","not_recovered"
"4522","MERCH010","CUST0270","CARD","AXIS","PROCESSING_ERROR","PAYMENT_PROCESSING","2959","2026-08-31 14:51:20","0","False","0.55","unknown"
"4523","MERCH030","CUST0166","UPI","AXIS","PROCESSING_ERROR","PAYMENT_PROCESSING","4545","2026-08-04 02:52:51","0","True","0.58","recovered"
"4524","MERCH050","CUST0267","UPI","HDFC","PROCESSING_ERROR","PAYMENT_PROCESSING","7280","2026-08-13 07:54:41","1","False","0.5","not_recovered"
"4525","MERCH016","CUST0631","UPI","HDFC","CUSTOMER_ACTION_REQUIRED","CUSTOMER_AUTHENTICATION","8697","2026-08-20 22:42:20","0","False","0.4","not_recovered"
"4526","MERCH028","CUST0665","CARD","HDFC","PROCESSING_ERROR","PAYMENT_PROCESSING","7157","2026-08-06 05:13:06","0","False","0.55","recovered"
"4527","MERCH018","CUST0657","UPI","ICICI","INSUFFICIENT_FUNDS","BANK_AUTHORIZATION","1397","2026-08-16 19:49:27","2","False","0.35","not_recovered"
"4528","MERCH031","CUST0238","CARD","SBI","BANK_TIMEOUT","BANK_RESPONSE","615","2026-08-04 12:55:07","1","True","0.48","recovered"
"4529","MERCH019","CUST0876","CARD","SBI","PROCESSING_ERROR","PAYMENT_PROCESSING","7209","2026-08-05 15:55:40","0","False","0.55","not_recovered"
"4530","MERCH006","CUST0007","UPI","SBI","PROCESSING_ERROR","PAYMENT_PROCESSING","5926","2026-08-30 18:45:10","2","False","0.45","unknown"
"4531","MERCH020","CUST0958","UPI","SBI","INSUFFICIENT_FUNDS","BANK_AUTHORIZATION","7875","2026-08-27 04:35:39","2","False","0.35","recovered"
"4532","MERCH048","CUST0891","CARD","ICICI","CUSTOMER_ACTION_REQUIRED","CUSTOMER_AUTHENTICATION","2660","2026-08-02 04:56:58","2","False","0.3","not_recovered"
"4533","MERCH009","CUST0349","CARD","HDFC","INSUFFICIENT_FUNDS","BANK_AUTHORIZATION","3348","2026-08-09 15:54:13","0","False","0.45","recovered"
"4534","MERCH050","CUST0923","CARD","SBI","INSUFFICIENT_FUNDS","BANK_AUTHORIZATION","7430","2026-08-04 20:52:38","1","False","0.4","not_recovered"
"4535","MERCH005","CUST0886","UPI","AXIS","INSUFFICIENT_FUNDS","BANK_AUTHORIZATION","4242","2026-08-02 01:04:58","1","False","0.4","not_recovered"
"4536","MERCH027","CUST0277","UPI","HDFC","CARD_BLOCKED","CARD_AUTHORIZATION","6989","2026-08-14 11:42:02","0","False","0.05","not_recovered"
"4537","MERCH049","CUST0688","CARD","ICICI","INSUFFICIENT_FUNDS","BANK_AUTHORIZATION","7162","2026-08-19 06:55:26","0","False","0.45","recovered"
"4538","MERCH032","CUST0911","CARD","ICICI","INSUFFICIENT_FUNDS","BANK_AUTHORIZATION","6837","2026-08-02 17:19:45","0","False","0.45","not_recovered"
"4539","MERCH023","CUST0197","CARD","ICICI","PROCESSING_ERROR","PAYMENT_PROCESSING","9290","2026-08-25 23:01:12","2","False","0.45","not_recovered"
"4540","MERCH004","CUST0267","UPI","ICICI","CUSTOMER_ACTION_REQUIRED","CUSTOMER_AUTHENTICATION","2781","2026-08-27 16:48:57","1","False","0.35","recovered"
"4541","MERCH015","CUST0051","UPI","AXIS","CARD_BLOCKED","CARD_AUTHORIZATION","4585","2026-08-13 05:07:30","0","False","0.05","not_recovered"
"4542","MERCH009","CUST0618","CARD","AXIS","BANK_TIMEOUT","BANK_RESPONSE","4931","2026-08-15 22:41:22","0","False","0.5","not_recovered"
"4543","MERCH038","CUST0720","CARD","ICICI","BANK_TIMEOUT","BANK_RESPONSE","8706","2026-08-22 19:20:24","3","False","0.35","not_recovered"
"4544","MERCH047","CUST0290","UPI","ICICI","CARD_BLOCKED","CARD_AUTHORIZATION","7840","2026-08-24 01:26:10","0","False","0.05","not_recovered"
"4545","MERCH047","CUST0281","CARD","HDFC","BANK_TIMEOUT","BANK_RESPONSE","8454","2026-08-12 05:56:12","1","False","0.45","not_recovered"
"4546","MERCH001","CUST0420","CARD","SBI","INSUFFICIENT_FUNDS","BANK_AUTHORIZATION","9872","2026-08-29 18:47:04","0","False","0.45","not_recovered"
"4547","MERCH040","CUST0521","UPI","HDFC","INSUFFICIENT_FUNDS","BANK_AUTHORIZATION","4354","2026-08-08 08:46:57","0","False","0.45","recovered"
"4548","MERCH033","CUST0358","CARD","SBI","CARD_BLOCKED","CARD_AUTHORIZATION","3048","2026-08-15 19:06:01","0","True","0.08","not_recovered"
"4549","MERCH024","CUST0481","UPI","ICICI","BANK_TIMEOUT","BANK_RESPONSE","8763","2026-08-14 16:08:10","0","False","0.5","recovered"
"4550","MERCH025","CUST0359","UPI","HDFC","CARD_BLOCKED","CARD_AUTHORIZATION","3752","2026-08-15 22:10:16","0","False","0.05","not_recovered"
"4551","MERCH030","CUST0709","UPI","SBI","PROCESSING_ERROR","PAYMENT_PROCESSING","3646","2026-08-05 10:51:20","3","False","0.4","recovered"
"4552","MERCH042","CUST0300","UPI","ICICI","CARD_BLOCKED","CARD_AUTHORIZATION","8945","2026-08-15 01:58:10","2","False","0.0","not_recovered"
"4553","MERCH014","CUST0708","UPI","HDFC","PROCESSING_ERROR","PAYMENT_PROCESSING","1301","2026-08-06 21:23:14","1","True","0.53","recovered"
"4554","MERCH010","CUST0097","UPI","ICICI","INSUFFICIENT_FUNDS","BANK_AUTHORIZATION","8222","2026-08-28 21:01:15","0","False","0.45","not_recovered"
"4555","MERCH030","CUST0054","CARD","SBI","PROCESSING_ERROR","PAYMENT_PROCESSING","563","2026-08-23 13:14:14","0","False","0.55","not_recovered"
"4556","MERCH002","CUST0654","CARD","HDFC","PROCESSING_ERROR","PAYMENT_PROCESSING","3660","2026-08-11 00:07:32","0","True","0.58","recovered"
"4557","MERCH043","CUST0895","UPI","HDFC","PROCESSING_ERROR","PAYMENT_PROCESSING","7522","2026-08-09 10:10:03","0","False","0.55","not_recovered"
"4558","MERCH004","CUST0262","CARD","SBI","PROCESSING_ERROR","PAYMENT_PROCESSING","4058","2026-08-23 09:43:10","1","False","0.5","recovered"
"4559","MERCH022","CUST0167","UPI","AXIS","CUSTOMER_ACTION_REQUIRED","CUSTOMER_AUTHENTICATION","3297","2026-08-20 20:59:18","1","True","0.38","not_recovered"
"4560","MERCH024","CUST0284","CARD","SBI","CUSTOMER_ACTION_REQUIRED","CUSTOMER_AUTHENTICATION","9704","2026-08-28 11:22:32","1","False","0.35","not_recovered"
"4561","MERCH029","CUST0997","UPI","HDFC","PROCESSING_ERROR","PAYMENT_PROCESSING","2505","2026-08-31 08:31:13","0","False","0.55","unknown"
"4562","MERCH023","CUST0108","CARD","ICICI","INSUFFICIENT_FUNDS","BANK_AUTHORIZATION","4754","2026-08-23 16:00:56","2","False","0.35","not_recovered"
"4563","MERCH032","CUST0981","UPI","ICICI","BANK_TIMEOUT","BANK_RESPONSE","3768","2026-08-11 08:56:22","3","True","0.38","not_recovered"
"4564","MERCH037","CUST0964","UPI","SBI","BANK_TIMEOUT","BANK_RESPONSE","3592","2026-08-16 12:04:47","2","False","0.4","recovered"
"4565","MERCH005","CUST0632","CARD","SBI","CUSTOMER_ACTION_REQUIRED","CUSTOMER_AUTHENTICATION","6317","2026-08-19 12:20:01","1","True","0.38","not_recovered"
"4566","MERCH002","CUST0805","UPI","HDFC","PROCESSING_ERROR","PAYMENT_PROCESSING","7049","2026-08-16 22:29:14","1","False","0.5","recovered"
"4567","MERCH034","CUST0687","CARD","SBI","BANK_TIMEOUT","BANK_RESPONSE","5851","2026-08-07 20:32:16","1","False","0.45","recovered"
"4568","MERCH042","CUST0055","CARD","HDFC","INSUFFICIENT_FUNDS","BANK_AUTHORIZATION","145","2026-08-18 01:31:59","2","False","0.35","not_recovered"
"4569","MERCH025","CUST0613","UPI","HDFC","BANK_TIMEOUT","BANK_RESPONSE","7762","2026-08-29 22:33:33","2","False","0.4","not_recovered"
"4570","MERCH032","CUST0294","CARD","HDFC","INSUFFICIENT_FUNDS","BANK_AUTHORIZATION","8547","2026-08-31 15:53:30","0","True","0.48","unknown"
"4571","MERCH005","CUST0765","CARD","HDFC","BANK_TIMEOUT","BANK_RESPONSE","3481","2026-08-28 04:02:58","0","False","0.5","recovered"
"4572","MERCH021","CUST0457","UPI","SBI","INSUFFICIENT_FUNDS","BANK_AUTHORIZATION","5011","2026-08-14 04:32:52","1","False","0.4","not_recovered"
"4573","MERCH008","CUST0608","CARD","ICICI","INSUFFICIENT_FUNDS","BANK_AUTHORIZATION","9515","2026-08-20 15:48:59","0","False","0.45","recovered"
"4574","MERCH018","CUST0007","UPI","AXIS","PROCESSING_ERROR","PAYMENT_PROCESSING","1319","2026-08-19 05:18:39","0","False","0.55","not_recovered"
"4575","MERCH027","CUST0541","CARD","SBI","BANK_TIMEOUT","BANK_RESPONSE","1063","2026-08-17 13:24:08","1","False","0.45","recovered"
"4576","MERCH006","CUST0662","UPI","SBI","CARD_BLOCKED","CARD_AUTHORIZATION","1568","2026-08-27 18:57:17","0","True","0.08","recovered"
"4577","MERCH023","CUST0593","UPI","ICICI","INSUFFICIENT_FUNDS","BANK_AUTHORIZATION","6215","2026-08-22 02:38:13","0","False","0.45","not_recovered"
"4578","MERCH026","CUST0746","CARD","AXIS","BANK_TIMEOUT","BANK_RESPONSE","1611","2026-08-18 03:50:59","0","False","0.5","recovered"
"4579","MERCH001","CUST0788","UPI","SBI","CARD_BLOCKED","CARD_AUTHORIZATION","6525","2026-08-20 01:27:26","0","False","0.05","not_recovered"
"4580","MERCH024","CUST0430","CARD","ICICI","BANK_TIMEOUT","BANK_RESPONSE","3255","2026-08-08 18:15:31","1","False","0.45","not_recovered"
"4581","MERCH006","CUST0783","UPI","ICICI","INSUFFICIENT_FUNDS","BANK_AUTHORIZATION","8613","2026-08-17 17:59:00","1","False","0.4","not_recovered"
"4582","MERCH010","CUST0248","UPI","SBI","BANK_TIMEOUT","BANK_RESPONSE","4965","2026-08-22 16:35:17","1","True","0.48","recovered"
"4583","MERCH032","CUST0652","UPI","AXIS","CUSTOMER_ACTION_REQUIRED","CUSTOMER_AUTHENTICATION","6247","2026-08-18 05:37:17","0","False","0.4","not_recovered"
"4584","MERCH001","CUST0330","UPI","ICICI","INSUFFICIENT_FUNDS","BANK_AUTHORIZATION","9871","2026-08-02 00:04:53","3","False","0.3","recovered"
"4585","MERCH027","CUST0153","UPI","SBI","CARD_BLOCKED","CARD_AUTHORIZATION","6290","2026-08-07 09:49:40","0","True","0.08","not_recovered"
"4586","MERCH004","CUST0443","CARD","SBI","PROCESSING_ERROR","PAYMENT_PROCESSING","994","2026-08-12 16:36:51","0","False","0.55","recovered"
"4587","MERCH037","CUST0061","CARD","SBI","INSUFFICIENT_FUNDS","BANK_AUTHORIZATION","9506","2026-08-24 18:45:08","0","False","0.45","recovered"
"4588","MERCH039","CUST0590","CARD","AXIS","PROCESSING_ERROR","PAYMENT_PROCESSING","9401","2026-08-20 19:10:12","1","False","0.5","recovered"
"4589","MERCH027","CUST0848","UPI","HDFC","INSUFFICIENT_FUNDS","BANK_AUTHORIZATION","8476","2026-08-12 15:08:21","0","False","0.45","not_recovered"
"4590","MERCH034","CUST0319","CARD","AXIS","CUSTOMER_ACTION_REQUIRED","CUSTOMER_AUTHENTICATION","8933","2026-08-26 16:22:34","2","True","0.33","not_recovered"
"4591","MERCH030","CUST0357","CARD","AXIS","PROCESSING_ERROR","PAYMENT_PROCESSING","7158","2026-08-10 14:10:52","0","False","0.55","recovered"
"4592","MERCH045","CUST0240","UPI","SBI","PROCESSING_ERROR","PAYMENT_PROCESSING","7313","2026-08-05 03:30:01","2","False","0.45","not_recovered"
"4593","MERCH038","CUST0364","UPI","SBI","CUSTOMER_ACTION_REQUIRED","CUSTOMER_AUTHENTICATION","3285","2026-08-12 11:45:08","0","False","0.4","not_recovered"
"4594","MERCH006","CUST0068","CARD","AXIS","PROCESSING_ERROR","PAYMENT_PROCESSING","8650","2026-08-05 05:03:09","0","False","0.55","not_recovered"
"4595","MERCH012","CUST0971","CARD","AXIS","INSUFFICIENT_FUNDS","BANK_AUTHORIZATION","2050","2026-08-13 15:35:31","0","False","0.45","recovered"
"4596","MERCH037","CUST0286","UPI","HDFC","BANK_TIMEOUT","BANK_RESPONSE","6222","2026-08-29 16:10:03","0","False","0.5","not_recovered"
"4597","MERCH006","CUST0816","UPI","SBI","CUSTOMER_ACTION_REQUIRED","CUSTOMER_AUTHENTICATION","1127","2026-08-19 16:45:51","0","False","0.4","not_recovered"
"4598","MERCH025","CUST0827","UPI","SBI","INSUFFICIENT_FUNDS","BANK_AUTHORIZATION","7310","2026-08-30 20:13:29","0","False","0.45","unknown"
"4599","MERCH020","CUST0289","CARD","SBI","BANK_TIMEOUT","BANK_RESPONSE","9051","2026-08-05 03:37:32","0","False","0.5","recovered"
"4600","MERCH017","CUST0930","UPI","AXIS","PROCESSING_ERROR","PAYMENT_PROCESSING","1625","2026-08-05 12:38:13","1","False","0.5","recovered"
"4601","MERCH035","CUST0611","UPI","SBI","BANK_TIMEOUT","BANK_RESPONSE","7078","2026-08-04 10:13:52","1","False","0.45","not_recovered"
"4602","MERCH019","CUST0316","UPI","AXIS","CUSTOMER_ACTION_REQUIRED","CUSTOMER_AUTHENTICATION","7090","2026-08-20 20:54:50","0","False","0.4","not_recovered"
"4603","MERCH010","CUST0856","CARD","HDFC","CARD_BLOCKED","CARD_AUTHORIZATION","6804","2026-08-24 18:10:46","0","False","0.05","not_recovered"
"4604","MERCH034","CUST0762","CARD","HDFC","INSUFFICIENT_FUNDS","BANK_AUTHORIZATION","290","2026-08-14 09:01:57","1","False","0.4","not_recovered"
"4605","MERCH038","CUST0999","CARD","AXIS","INSUFFICIENT_FUNDS","BANK_AUTHORIZATION","210","2026-08-03 15:00:32","0","True","0.48","recovered"
"4606","MERCH048","CUST0806","CARD","SBI","PROCESSING_ERROR","PAYMENT_PROCESSING","9758","2026-08-29 02:34:00","1","True","0.53","recovered"
"4607","MERCH020","CUST0626","CARD","AXIS","PROCESSING_ERROR","PAYMENT_PROCESSING","1747","2026-08-31 14:43:35","0","False","0.55","unknown"
"4608","MERCH023","CUST0885","UPI","HDFC","CARD_BLOCKED","CARD_AUTHORIZATION","1333","2026-08-31 01:58:59","1","True","0.03","unknown"
"4609","MERCH009","CUST0882","CARD","HDFC","INSUFFICIENT_FUNDS","BANK_AUTHORIZATION","2293","2026-08-09 00:50:51","0","False","0.45","not_recovered"
"4610","MERCH031","CUST0057","CARD","ICICI","CUSTOMER_ACTION_REQUIRED","CUSTOMER_AUTHENTICATION","2810","2026-08-22 12:24:58","0","False","0.4","not_recovered"
"4611","MERCH024","CUST0760","CARD","ICICI","INSUFFICIENT_FUNDS","BANK_AUTHORIZATION","4658","2026-08-14 10:20:26","0","True","0.48","recovered"
"4612","MERCH041","CUST0005","UPI","SBI","INSUFFICIENT_FUNDS","BANK_AUTHORIZATION","5652","2026-08-25 04:04:51","0","False","0.45","recovered"
"4613","MERCH024","CUST0891","UPI","HDFC","BANK_TIMEOUT","BANK_RESPONSE","6039","2026-08-19 21:13:51","2","False","0.4","not_recovered"
"4614","MERCH014","CUST0482","CARD","SBI","PROCESSING_ERROR","PAYMENT_PROCESSING","3634","2026-08-31 14:27:39","0","True","0.58","unknown"
"4615","MERCH021","CUST0919","UPI","ICICI","INSUFFICIENT_FUNDS","BANK_AUTHORIZATION","3710","2026-08-09 03:30:32","0","False","0.45","recovered"
"4616","MERCH048","CUST0210","CARD","AXIS","BANK_TIMEOUT","BANK_RESPONSE","7185","2026-08-17 19:41:46","3","True","0.38","recovered"
"4617","MERCH013","CUST0908","UPI","ICICI","INSUFFICIENT_FUNDS","BANK_AUTHORIZATION","6986","2026-08-14 13:47:24","2","False","0.35","recovered"
"4618","MERCH034","CUST0046","CARD","HDFC","BANK_TIMEOUT","BANK_RESPONSE","4894","2026-08-04 00:32:44","0","False","0.5","recovered"
"4619","MERCH025","CUST0192","CARD","ICICI","PROCESSING_ERROR","PAYMENT_PROCESSING","3044","2026-08-29 23:43:04","0","False","0.55","recovered"
"4620","MERCH050","CUST0439","UPI","ICICI","CUSTOMER_ACTION_REQUIRED","CUSTOMER_AUTHENTICATION","7686","2026-08-12 13:30:20","0","False","0.4","recovered"
"4621","MERCH035","CUST0137","UPI","AXIS","INSUFFICIENT_FUNDS","BANK_AUTHORIZATION","3423","2026-08-06 00:20:47","3","False","0.3","not_recovered"
"4622","MERCH002","CUST0066","UPI","ICICI","INSUFFICIENT_FUNDS","BANK_AUTHORIZATION","2322","2026-08-23 19:23:56","1","False","0.4","recovered"
"4623","MERCH020","CUST0786","UPI","ICICI","CARD_BLOCKED","CARD_AUTHORIZATION","7371","2026-08-25 03:30:41","2","False","0.0","not_recovered"
"4624","MERCH035","CUST0522","CARD","HDFC","BANK_TIMEOUT","BANK_RESPONSE","1570","2026-08-13 11:23:26","3","False","0.35","not_recovered"
"4625","MERCH031","CUST0009","UPI","ICICI","INSUFFICIENT_FUNDS","BANK_AUTHORIZATION","3119","2026-08-28 04:42:28","3","False","0.3","not_recovered"
"4626","MERCH012","CUST0722","UPI","HDFC","CARD_BLOCKED","CARD_AUTHORIZATION","6495","2026-08-18 00:35:18","0","False","0.05","not_recovered"
"4627","MERCH049","CUST0661","CARD","AXIS","INSUFFICIENT_FUNDS","BANK_AUTHORIZATION","4821","2026-08-18 03:00:43","0","False","0.45","not_recovered"
"4628","MERCH010","CUST0962","UPI","HDFC","INSUFFICIENT_FUNDS","BANK_AUTHORIZATION","3467","2026-08-15 14:57:17","1","False","0.4","not_recovered"
"4629","MERCH009","CUST0603","CARD","SBI","INSUFFICIENT_FUNDS","BANK_AUTHORIZATION","1031","2026-08-23 17:27:16","0","False","0.45","not_recovered"
"4630","MERCH003","CUST0938","CARD","HDFC","BANK_TIMEOUT","BANK_RESPONSE","4408","2026-08-18 11:58:34","0","False","0.5","not_recovered"
"4631","MERCH034","CUST0205","UPI","HDFC","INSUFFICIENT_FUNDS","BANK_AUTHORIZATION","2487","2026-08-30 06:19:45","0","False","0.45","unknown"
"4632","MERCH001","CUST0314","UPI","AXIS","PROCESSING_ERROR","PAYMENT_PROCESSING","8216","2026-08-07 03:16:39","1","False","0.5","not_recovered"
"4633","MERCH041","CUST0013","CARD","AXIS","PROCESSING_ERROR","PAYMENT_PROCESSING","6902","2026-08-10 13:17:46","0","True","0.58","not_recovered"
"4634","MERCH040","CUST0308","UPI","HDFC","INSUFFICIENT_FUNDS","BANK_AUTHORIZATION","2854","2026-08-28 13:26:12","0","False","0.45","not_recovered"
"4635","MERCH001","CUST0694","CARD","SBI","PROCESSING_ERROR","PAYMENT_PROCESSING","1603","2026-08-02 04:13:26","0","False","0.55","not_recovered"
"4636","MERCH014","CUST0721","CARD","SBI","INSUFFICIENT_FUNDS","BANK_AUTHORIZATION","6882","2026-08-26 19:45:10","0","False","0.45","not_recovered"
"4637","MERCH043","CUST0518","CARD","ICICI","BANK_TIMEOUT","BANK_RESPONSE","4556","2026-08-12 03:59:31","2","False","0.4","not_recovered"
"4638","MERCH013","CUST0178","CARD","AXIS","CARD_BLOCKED","CARD_AUTHORIZATION","6926","2026-08-12 07:28:48","2","False","0.0","not_recovered"
"4639","MERCH005","CUST0733","UPI","SBI","CUSTOMER_ACTION_REQUIRED","CUSTOMER_AUTHENTICATION","3916","2026-08-26 21:04:43","2","False","0.3","recovered"
"4640","MERCH038","CUST0481","CARD","ICICI","CARD_BLOCKED","CARD_AUTHORIZATION","6257","2026-08-26 21:14:17","1","False","0.0","not_recovered"
"4641","MERCH008","CUST0570","UPI","SBI","CUSTOMER_ACTION_REQUIRED","CUSTOMER_AUTHENTICATION","7841","2026-08-15 13:22:38","0","False","0.4","not_recovered"
"4642","MERCH045","CUST0913","UPI","SBI","INSUFFICIENT_FUNDS","BANK_AUTHORIZATION","6431","2026-08-19 07:42:28","1","False","0.4","recovered"
"4643","MERCH014","CUST0059","UPI","HDFC","INSUFFICIENT_FUNDS","BANK_AUTHORIZATION","1282","2026-08-25 18:06:02","0","False","0.45","not_recovered"
"4644","MERCH020","CUST0182","UPI","HDFC","PROCESSING_ERROR","PAYMENT_PROCESSING","5256","2026-08-27 12:41:52","0","True","0.58","recovered"
"4645","MERCH021","CUST0626","UPI","SBI","PROCESSING_ERROR","PAYMENT_PROCESSING","498","2026-08-14 16:55:01","0","False","0.55","not_recovered"
"4646","MERCH011","CUST0898","CARD","SBI","PROCESSING_ERROR","PAYMENT_PROCESSING","9380","2026-08-06 23:54:47","0","False","0.55","recovered"
"4647","MERCH003","CUST0020","UPI","AXIS","BANK_TIMEOUT","BANK_RESPONSE","3063","2026-08-17 17:19:02","0","False","0.5","not_recovered"
"4648","MERCH010","CUST0200","UPI","SBI","INSUFFICIENT_FUNDS","BANK_AUTHORIZATION","7452","2026-08-03 13:16:11","0","False","0.45","not_recovered"
"4649","MERCH036","CUST0909","UPI","ICICI","INSUFFICIENT_FUNDS","BANK_AUTHORIZATION","4642","2026-08-20 20:14:50","1","True","0.43","not_recovered"
"4650","MERCH026","CUST0037","CARD","AXIS","INSUFFICIENT_FUNDS","BANK_AUTHORIZATION","8143","2026-08-09 14:35:29","0","False","0.45","recovered"
"4651","MERCH045","CUST0731","UPI","AXIS","BANK_TIMEOUT","BANK_RESPONSE","3453","2026-08-19 00:44:50","0","False","0.5","recovered"
"4652","MERCH008","CUST0978","CARD","HDFC","PROCESSING_ERROR","PAYMENT_PROCESSING","5432","2026-08-05 07:29:58","0","False","0.55","not_recovered"
"4653","MERCH025","CUST0961","UPI","AXIS","INSUFFICIENT_FUNDS","BANK_AUTHORIZATION","6050","2026-08-05 14:56:11","2","False","0.35","recovered"
"4654","MERCH015","CUST0674","UPI","SBI","PROCESSING_ERROR","PAYMENT_PROCESSING","7360","2026-08-11 20:31:44","0","False","0.55","not_recovered"
"4655","MERCH010","CUST0301","UPI","AXIS","INSUFFICIENT_FUNDS","BANK_AUTHORIZATION","3401","2026-08-18 09:45:39","1","False","0.4","not_recovered"
"4656","MERCH016","CUST0243","UPI","HDFC","BANK_TIMEOUT","BANK_RESPONSE","3791","2026-08-27 02:54:20","3","False","0.35","recovered"
"4657","MERCH015","CUST0620","UPI","ICICI","CUSTOMER_ACTION_REQUIRED","CUSTOMER_AUTHENTICATION","418","2026-08-02 13:35:22","0","False","0.4","recovered"
"4658","MERCH010","CUST0699","CARD","AXIS","PROCESSING_ERROR","PAYMENT_PROCESSING","1615","2026-08-17 01:16:10","0","False","0.55","recovered"
"4659","MERCH026","CUST0372","UPI","SBI","INSUFFICIENT_FUNDS","BANK_AUTHORIZATION","4288","2026-08-19 23:16:38","2","False","0.35","not_recovered"
"4660","MERCH047","CUST0736","CARD","AXIS","CUSTOMER_ACTION_REQUIRED","CUSTOMER_AUTHENTICATION","4811","2026-08-09 19:58:14","0","False","0.4","not_recovered"
"4661","MERCH039","CUST0022","UPI","HDFC","INSUFFICIENT_FUNDS","BANK_AUTHORIZATION","1655","2026-08-20 05:15:31","3","True","0.33","not_recovered"
"4662","MERCH039","CUST0008","CARD","SBI","CUSTOMER_ACTION_REQUIRED","CUSTOMER_AUTHENTICATION","1936","2026-08-25 14:56:04","1","True","0.38","not_recovered"
"4663","MERCH008","CUST0942","UPI","AXIS","CUSTOMER_ACTION_REQUIRED","CUSTOMER_AUTHENTICATION","7660","2026-08-24 23:16:18","1","False","0.35","recovered"
"4664","MERCH007","CUST0907","CARD","HDFC","BANK_TIMEOUT","BANK_RESPONSE","8541","2026-08-15 18:37:15","3","False","0.35","not_recovered"
"4665","MERCH023","CUST0436","CARD","HDFC","INSUFFICIENT_FUNDS","BANK_AUTHORIZATION","157","2026-08-14 11:31:59","2","False","0.35","not_recovered"
"4666","MERCH006","CUST0912","UPI","HDFC","PROCESSING_ERROR","PAYMENT_PROCESSING","5660","2026-08-13 01:02:10","0","False","0.55","recovered"
"4667","MERCH017","CUST0299","UPI","AXIS","INSUFFICIENT_FUNDS","BANK_AUTHORIZATION","9636","2026-08-23 06:07:11","3","False","0.3","recovered"
"4668","MERCH019","CUST0373","CARD","ICICI","INSUFFICIENT_FUNDS","BANK_AUTHORIZATION","9273","2026-08-04 11:19:47","0","False","0.45","not_recovered"
"4669","MERCH028","CUST0737","CARD","ICICI","PROCESSING_ERROR","PAYMENT_PROCESSING","5263","2026-08-22 14:50:27","2","False","0.45","not_recovered"
"4670","MERCH045","CUST0143","CARD","HDFC","PROCESSING_ERROR","PAYMENT_PROCESSING","1621","2026-08-03 20:17:52","3","False","0.4","not_recovered"
"4671","MERCH011","CUST0268","CARD","SBI","BANK_TIMEOUT","BANK_RESPONSE","2007","2026-08-14 19:43:04","1","False","0.45","recovered"
"4672","MERCH010","CUST0857","UPI","AXIS","INSUFFICIENT_FUNDS","BANK_AUTHORIZATION","4943","2026-08-07 10:53:32","0","False","0.45","recovered"
"4673","MERCH012","CUST0372","UPI","ICICI","INSUFFICIENT_FUNDS","BANK_AUTHORIZATION","3412","2026-08-05 21:30:40","0","False","0.45","not_recovered"
"4674","MERCH012","CUST0192","UPI","ICICI","INSUFFICIENT_FUNDS","BANK_AUTHORIZATION","1234","2026-08-25 20:58:21","0","False","0.45","recovered"
"4675","MERCH016","CUST0460","UPI","ICICI","BANK_TIMEOUT","BANK_RESPONSE","4493","2026-08-28 22:00:05","0","True","0.53","recovered"
"4676","MERCH014","CUST0217","CARD","SBI","INSUFFICIENT_FUNDS","BANK_AUTHORIZATION","8999","2026-08-09 22:38:52","2","False","0.35","not_recovered"
"4677","MERCH023","CUST0445","UPI","HDFC","CUSTOMER_ACTION_REQUIRED","CUSTOMER_AUTHENTICATION","6371","2026-08-15 19:55:22","0","False","0.4","not_recovered"
"4678","MERCH031","CUST0386","CARD","AXIS","PROCESSING_ERROR","PAYMENT_PROCESSING","5926","2026-08-20 13:32:42","0","False","0.55","not_recovered"
"4679","MERCH023","CUST0060","UPI","ICICI","INSUFFICIENT_FUNDS","BANK_AUTHORIZATION","9497","2026-08-30 04:09:20","1","False","0.4","unknown"
"4680","MERCH001","CUST0902","UPI","AXIS","INSUFFICIENT_FUNDS","BANK_AUTHORIZATION","2463","2026-08-27 06:58:14","0","False","0.45","not_recovered"
"4681","MERCH017","CUST0245","UPI","ICICI","BANK_TIMEOUT","BANK_RESPONSE","2409","2026-08-02 13:03:24","0","False","0.5","not_recovered"
"4682","MERCH047","CUST0555","CARD","ICICI","CUSTOMER_ACTION_REQUIRED","CUSTOMER_AUTHENTICATION","2030","2026-08-28 01:19:37","1","True","0.38","not_recovered"
"4683","MERCH034","CUST0037","CARD","HDFC","PROCESSING_ERROR","PAYMENT_PROCESSING","3461","2026-08-31 08:33:40","1","False","0.5","unknown"
"4684","MERCH022","CUST0200","UPI","AXIS","PROCESSING_ERROR","PAYMENT_PROCESSING","345","2026-08-28 06:37:20","0","True","0.58","recovered"
"4685","MERCH034","CUST0297","UPI","SBI","BANK_TIMEOUT","BANK_RESPONSE","7878","2026-08-24 12:30:14","1","False","0.45","not_recovered"
"4686","MERCH005","CUST0596","UPI","SBI","INSUFFICIENT_FUNDS","BANK_AUTHORIZATION","8121","2026-08-06 22:18:50","1","True","0.43","recovered"
"4687","MERCH032","CUST0301","CARD","ICICI","CARD_BLOCKED","CARD_AUTHORIZATION","4644","2026-08-03 04:32:35","2","False","0.0","not_recovered"
"4688","MERCH008","CUST0911","CARD","HDFC","PROCESSING_ERROR","PAYMENT_PROCESSING","7210","2026-08-24 20:33:00","0","False","0.55","recovered"
"4689","MERCH050","CUST0709","CARD","ICICI","PROCESSING_ERROR","PAYMENT_PROCESSING","7056","2026-08-31 12:42:05","0","False","0.55","unknown"
"4690","MERCH040","CUST0168","CARD","HDFC","BANK_TIMEOUT","BANK_RESPONSE","3812","2026-08-09 23:08:58","1","False","0.45","not_recovered"
"4691","MERCH015","CUST0501","UPI","HDFC","BANK_TIMEOUT","BANK_RESPONSE","1391","2026-08-29 17:14:03","1","True","0.48","recovered"
"4692","MERCH049","CUST0329","UPI","ICICI","INSUFFICIENT_FUNDS","BANK_AUTHORIZATION","3926","2026-08-16 23:04:07","0","False","0.45","recovered"
"4693","MERCH042","CUST0877","UPI","HDFC","CARD_BLOCKED","CARD_AUTHORIZATION","8406","2026-08-23 13:14:54","0","False","0.05","not_recovered"
"4694","MERCH041","CUST0767","CARD","SBI","CARD_BLOCKED","CARD_AUTHORIZATION","1521","2026-08-30 07:15:34","0","False","0.05","unknown"
"4695","MERCH011","CUST0698","CARD","HDFC","CUSTOMER_ACTION_REQUIRED","CUSTOMER_AUTHENTICATION","7108","2026-08-13 15:59:14","0","False","0.4","recovered"
"4696","MERCH016","CUST0547","UPI","SBI","INSUFFICIENT_FUNDS","BANK_AUTHORIZATION","1332","2026-08-27 12:17:19","3","True","0.33","recovered"
"4697","MERCH023","CUST0881","CARD","SBI","CUSTOMER_ACTION_REQUIRED","CUSTOMER_AUTHENTICATION","9300","2026-08-08 22:28:39","0","True","0.43","not_recovered"
"4698","MERCH019","CUST0473","CARD","HDFC","INSUFFICIENT_FUNDS","BANK_AUTHORIZATION","3458","2026-08-14 09:29:27","0","False","0.45","not_recovered"
"4699","MERCH015","CUST0751","CARD","ICICI","INSUFFICIENT_FUNDS","BANK_AUTHORIZATION","5402","2026-08-18 22:36:07","1","False","0.4","recovered"
"4700","MERCH013","CUST0066","UPI","AXIS","PROCESSING_ERROR","PAYMENT_PROCESSING","5454","2026-08-30 18:15:29","0","False","0.55","unknown"
"4701","MERCH031","CUST0653","UPI","SBI","PROCESSING_ERROR","PAYMENT_PROCESSING","8663","2026-08-31 08:11:54","0","False","0.55","unknown"
"4702","MERCH003","CUST0128","CARD","ICICI","PROCESSING_ERROR","PAYMENT_PROCESSING","1804","2026-08-21 15:23:39","0","False","0.55","recovered"
"4703","MERCH004","CUST0912","CARD","SBI","PROCESSING_ERROR","PAYMENT_PROCESSING","718","2026-08-08 07:17:49","0","False","0.55","not_recovered"
"4704","MERCH012","CUST0570","UPI","AXIS","INSUFFICIENT_FUNDS","BANK_AUTHORIZATION","3462","2026-08-14 17:36:17","1","True","0.43","not_recovered"
"4705","MERCH035","CUST0469","UPI","AXIS","CUSTOMER_ACTION_REQUIRED","CUSTOMER_AUTHENTICATION","1381","2026-08-14 17:08:40","1","False","0.35","not_recovered"
"4706","MERCH013","CUST0463","UPI","HDFC","PROCESSING_ERROR","PAYMENT_PROCESSING","3400","2026-08-27 05:57:29","1","True","0.53","recovered"
"4707","MERCH042","CUST0235","UPI","HDFC","INSUFFICIENT_FUNDS","BANK_AUTHORIZATION","1934","2026-08-05 22:15:51","0","False","0.45","recovered"
"4708","MERCH012","CUST0743","CARD","HDFC","PROCESSING_ERROR","PAYMENT_PROCESSING","6770","2026-08-28 22:36:07","2","False","0.45","recovered"
"4709","MERCH047","CUST0487","UPI","HDFC","BANK_TIMEOUT","BANK_RESPONSE","9248","2026-08-07 00:18:45","1","False","0.45","not_recovered"
"4710","MERCH043","CUST0594","UPI","ICICI","BANK_TIMEOUT","BANK_RESPONSE","8864","2026-08-14 02:11:16","0","True","0.53","recovered"
"4711","MERCH032","CUST0065","CARD","SBI","BANK_TIMEOUT","BANK_RESPONSE","4103","2026-08-26 10:48:14","0","False","0.5","recovered"
"4712","MERCH034","CUST0466","CARD","SBI","INSUFFICIENT_FUNDS","BANK_AUTHORIZATION","8179","2026-08-17 00:54:34","1","True","0.43","recovered"
"4713","MERCH045","CUST0703","CARD","SBI","INSUFFICIENT_FUNDS","BANK_AUTHORIZATION","596","2026-08-14 01:09:07","1","False","0.4","not_recovered"
"4714","MERCH012","CUST0544","UPI","AXIS","BANK_TIMEOUT","BANK_RESPONSE","3727","2026-08-31 05:04:29","1","False","0.45","unknown"
"4715","MERCH041","CUST0581","UPI","SBI","BANK_TIMEOUT","BANK_RESPONSE","2643","2026-08-10 22:11:05","1","False","0.45","not_recovered"
"4716","MERCH018","CUST0436","CARD","HDFC","PROCESSING_ERROR","PAYMENT_PROCESSING","4115","2026-08-22 11:22:02","1","False","0.5","recovered"
"4717","MERCH050","CUST0179","UPI","AXIS","INSUFFICIENT_FUNDS","BANK_AUTHORIZATION","5023","2026-08-26 20:08:59","0","False","0.45","recovered"
"4718","MERCH028","CUST0819","UPI","HDFC","CARD_BLOCKED","CARD_AUTHORIZATION","6470","2026-08-26 04:33:31","1","True","0.03","not_recovered"
"4719","MERCH025","CUST0504","UPI","SBI","INSUFFICIENT_FUNDS","BANK_AUTHORIZATION","1369","2026-08-09 07:14:49","1","False","0.4","recovered"
"4720","MERCH029","CUST0108","UPI","SBI","CARD_BLOCKED","CARD_AUTHORIZATION","3402","2026-08-22 09:08:08","0","False","0.05","not_recovered"
"4721","MERCH022","CUST0413","UPI","HDFC","CUSTOMER_ACTION_REQUIRED","CUSTOMER_AUTHENTICATION","9021","2026-08-28 23:58:19","0","True","0.43","not_recovered"
"4722","MERCH009","CUST0817","CARD","AXIS","CARD_BLOCKED","CARD_AUTHORIZATION","515","2026-08-22 04:41:32","3","True","0.0","not_recovered"
"4723","MERCH044","CUST0340","UPI","HDFC","PROCESSING_ERROR","PAYMENT_PROCESSING","9422","2026-08-30 06:13:48","0","False","0.55","unknown"
"4724","MERCH031","CUST0299","UPI","AXIS","PROCESSING_ERROR","PAYMENT_PROCESSING","4212","2026-08-12 15:30:28","3","False","0.4","not_recovered"
"4725","MERCH016","CUST0692","UPI","AXIS","BANK_TIMEOUT","BANK_RESPONSE","6187","2026-08-22 05:14:27","1","False","0.45","not_recovered"
"4726","MERCH023","CUST0227","CARD","AXIS","PROCESSING_ERROR","PAYMENT_PROCESSING","8225","2026-08-27 11:10:50","0","True","0.58","not_recovered"
"4727","MERCH022","CUST0518","UPI","AXIS","INSUFFICIENT_FUNDS","BANK_AUTHORIZATION","8505","2026-08-11 07:31:22","0","False","0.45","not_recovered"
"4728","MERCH011","CUST0195","CARD","SBI","INSUFFICIENT_FUNDS","BANK_AUTHORIZATION","4501","2026-08-14 23:03:10","0","True","0.48","not_recovered"
"4729","MERCH025","CUST0509","UPI","HDFC","INSUFFICIENT_FUNDS","BANK_AUTHORIZATION","7954","2026-08-27 02:23:26","0","False","0.45","not_recovered"
"4730","MERCH036","CUST0560","UPI","AXIS","BANK_TIMEOUT","BANK_RESPONSE","155","2026-08-13 08:48:05","0","False","0.5","not_recovered"
"4731","MERCH038","CUST0299","UPI","HDFC","CUSTOMER_ACTION_REQUIRED","CUSTOMER_AUTHENTICATION","8421","2026-08-03 12:03:31","0","False","0.4","recovered"
"4732","MERCH011","CUST0448","UPI","AXIS","INSUFFICIENT_FUNDS","BANK_AUTHORIZATION","2068","2026-08-02 17:41:08","0","False","0.45","recovered"
"4733","MERCH038","CUST0474","UPI","AXIS","CUSTOMER_ACTION_REQUIRED","CUSTOMER_AUTHENTICATION","8331","2026-08-12 01:08:49","1","False","0.35","recovered"
"4734","MERCH009","CUST0638","CARD","SBI","INSUFFICIENT_FUNDS","BANK_AUTHORIZATION","7816","2026-08-19 19:45:05","1","True","0.43","not_recovered"
"4735","MERCH005","CUST0909","CARD","ICICI","PROCESSING_ERROR","PAYMENT_PROCESSING","6078","2026-08-17 12:03:42","0","False","0.55","recovered"
"4736","MERCH010","CUST0569","UPI","SBI","BANK_TIMEOUT","BANK_RESPONSE","8216","2026-08-02 03:42:35","1","False","0.45","not_recovered"
"4737","MERCH022","CUST0323","CARD","HDFC","PROCESSING_ERROR","PAYMENT_PROCESSING","4750","2026-08-07 14:54:51","0","False","0.55","not_recovered"
"4738","MERCH048","CUST0442","CARD","SBI","PROCESSING_ERROR","PAYMENT_PROCESSING","1195","2026-08-18 15:28:31","0","True","0.58","recovered"
"4739","MERCH002","CUST0824","UPI","ICICI","INSUFFICIENT_FUNDS","BANK_AUTHORIZATION","6236","2026-08-20 06:46:32","1","False","0.4","recovered"
"4740","MERCH006","CUST0301","UPI","HDFC","BANK_TIMEOUT","BANK_RESPONSE","6441","2026-08-23 22:05:37","0","False","0.5","not_recovered"
"4741","MERCH017","CUST0403","UPI","AXIS","PROCESSING_ERROR","PAYMENT_PROCESSING","4496","2026-08-10 18:28:56","0","False","0.55","recovered"
"4742","MERCH034","CUST0560","UPI","ICICI","BANK_TIMEOUT","BANK_RESPONSE","9747","2026-08-23 03:05:06","1","False","0.45","recovered"
"4743","MERCH046","CUST0801","UPI","AXIS","BANK_TIMEOUT","BANK_RESPONSE","8579","2026-08-28 23:45:25","0","True","0.53","not_recovered"
"4744","MERCH013","CUST0430","UPI","ICICI","PROCESSING_ERROR","PAYMENT_PROCESSING","4361","2026-08-18 04:43:25","0","False","0.55","recovered"
"4745","MERCH037","CUST0901","UPI","AXIS","BANK_TIMEOUT","BANK_RESPONSE","2798","2026-08-09 16:16:34","1","False","0.45","recovered"
"4746","MERCH002","CUST0616","CARD","ICICI","INSUFFICIENT_FUNDS","BANK_AUTHORIZATION","1249","2026-08-09 22:17:16","0","True","0.48","not_recovered"
"4747","MERCH046","CUST0332","CARD","AXIS","BANK_TIMEOUT","BANK_RESPONSE","9874","2026-08-03 11:35:56","2","False","0.4","recovered"
"4748","MERCH025","CUST0801","CARD","HDFC","CARD_BLOCKED","CARD_AUTHORIZATION","1040","2026-08-20 12:35:04","1","False","0.0","not_recovered"
"4749","MERCH034","CUST0999","UPI","AXIS","BANK_TIMEOUT","BANK_RESPONSE","6166","2026-08-07 07:10:46","3","True","0.38","recovered"
"4750","MERCH026","CUST0498","CARD","AXIS","CARD_BLOCKED","CARD_AUTHORIZATION","8072","2026-08-31 10:16:51","0","False","0.05","unknown"
"4751","MERCH045","CUST0660","UPI","HDFC","BANK_TIMEOUT","BANK_RESPONSE","2272","2026-08-15 04:05:55","2","False","0.4","recovered"
"4752","MERCH006","CUST0604","CARD","AXIS","INSUFFICIENT_FUNDS","BANK_AUTHORIZATION","7498","2026-08-30 06:48:09","3","False","0.3","unknown"
"4753","MERCH002","CUST0858","CARD","ICICI","INSUFFICIENT_FUNDS","BANK_AUTHORIZATION","491","2026-08-09 22:11:05","0","False","0.45","not_recovered"
"4754","MERCH020","CUST0209","UPI","AXIS","CUSTOMER_ACTION_REQUIRED","CUSTOMER_AUTHENTICATION","7421","2026-08-21 14:19:26","1","False","0.35","recovered"
"4755","MERCH025","CUST0397","CARD","ICICI","BANK_TIMEOUT","BANK_RESPONSE","8634","2026-08-22 16:49:52","2","False","0.4","not_recovered"
"4756","MERCH039","CUST0893","UPI","AXIS","PROCESSING_ERROR","PAYMENT_PROCESSING","3900","2026-08-29 10:05:32","2","False","0.45","recovered"
"4757","MERCH035","CUST0710","UPI","ICICI","PROCESSING_ERROR","PAYMENT_PROCESSING","4774","2026-08-31 14:35:26","0","False","0.55","unknown"
"4758","MERCH019","CUST0267","CARD","ICICI","INSUFFICIENT_FUNDS","BANK_AUTHORIZATION","973","2026-08-23 23:28:12","0","False","0.45","recovered"
"4759","MERCH010","CUST0492","CARD","SBI","INSUFFICIENT_FUNDS","BANK_AUTHORIZATION","5573","2026-08-14 06:14:10","0","False","0.45","not_recovered"
"4760","MERCH018","CUST0927","UPI","AXIS","INSUFFICIENT_FUNDS","BANK_AUTHORIZATION","1580","2026-08-31 18:56:46","0","True","0.48","unknown"
"4761","MERCH017","CUST0391","UPI","HDFC","PROCESSING_ERROR","PAYMENT_PROCESSING","2858","2026-08-29 03:06:31","3","True","0.43","recovered"
"4762","MERCH034","CUST0973","UPI","SBI","PROCESSING_ERROR","PAYMENT_PROCESSING","6196","2026-08-27 23:15:03","0","False","0.55","not_recovered"
"4763","MERCH031","CUST0367","UPI","SBI","INSUFFICIENT_FUNDS","BANK_AUTHORIZATION","3630","2026-08-31 03:47:06","1","False","0.4","unknown"
"4764","MERCH026","CUST0992","CARD","AXIS","BANK_TIMEOUT","BANK_RESPONSE","5088","2026-08-21 03:31:30","2","True","0.43","not_recovered"
"4765","MERCH050","CUST0494","UPI","AXIS","INSUFFICIENT_FUNDS","BANK_AUTHORIZATION","6758","2026-08-23 08:13:08","1","False","0.4","not_recovered"
"4766","MERCH026","CUST0924","UPI","HDFC","BANK_TIMEOUT","BANK_RESPONSE","6527","2026-08-12 01:54:22","1","True","0.48","recovered"
"4767","MERCH013","CUST0146","CARD","HDFC","INSUFFICIENT_FUNDS","BANK_AUTHORIZATION","8549","2026-08-22 10:56:31","0","False","0.45","recovered"
"4768","MERCH024","CUST0829","CARD","AXIS","PROCESSING_ERROR","PAYMENT_PROCESSING","5224","2026-08-12 22:08:29","0","False","0.55","not_recovered"
"4769","MERCH016","CUST0837","CARD","ICICI","INSUFFICIENT_FUNDS","BANK_AUTHORIZATION","2261","2026-08-07 06:55:15","1","False","0.4","recovered"
"4770","MERCH035","CUST0668","UPI","SBI","BANK_TIMEOUT","BANK_RESPONSE","8800","2026-08-31 21:23:33","0","False","0.5","unknown"
"4771","MERCH033","CUST0168","UPI","SBI","BANK_TIMEOUT","BANK_RESPONSE","9753","2026-08-09 21:47:30","2","False","0.4","not_recovered"
"4772","MERCH021","CUST0027","CARD","ICICI","PROCESSING_ERROR","PAYMENT_PROCESSING","7084","2026-08-22 07:53:52","1","True","0.53","recovered"
"4773","MERCH011","CUST0898","UPI","HDFC","INSUFFICIENT_FUNDS","BANK_AUTHORIZATION","5279","2026-08-08 10:59:40","2","True","0.38","recovered"
"4774","MERCH008","CUST0951","CARD","AXIS","INSUFFICIENT_FUNDS","BANK_AUTHORIZATION","4472","2026-08-09 01:23:35","0","False","0.45","not_recovered"
"4775","MERCH006","CUST0668","UPI","AXIS","PROCESSING_ERROR","PAYMENT_PROCESSING","9449","2026-08-11 13:55:36","2","False","0.45","not_recovered"
"4776","MERCH028","CUST0962","CARD","HDFC","INSUFFICIENT_FUNDS","BANK_AUTHORIZATION","9134","2026-08-14 23:57:08","0","False","0.45","recovered"
"4777","MERCH025","CUST0086","CARD","HDFC","CUSTOMER_ACTION_REQUIRED","CUSTOMER_AUTHENTICATION","6063","2026-08-04 13:48:25","1","False","0.35","recovered"
"4778","MERCH005","CUST0548","CARD","SBI","BANK_TIMEOUT","BANK_RESPONSE","8076","2026-08-13 22:17:20","1","False","0.45","recovered"
"4779","MERCH009","CUST0218","CARD","AXIS","PROCESSING_ERROR","PAYMENT_PROCESSING","6031","2026-08-15 15:54:16","0","True","0.58","not_recovered"
"4780","MERCH004","CUST0226","CARD","AXIS","PROCESSING_ERROR","PAYMENT_PROCESSING","2943","2026-08-23 03:30:10","0","False","0.55","recovered"
"4781","MERCH039","CUST0967","UPI","SBI","CUSTOMER_ACTION_REQUIRED","CUSTOMER_AUTHENTICATION","3543","2026-08-18 05:04:31","3","False","0.25","not_recovered"
"4782","MERCH017","CUST0846","UPI","ICICI","BANK_TIMEOUT","BANK_RESPONSE","7141","2026-08-08 02:04:07","2","False","0.4","not_recovered"
"4783","MERCH048","CUST0663","UPI","AXIS","BANK_TIMEOUT","BANK_RESPONSE","8475","2026-08-06 02:37:59","2","False","0.4","not_recovered"
"4784","MERCH033","CUST0291","CARD","ICICI","CUSTOMER_ACTION_REQUIRED","CUSTOMER_AUTHENTICATION","4111","2026-08-14 11:47:37","1","False","0.35","recovered"
"4785","MERCH006","CUST0516","CARD","SBI","PROCESSING_ERROR","PAYMENT_PROCESSING","8876","2026-08-08 17:25:46","1","True","0.53","recovered"
"4786","MERCH021","CUST0788","CARD","AXIS","BANK_TIMEOUT","BANK_RESPONSE","1379","2026-08-08 08:47:20","0","False","0.5","not_recovered"
"4787","MERCH042","CUST0442","UPI","SBI","BANK_TIMEOUT","BANK_RESPONSE","5814","2026-08-30 17:34:40","0","False","0.5","unknown"
"4788","MERCH010","CUST0337","UPI","SBI","INSUFFICIENT_FUNDS","BANK_AUTHORIZATION","5270","2026-08-27 23:29:20","0","False","0.45","not_recovered"
"4789","MERCH039","CUST0802","CARD","ICICI","CUSTOMER_ACTION_REQUIRED","CUSTOMER_AUTHENTICATION","2192","2026-08-28 13:21:33","0","False","0.4","not_recovered"
"4790","MERCH004","CUST0599","UPI","HDFC","INSUFFICIENT_FUNDS","BANK_AUTHORIZATION","5915","2026-08-04 07:43:38","3","False","0.3","recovered"
"4791","MERCH022","CUST0701","UPI","SBI","CUSTOMER_ACTION_REQUIRED","CUSTOMER_AUTHENTICATION","4030","2026-08-15 04:23:53","1","False","0.35","recovered"
"4792","MERCH012","CUST0764","UPI","AXIS","INSUFFICIENT_FUNDS","BANK_AUTHORIZATION","5520","2026-08-19 16:26:46","1","False","0.4","recovered"
"4793","MERCH047","CUST0392","UPI","ICICI","BANK_TIMEOUT","BANK_RESPONSE","6186","2026-08-20 16:02:48","1","False","0.45","recovered"
"4794","MERCH045","CUST0225","UPI","HDFC","BANK_TIMEOUT","BANK_RESPONSE","4839","2026-08-12 01:46:45","0","False","0.5","recovered"
"4795","MERCH035","CUST0517","CARD","AXIS","PROCESSING_ERROR","PAYMENT_PROCESSING","8795","2026-08-11 01:38:44","1","False","0.5","not_recovered"
"4796","MERCH044","CUST0867","CARD","AXIS","INSUFFICIENT_FUNDS","BANK_AUTHORIZATION","8451","2026-08-13 18:14:25","1","False","0.4","recovered"
"4797","MERCH005","CUST0575","CARD","ICICI","BANK_TIMEOUT","BANK_RESPONSE","9742","2026-08-27 08:54:28","0","False","0.5","not_recovered"
"4798","MERCH047","CUST0019","CARD","ICICI","INSUFFICIENT_FUNDS","BANK_AUTHORIZATION","6973","2026-08-09 15:20:37","1","False","0.4","recovered"
"4799","MERCH030","CUST0004","UPI","HDFC","PROCESSING_ERROR","PAYMENT_PROCESSING","8853","2026-08-26 15:22:01","0","False","0.55","not_recovered"
"4800","MERCH004","CUST0814","UPI","HDFC","INSUFFICIENT_FUNDS","BANK_AUTHORIZATION","5693","2026-08-08 03:49:06","0","False","0.45","not_recovered"
"4801","MERCH004","CUST0908","CARD","ICICI","INSUFFICIENT_FUNDS","BANK_AUTHORIZATION","441","2026-08-21 08:45:09","2","False","0.35","recovered"
"4802","MERCH032","CUST0195","UPI","SBI","INSUFFICIENT_FUNDS","BANK_AUTHORIZATION","4284","2026-08-15 01:18:35","0","False","0.45","not_recovered"
"4803","MERCH037","CUST0496","UPI","SBI","INSUFFICIENT_FUNDS","BANK_AUTHORIZATION","3063","2026-08-04 19:29:13","1","False","0.4","not_recovered"
"4804","MERCH012","CUST0626","UPI","AXIS","BANK_TIMEOUT","BANK_RESPONSE","4239","2026-08-08 02:00:52","2","True","0.43","not_recovered"
"4805","MERCH026","CUST0426","CARD","ICICI","PROCESSING_ERROR","PAYMENT_PROCESSING","578","2026-08-25 17:23:34","1","False","0.5","recovered"
"4806","MERCH022","CUST0431","CARD","HDFC","CARD_BLOCKED","CARD_AUTHORIZATION","508","2026-08-28 09:27:56","0","False","0.05","not_recovered"
"4807","MERCH049","CUST0770","UPI","SBI","BANK_TIMEOUT","BANK_RESPONSE","1332","2026-08-20 18:01:16","0","False","0.5","recovered"
"4808","MERCH006","CUST0339","UPI","SBI","INSUFFICIENT_FUNDS","BANK_AUTHORIZATION","8165","2026-08-16 07:56:24","0","False","0.45","not_recovered"
"4809","MERCH046","CUST0713","CARD","HDFC","CARD_BLOCKED","CARD_AUTHORIZATION","9108","2026-08-20 08:09:20","0","False","0.05","not_recovered"
"4810","MERCH043","CUST0241","UPI","AXIS","PROCESSING_ERROR","PAYMENT_PROCESSING","3577","2026-08-08 08:16:50","2","False","0.45","not_recovered"
"4811","MERCH017","CUST0288","CARD","SBI","INSUFFICIENT_FUNDS","BANK_AUTHORIZATION","890","2026-08-21 02:24:30","0","False","0.45","not_recovered"
"4812","MERCH032","CUST0930","CARD","HDFC","INSUFFICIENT_FUNDS","BANK_AUTHORIZATION","2102","2026-08-28 09:05:17","0","True","0.48","recovered"
"4813","MERCH039","CUST0027","CARD","AXIS","BANK_TIMEOUT","BANK_RESPONSE","8833","2026-08-04 06:09:41","1","False","0.45","not_recovered"
"4814","MERCH048","CUST0354","CARD","ICICI","PROCESSING_ERROR","PAYMENT_PROCESSING","7121","2026-08-18 01:41:31","0","False","0.55","not_recovered"
"4815","MERCH029","CUST0607","UPI","HDFC","CUSTOMER_ACTION_REQUIRED","CUSTOMER_AUTHENTICATION","3785","2026-08-21 08:14:43","1","False","0.35","recovered"
"4816","MERCH038","CUST0769","CARD","AXIS","CARD_BLOCKED","CARD_AUTHORIZATION","1461","2026-08-03 00:09:05","2","False","0.0","not_recovered"
"4817","MERCH038","CUST0859","UPI","AXIS","PROCESSING_ERROR","PAYMENT_PROCESSING","8946","2026-08-21 12:36:53","0","False","0.55","recovered"
"4818","MERCH001","CUST0296","CARD","HDFC","INSUFFICIENT_FUNDS","BANK_AUTHORIZATION","3573","2026-08-03 04:53:57","0","False","0.45","recovered"
"4819","MERCH030","CUST0870","UPI","SBI","INSUFFICIENT_FUNDS","BANK_AUTHORIZATION","6533","2026-08-24 17:58:19","0","False","0.45","recovered"
"4820","MERCH046","CUST0795","CARD","ICICI","BANK_TIMEOUT","BANK_RESPONSE","1564","2026-08-22 14:26:48","0","True","0.53","recovered"
"4821","MERCH031","CUST0875","UPI","HDFC","INSUFFICIENT_FUNDS","BANK_AUTHORIZATION","5817","2026-08-26 14:38:52","0","False","0.45","not_recovered"
"4822","MERCH025","CUST0980","UPI","HDFC","CUSTOMER_ACTION_REQUIRED","CUSTOMER_AUTHENTICATION","9014","2026-08-04 13:40:09","1","False","0.35","recovered"
"4823","MERCH041","CUST0654","UPI","AXIS","CUSTOMER_ACTION_REQUIRED","CUSTOMER_AUTHENTICATION","1395","2026-08-07 05:01:48","0","False","0.4","recovered"
"4824","MERCH020","CUST0719","UPI","SBI","PROCESSING_ERROR","PAYMENT_PROCESSING","5319","2026-08-24 13:05:41","2","True","0.48","recovered"
"4825","MERCH029","CUST0110","CARD","SBI","INSUFFICIENT_FUNDS","BANK_AUTHORIZATION","8796","2026-08-06 14:23:40","3","False","0.3","not_recovered"
"4826","MERCH027","CUST0922","CARD","HDFC","CUSTOMER_ACTION_REQUIRED","CUSTOMER_AUTHENTICATION","2208","2026-08-06 03:19:14","0","False","0.4","not_recovered"
"4827","MERCH042","CUST0463","UPI","SBI","INSUFFICIENT_FUNDS","BANK_AUTHORIZATION","207","2026-08-21 04:08:02","0","False","0.45","recovered"
"4828","MERCH027","CUST0756","CARD","SBI","INSUFFICIENT_FUNDS","BANK_AUTHORIZATION","3953","2026-08-18 23:41:01","2","False","0.35","not_recovered"
"4829","MERCH037","CUST0344","UPI","AXIS","INSUFFICIENT_FUNDS","BANK_AUTHORIZATION","3143","2026-08-18 15:22:54","0","False","0.45","not_recovered"
"4830","MERCH035","CUST0597","CARD","AXIS","CUSTOMER_ACTION_REQUIRED","CUSTOMER_AUTHENTICATION","3722","2026-08-29 19:03:32","0","False","0.4","not_recovered"
"4831","MERCH003","CUST0230","UPI","HDFC","BANK_TIMEOUT","BANK_RESPONSE","593","2026-08-06 20:19:56","0","False","0.5","not_recovered"
"4832","MERCH023","CUST0730","UPI","AXIS","BANK_TIMEOUT","BANK_RESPONSE","1356","2026-08-19 01:06:57","1","False","0.45","not_recovered"
"4833","MERCH025","CUST0746","UPI","HDFC","INSUFFICIENT_FUNDS","BANK_AUTHORIZATION","5129","2026-08-25 16:10:11","2","True","0.38","not_recovered"
"4834","MERCH027","CUST0078","UPI","ICICI","BANK_TIMEOUT","BANK_RESPONSE","5745","2026-08-13 03:53:49","0","False","0.5","not_recovered"
"4835","MERCH006","CUST0403","UPI","SBI","PROCESSING_ERROR","PAYMENT_PROCESSING","9070","2026-08-26 16:51:33","0","False","0.55","not_recovered"
"4836","MERCH026","CUST0055","UPI","SBI","CARD_BLOCKED","CARD_AUTHORIZATION","9532","2026-08-27 23:29:27","0","False","0.05","not_recovered"
"4837","MERCH014","CUST0270","UPI","ICICI","CUSTOMER_ACTION_REQUIRED","CUSTOMER_AUTHENTICATION","3455","2026-08-21 18:40:10","0","False","0.4","recovered"
"4838","MERCH034","CUST0511","CARD","HDFC","INSUFFICIENT_FUNDS","BANK_AUTHORIZATION","2475","2026-08-16 07:27:33","2","False","0.35","not_recovered"
"4839","MERCH030","CUST0397","UPI","SBI","CUSTOMER_ACTION_REQUIRED","CUSTOMER_AUTHENTICATION","8140","2026-08-16 02:08:34","0","False","0.4","recovered"
"4840","MERCH020","CUST0134","UPI","HDFC","PROCESSING_ERROR","PAYMENT_PROCESSING","3970","2026-08-16 15:39:47","0","True","0.58","not_recovered"
"4841","MERCH041","CUST0177","CARD","SBI","PROCESSING_ERROR","PAYMENT_PROCESSING","2865","2026-08-29 04:37:22","1","True","0.53","recovered"
"4842","MERCH017","CUST0539","UPI","AXIS","INSUFFICIENT_FUNDS","BANK_AUTHORIZATION","7911","2026-08-11 23:41:44","0","False","0.45","recovered"
"4843","MERCH034","CUST0099","UPI","AXIS","PROCESSING_ERROR","PAYMENT_PROCESSING","6693","2026-08-12 19:44:42","0","False","0.55","recovered"
"4844","MERCH029","CUST0999","CARD","ICICI","CARD_BLOCKED","CARD_AUTHORIZATION","7761","2026-08-22 15:32:24","0","True","0.08","not_recovered"
"4845","MERCH020","CUST0411","CARD","ICICI","CARD_BLOCKED","CARD_AUTHORIZATION","1981","2026-08-22 00:16:30","1","True","0.03","not_recovered"
"4846","MERCH030","CUST0107","UPI","ICICI","BANK_TIMEOUT","BANK_RESPONSE","2452","2026-08-28 20:43:38","0","False","0.5","recovered"
"4847","MERCH046","CUST0642","CARD","SBI","BANK_TIMEOUT","BANK_RESPONSE","5907","2026-08-23 08:11:44","0","False","0.5","not_recovered"
"4848","MERCH003","CUST0497","CARD","AXIS","INSUFFICIENT_FUNDS","BANK_AUTHORIZATION","7630","2026-08-27 03:06:51","0","False","0.45","not_recovered"
"4849","MERCH008","CUST0184","CARD","AXIS","INSUFFICIENT_FUNDS","BANK_AUTHORIZATION","8878","2026-08-13 09:38:48","0","False","0.45","not_recovered"
"4850","MERCH041","CUST0940","UPI","ICICI","PROCESSING_ERROR","PAYMENT_PROCESSING","4801","2026-08-28 06:24:23","0","False","0.55","recovered"
"4851","MERCH013","CUST0902","CARD","HDFC","INSUFFICIENT_FUNDS","BANK_AUTHORIZATION","8082","2026-08-22 13:53:59","1","False","0.4","not_recovered"
"4852","MERCH017","CUST0102","UPI","SBI","INSUFFICIENT_FUNDS","BANK_AUTHORIZATION","1735","2026-08-16 05:15:16","1","False","0.4","recovered"
"4853","MERCH042","CUST0677","UPI","HDFC","CUSTOMER_ACTION_REQUIRED","CUSTOMER_AUTHENTICATION","8397","2026-08-13 10:08:30","3","False","0.25","not_recovered"
"4854","MERCH036","CUST0917","UPI","SBI","INSUFFICIENT_FUNDS","BANK_AUTHORIZATION","7879","2026-08-05 13:37:02","0","False","0.45","not_recovered"
"4855","MERCH007","CUST0937","CARD","AXIS","BANK_TIMEOUT","BANK_RESPONSE","5639","2026-08-11 10:46:00","2","False","0.4","not_recovered"
"4856","MERCH007","CUST0698","CARD","ICICI","INSUFFICIENT_FUNDS","BANK_AUTHORIZATION","9437","2026-08-14 06:04:35","0","False","0.45","not_recovered"
"4857","MERCH002","CUST0813","UPI","HDFC","PROCESSING_ERROR","PAYMENT_PROCESSING","832","2026-08-21 12:46:43","0","True","0.58","not_recovered"
"4858","MERCH025","CUST0334","CARD","SBI","INSUFFICIENT_FUNDS","BANK_AUTHORIZATION","9357","2026-08-13 21:34:05","0","False","0.45","recovered"
"4859","MERCH027","CUST0656","CARD","AXIS","CARD_BLOCKED","CARD_AUTHORIZATION","8696","2026-08-02 16:36:31","2","False","0.0","not_recovered"
"4860","MERCH021","CUST0430","UPI","AXIS","INSUFFICIENT_FUNDS","BANK_AUTHORIZATION","319","2026-08-28 21:57:01","0","False","0.45","recovered"
"4861","MERCH008","CUST0884","UPI","SBI","BANK_TIMEOUT","BANK_RESPONSE","100","2026-08-02 00:32:18","0","True","0.53","not_recovered"
"4862","MERCH035","CUST0996","CARD","AXIS","BANK_TIMEOUT","BANK_RESPONSE","2632","2026-08-04 11:33:16","2","False","0.4","recovered"
"4863","MERCH005","CUST0063","UPI","AXIS","PROCESSING_ERROR","PAYMENT_PROCESSING","2886","2026-08-10 01:45:24","0","False","0.55","recovered"
"4864","MERCH042","CUST0401","UPI","SBI","PROCESSING_ERROR","PAYMENT_PROCESSING","1232","2026-08-18 21:54:42","2","False","0.45","not_recovered"
"4865","MERCH036","CUST0061","CARD","SBI","CUSTOMER_ACTION_REQUIRED","CUSTOMER_AUTHENTICATION","2178","2026-08-24 01:20:52","1","False","0.35","recovered"
"4866","MERCH045","CUST0609","CARD","HDFC","BANK_TIMEOUT","BANK_RESPONSE","6799","2026-08-12 12:25:38","0","False","0.5","recovered"
"4867","MERCH038","CUST0172","CARD","HDFC","PROCESSING_ERROR","PAYMENT_PROCESSING","8957","2026-08-25 15:46:40","1","False","0.5","recovered"
"4868","MERCH039","CUST0091","UPI","HDFC","BANK_TIMEOUT","BANK_RESPONSE","3863","2026-08-13 15:20:22","0","False","0.5","not_recovered"
"4869","MERCH030","CUST0866","UPI","HDFC","INSUFFICIENT_FUNDS","BANK_AUTHORIZATION","3631","2026-08-27 00:45:51","2","True","0.38","not_recovered"
"4870","MERCH043","CUST0615","UPI","ICICI","INSUFFICIENT_FUNDS","BANK_AUTHORIZATION","9194","2026-08-25 16:51:07","0","True","0.48","not_recovered"
"4871","MERCH038","CUST0420","UPI","ICICI","BANK_TIMEOUT","BANK_RESPONSE","9954","2026-08-04 18:31:30","3","False","0.35","not_recovered"
"4872","MERCH040","CUST0305","UPI","AXIS","PROCESSING_ERROR","PAYMENT_PROCESSING","5469","2026-08-09 14:42:57","1","True","0.53","not_recovered"
"4873","MERCH033","CUST0630","UPI","ICICI","INSUFFICIENT_FUNDS","BANK_AUTHORIZATION","4413","2026-08-28 06:47:18","0","True","0.48","not_recovered"
"4874","MERCH008","CUST0485","UPI","ICICI","INSUFFICIENT_FUNDS","BANK_AUTHORIZATION","8555","2026-08-16 14:31:02","0","False","0.45","not_recovered"
"4875","MERCH003","CUST0862","UPI","HDFC","PROCESSING_ERROR","PAYMENT_PROCESSING","9154","2026-08-27 02:04:09","3","False","0.4","not_recovered"
"4876","MERCH002","CUST0907","CARD","HDFC","CARD_BLOCKED","CARD_AUTHORIZATION","1014","2026-08-29 01:28:24","1","True","0.03","not_recovered"
"4877","MERCH002","CUST0083","CARD","ICICI","CUSTOMER_ACTION_REQUIRED","CUSTOMER_AUTHENTICATION","5372","2026-08-23 16:03:04","0","True","0.43","not_recovered"
"4878","MERCH009","CUST0339","CARD","ICICI","CUSTOMER_ACTION_REQUIRED","CUSTOMER_AUTHENTICATION","7008","2026-08-26 06:47:47","0","False","0.4","recovered"
"4879","MERCH039","CUST0747","UPI","SBI","INSUFFICIENT_FUNDS","BANK_AUTHORIZATION","9309","2026-08-07 09:34:48","0","False","0.45","not_recovered"
"4880","MERCH018","CUST0721","UPI","ICICI","BANK_TIMEOUT","BANK_RESPONSE","4776","2026-08-25 11:18:50","1","True","0.48","not_recovered"
"4881","MERCH023","CUST0119","UPI","AXIS","CUSTOMER_ACTION_REQUIRED","CUSTOMER_AUTHENTICATION","7447","2026-08-08 17:55:26","0","False","0.4","not_recovered"
"4882","MERCH040","CUST0962","CARD","AXIS","BANK_TIMEOUT","BANK_RESPONSE","2710","2026-08-15 22:41:11","0","False","0.5","recovered"
"4883","MERCH016","CUST0976","UPI","HDFC","INSUFFICIENT_FUNDS","BANK_AUTHORIZATION","2263","2026-08-28 01:10:52","1","False","0.4","recovered"
"4884","MERCH044","CUST0059","UPI","AXIS","INSUFFICIENT_FUNDS","BANK_AUTHORIZATION","7639","2026-08-16 22:08:26","1","False","0.4","not_recovered"
"4885","MERCH017","CUST0911","UPI","SBI","BANK_TIMEOUT","BANK_RESPONSE","2670","2026-08-11 10:54:24","0","False","0.5","not_recovered"
"4886","MERCH023","CUST0468","UPI","HDFC","CARD_BLOCKED","CARD_AUTHORIZATION","7189","2026-08-28 22:55:55","1","False","0.0","not_recovered"
"4887","MERCH031","CUST0388","CARD","AXIS","PROCESSING_ERROR","PAYMENT_PROCESSING","5952","2026-08-18 20:20:14","0","False","0.55","not_recovered"
"4888","MERCH025","CUST0898","CARD","SBI","BANK_TIMEOUT","BANK_RESPONSE","7082","2026-08-20 15:59:33","0","False","0.5","recovered"
"4889","MERCH011","CUST0674","CARD","ICICI","CUSTOMER_ACTION_REQUIRED","CUSTOMER_AUTHENTICATION","8458","2026-08-24 23:03:20","0","True","0.43","recovered"
"4890","MERCH022","CUST0361","CARD","AXIS","BANK_TIMEOUT","BANK_RESPONSE","5679","2026-08-14 02:29:09","0","False","0.5","not_recovered"
"4891","MERCH009","CUST0600","CARD","ICICI","INSUFFICIENT_FUNDS","BANK_AUTHORIZATION","199","2026-08-15 21:57:54","2","False","0.35","recovered"
"4892","MERCH003","CUST0337","CARD","HDFC","BANK_TIMEOUT","BANK_RESPONSE","8003","2026-08-03 23:02:12","0","False","0.5","not_recovered"
"4893","MERCH005","CUST0536","UPI","AXIS","BANK_TIMEOUT","BANK_RESPONSE","3341","2026-08-27 23:06:25","1","False","0.45","recovered"
"4894","MERCH040","CUST0357","CARD","ICICI","INSUFFICIENT_FUNDS","BANK_AUTHORIZATION","9518","2026-08-27 11:04:34","3","False","0.3","recovered"
"4895","MERCH042","CUST0156","CARD","SBI","BANK_TIMEOUT","BANK_RESPONSE","7640","2026-08-24 10:17:24","1","True","0.48","recovered"
"4896","MERCH007","CUST0731","CARD","AXIS","BANK_TIMEOUT","BANK_RESPONSE","7649","2026-08-16 07:07:53","3","True","0.38","recovered"
"4897","MERCH017","CUST0559","UPI","ICICI","BANK_TIMEOUT","BANK_RESPONSE","7284","2026-08-06 19:45:52","3","False","0.35","not_recovered"
"4898","MERCH050","CUST0278","CARD","ICICI","CARD_BLOCKED","CARD_AUTHORIZATION","3466","2026-08-16 20:14:37","1","False","0.0","not_recovered"
"4899","MERCH035","CUST0597","UPI","AXIS","INSUFFICIENT_FUNDS","BANK_AUTHORIZATION","1585","2026-08-27 13:21:07","1","False","0.4","recovered"
"4900","MERCH047","CUST0324","UPI","ICICI","INSUFFICIENT_FUNDS","BANK_AUTHORIZATION","6887","2026-08-17 10:34:30","0","True","0.48","not_recovered"
"4901","MERCH037","CUST0754","UPI","SBI","CUSTOMER_ACTION_REQUIRED","CUSTOMER_AUTHENTICATION","3273","2026-08-05 03:28:54","0","False","0.4","recovered"
"4902","MERCH045","CUST0867","CARD","ICICI","INSUFFICIENT_FUNDS","BANK_AUTHORIZATION","8808","2026-08-16 15:50:50","2","False","0.35","not_recovered"
"4903","MERCH029","CUST0434","CARD","ICICI","PROCESSING_ERROR","PAYMENT_PROCESSING","1641","2026-08-10 06:43:42","0","True","0.58","recovered"
"4904","MERCH034","CUST0248","CARD","HDFC","INSUFFICIENT_FUNDS","BANK_AUTHORIZATION","8623","2026-08-13 17:40:54","0","False","0.45","recovered"
"4905","MERCH048","CUST0242","CARD","ICICI","PROCESSING_ERROR","PAYMENT_PROCESSING","2925","2026-08-11 19:08:17","0","False","0.55","recovered"
"4906","MERCH048","CUST0186","CARD","ICICI","INSUFFICIENT_FUNDS","BANK_AUTHORIZATION","8291","2026-08-05 18:21:53","2","False","0.35","not_recovered"
"4907","MERCH045","CUST0477","CARD","HDFC","INSUFFICIENT_FUNDS","BANK_AUTHORIZATION","4736","2026-08-30 23:28:22","0","False","0.45","unknown"
"4908","MERCH013","CUST0138","CARD","SBI","INSUFFICIENT_FUNDS","BANK_AUTHORIZATION","1732","2026-08-24 13:22:55","0","False","0.45","recovered"
"4909","MERCH034","CUST0762","UPI","SBI","CARD_BLOCKED","CARD_AUTHORIZATION","147","2026-08-25 12:35:40","0","False","0.05","not_recovered"
"4910","MERCH014","CUST0287","CARD","SBI","INSUFFICIENT_FUNDS","BANK_AUTHORIZATION","6249","2026-08-12 02:24:26","0","False","0.45","recovered"
"4911","MERCH046","CUST0414","UPI","AXIS","INSUFFICIENT_FUNDS","BANK_AUTHORIZATION","2902","2026-08-18 01:22:47","0","False","0.45","not_recovered"
"4912","MERCH006","CUST0276","UPI","ICICI","CUSTOMER_ACTION_REQUIRED","CUSTOMER_AUTHENTICATION","1661","2026-08-25 01:14:15","0","True","0.43","recovered"
"4913","MERCH033","CUST0375","UPI","ICICI","BANK_TIMEOUT","BANK_RESPONSE","5211","2026-08-28 00:28:00","0","False","0.5","not_recovered"
"4914","MERCH049","CUST0146","UPI","ICICI","INSUFFICIENT_FUNDS","BANK_AUTHORIZATION","7810","2026-08-09 11:08:57","2","False","0.35","not_recovered"
"4915","MERCH047","CUST0956","CARD","HDFC","INSUFFICIENT_FUNDS","BANK_AUTHORIZATION","6745","2026-08-05 17:32:50","3","False","0.3","not_recovered"
"4916","MERCH001","CUST0273","CARD","HDFC","PROCESSING_ERROR","PAYMENT_PROCESSING","2805","2026-08-11 12:43:50","0","False","0.55","recovered"
"4917","MERCH024","CUST0429","UPI","HDFC","INSUFFICIENT_FUNDS","BANK_AUTHORIZATION","5960","2026-08-21 12:11:00","0","False","0.45","not_recovered"
"4918","MERCH034","CUST0789","UPI","ICICI","CUSTOMER_ACTION_REQUIRED","CUSTOMER_AUTHENTICATION","9337","2026-08-23 07:11:32","0","False","0.4","not_recovered"
"4919","MERCH003","CUST0045","CARD","ICICI","PROCESSING_ERROR","PAYMENT_PROCESSING","3516","2026-08-11 19:51:29","2","True","0.48","not_recovered"
"4920","MERCH048","CUST0993","UPI","AXIS","BANK_TIMEOUT","BANK_RESPONSE","115","2026-08-30 01:25:28","1","True","0.48","unknown"
"4921","MERCH017","CUST0467","CARD","SBI","INSUFFICIENT_FUNDS","BANK_AUTHORIZATION","5254","2026-08-02 18:04:52","0","False","0.45","recovered"
"4922","MERCH021","CUST0529","UPI","AXIS","INSUFFICIENT_FUNDS","BANK_AUTHORIZATION","6602","2026-08-30 16:16:24","0","False","0.45","unknown"
"4923","MERCH046","CUST0730","UPI","HDFC","INSUFFICIENT_FUNDS","BANK_AUTHORIZATION","4842","2026-08-10 19:40:27","0","False","0.45","recovered"
"4924","MERCH016","CUST0707","UPI","SBI","CUSTOMER_ACTION_REQUIRED","CUSTOMER_AUTHENTICATION","7138","2026-08-29 08:45:45","0","False","0.4","not_recovered"
"4925","MERCH016","CUST0391","UPI","ICICI","PROCESSING_ERROR","PAYMENT_PROCESSING","1589","2026-08-16 14:56:56","3","True","0.43","recovered"
"4926","MERCH010","CUST0561","CARD","SBI","INSUFFICIENT_FUNDS","BANK_AUTHORIZATION","2466","2026-08-12 12:00:19","0","False","0.45","not_recovered"
"4927","MERCH049","CUST0124","CARD","SBI","BANK_TIMEOUT","BANK_RESPONSE","2256","2026-08-15 23:02:14","2","False","0.4","recovered"
"4928","MERCH048","CUST0609","UPI","HDFC","INSUFFICIENT_FUNDS","BANK_AUTHORIZATION","466","2026-08-09 05:12:19","0","True","0.48","not_recovered"
"4929","MERCH001","CUST0028","UPI","HDFC","INSUFFICIENT_FUNDS","BANK_AUTHORIZATION","8724","2026-08-31 07:14:54","0","False","0.45","unknown"
"4930","MERCH011","CUST0272","UPI","ICICI","INSUFFICIENT_FUNDS","BANK_AUTHORIZATION","9701","2026-08-25 16:55:10","1","False","0.4","recovered"
"4931","MERCH015","CUST0778","UPI","ICICI","CARD_BLOCKED","CARD_AUTHORIZATION","2009","2026-08-25 12:42:33","3","True","0.0","not_recovered"
"4932","MERCH048","CUST0714","CARD","AXIS","BANK_TIMEOUT","BANK_RESPONSE","6257","2026-08-15 21:04:13","0","False","0.5","not_recovered"
"4933","MERCH039","CUST0890","CARD","AXIS","PROCESSING_ERROR","PAYMENT_PROCESSING","6045","2026-08-12 11:06:42","0","False","0.55","recovered"
"4934","MERCH013","CUST0001","CARD","SBI","PROCESSING_ERROR","PAYMENT_PROCESSING","6524","2026-08-13 22:35:31","2","False","0.45","recovered"
"4935","MERCH032","CUST0972","UPI","SBI","BANK_TIMEOUT","BANK_RESPONSE","5578","2026-08-22 12:54:52","0","False","0.5","recovered"
"4936","MERCH032","CUST0764","UPI","AXIS","INSUFFICIENT_FUNDS","BANK_AUTHORIZATION","2485","2026-08-16 03:35:51","0","False","0.45","not_recovered"
"4937","MERCH031","CUST0725","CARD","AXIS","INSUFFICIENT_FUNDS","BANK_AUTHORIZATION","3086","2026-08-16 14:22:11","0","False","0.45","recovered"
"4938","MERCH028","CUST0171","UPI","HDFC","INSUFFICIENT_FUNDS","BANK_AUTHORIZATION","2731","2026-08-27 17:35:10","2","True","0.38","not_recovered"
"4939","MERCH006","CUST0202","CARD","HDFC","BANK_TIMEOUT","BANK_RESPONSE","3663","2026-08-18 09:37:31","1","True","0.48","recovered"
"4940","MERCH044","CUST0029","CARD","SBI","CUSTOMER_ACTION_REQUIRED","CUSTOMER_AUTHENTICATION","1671","2026-08-15 11:46:38","0","True","0.43","recovered"
"4941","MERCH011","CUST0190","UPI","ICICI","CUSTOMER_ACTION_REQUIRED","CUSTOMER_AUTHENTICATION","6454","2026-08-23 11:52:13","1","False","0.35","not_recovered"
"4942","MERCH037","CUST0226","UPI","ICICI","INSUFFICIENT_FUNDS","BANK_AUTHORIZATION","6899","2026-08-09 14:03:56","1","False","0.4","recovered"
"4943","MERCH042","CUST0978","CARD","ICICI","INSUFFICIENT_FUNDS","BANK_AUTHORIZATION","3323","2026-08-18 14:27:57","1","False","0.4","not_recovered"
"4944","MERCH015","CUST0213","CARD","ICICI","BANK_TIMEOUT","BANK_RESPONSE","1405","2026-08-31 14:00:49","0","False","0.5","unknown"
"4945","MERCH003","CUST0594","CARD","ICICI","PROCESSING_ERROR","PAYMENT_PROCESSING","6021","2026-08-29 16:32:37","0","False","0.55","not_recovered"
"4946","MERCH023","CUST0829","CARD","HDFC","INSUFFICIENT_FUNDS","BANK_AUTHORIZATION","3230","2026-08-02 16:19:17","0","True","0.48","recovered"
"4947","MERCH005","CUST0571","CARD","ICICI","PROCESSING_ERROR","PAYMENT_PROCESSING","4982","2026-08-21 02:49:42","1","False","0.5","not_recovered"
"4948","MERCH049","CUST0359","UPI","SBI","INSUFFICIENT_FUNDS","BANK_AUTHORIZATION","4189","2026-08-19 19:16:29","3","False","0.3","not_recovered"
"4949","MERCH036","CUST0654","CARD","HDFC","BANK_TIMEOUT","BANK_RESPONSE","2383","2026-08-24 05:41:43","2","False","0.4","not_recovered"
"4950","MERCH048","CUST0177","CARD","HDFC","BANK_TIMEOUT","BANK_RESPONSE","6145","2026-08-14 19:47:38","2","True","0.43","recovered"
"4951","MERCH043","CUST0064","CARD","ICICI","BANK_TIMEOUT","BANK_RESPONSE","3015","2026-08-16 17:20:54","3","True","0.38","not_recovered"
"4952","MERCH029","CUST0431","UPI","ICICI","CARD_BLOCKED","CARD_AUTHORIZATION","5229","2026-08-29 14:15:43","0","False","0.05","not_recovered"
"4953","MERCH028","CUST0842","CARD","HDFC","CUSTOMER_ACTION_REQUIRED","CUSTOMER_AUTHENTICATION","5423","2026-08-11 15:23:29","3","True","0.28","not_recovered"
"4954","MERCH018","CUST0871","UPI","HDFC","CARD_BLOCKED","CARD_AUTHORIZATION","1200","2026-08-16 07:37:13","3","False","0.0","not_recovered"
"4955","MERCH043","CUST0928","UPI","AXIS","INSUFFICIENT_FUNDS","BANK_AUTHORIZATION","2547","2026-08-14 22:29:06","0","True","0.48","not_recovered"
"4956","MERCH022","CUST0693","CARD","HDFC","BANK_TIMEOUT","BANK_RESPONSE","594","2026-08-19 17:26:17","0","False","0.5","recovered"
"4957","MERCH012","CUST0168","CARD","HDFC","BANK_TIMEOUT","BANK_RESPONSE","6683","2026-08-15 09:08:18","1","False","0.45","not_recovered"
"4958","MERCH004","CUST0446","CARD","AXIS","INSUFFICIENT_FUNDS","BANK_AUTHORIZATION","2775","2026-08-26 13:50:20","0","False","0.45","recovered"
"4959","MERCH030","CUST0675","UPI","AXIS","PROCESSING_ERROR","PAYMENT_PROCESSING","751","2026-08-05 08:36:24","1","True","0.53","recovered"
"4960","MERCH019","CUST0537","UPI","ICICI","PROCESSING_ERROR","PAYMENT_PROCESSING","4971","2026-08-08 06:06:52","0","False","0.55","recovered"
"4961","MERCH046","CUST0601","UPI","SBI","INSUFFICIENT_FUNDS","BANK_AUTHORIZATION","9671","2026-08-05 09:03:46","2","False","0.35","not_recovered"
"4962","MERCH004","CUST0450","UPI","HDFC","BANK_TIMEOUT","BANK_RESPONSE","4907","2026-08-29 16:06:58","0","True","0.53","not_recovered"
"4963","MERCH014","CUST0017","CARD","ICICI","INSUFFICIENT_FUNDS","BANK_AUTHORIZATION","4440","2026-08-06 03:43:46","0","True","0.48","recovered"
"4964","MERCH018","CUST0702","UPI","SBI","INSUFFICIENT_FUNDS","BANK_AUTHORIZATION","5801","2026-08-19 23:37:37","1","False","0.4","recovered"
"4965","MERCH034","CUST0526","CARD","ICICI","INSUFFICIENT_FUNDS","BANK_AUTHORIZATION","6903","2026-08-02 17:57:52","1","False","0.4","not_recovered"
"4966","MERCH042","CUST0119","CARD","SBI","INSUFFICIENT_FUNDS","BANK_AUTHORIZATION","3834","2026-08-18 18:36:36","3","False","0.3","recovered"
"4967","MERCH023","CUST0124","CARD","HDFC","CARD_BLOCKED","CARD_AUTHORIZATION","7868","2026-08-04 12:17:37","1","True","0.03","not_recovered"
"4968","MERCH035","CUST0398","UPI","SBI","CARD_BLOCKED","CARD_AUTHORIZATION","2101","2026-08-07 16:52:34","0","False","0.05","not_recovered"
"4969","MERCH047","CUST0483","UPI","ICICI","INSUFFICIENT_FUNDS","BANK_AUTHORIZATION","6158","2026-08-31 22:05:04","0","True","0.48","unknown"
"4970","MERCH026","CUST0108","CARD","ICICI","INSUFFICIENT_FUNDS","BANK_AUTHORIZATION","4273","2026-08-26 05:16:09","0","False","0.45","recovered"
"4971","MERCH045","CUST0037","CARD","HDFC","PROCESSING_ERROR","PAYMENT_PROCESSING","1318","2026-08-11 01:44:44","0","False","0.55","recovered"
"4972","MERCH003","CUST0559","CARD","ICICI","CUSTOMER_ACTION_REQUIRED","CUSTOMER_AUTHENTICATION","2996","2026-08-16 14:16:20","2","False","0.3","not_recovered"
"4973","MERCH003","CUST0758","CARD","HDFC","INSUFFICIENT_FUNDS","BANK_AUTHORIZATION","3872","2026-08-13 09:32:58","0","True","0.48","recovered"
"4974","MERCH038","CUST0754","UPI","SBI","CUSTOMER_ACTION_REQUIRED","CUSTOMER_AUTHENTICATION","9779","2026-08-06 18:37:46","3","False","0.25","not_recovered"
"4975","MERCH004","CUST0027","UPI","HDFC","CUSTOMER_ACTION_REQUIRED","CUSTOMER_AUTHENTICATION","7500","2026-08-07 08:51:15","3","False","0.25","not_recovered"
"4976","MERCH042","CUST0190","CARD","ICICI","BANK_TIMEOUT","BANK_RESPONSE","5595","2026-08-30 16:44:52","2","False","0.4","unknown"
"4977","MERCH010","CUST0820","CARD","ICICI","BANK_TIMEOUT","BANK_RESPONSE","4980","2026-08-18 01:22:56","2","True","0.43","recovered"
"4978","MERCH042","CUST0178","CARD","HDFC","PROCESSING_ERROR","PAYMENT_PROCESSING","7202","2026-08-30 21:28:43","2","False","0.45","unknown"
"4979","MERCH018","CUST0562","UPI","SBI","INSUFFICIENT_FUNDS","BANK_AUTHORIZATION","1248","2026-08-10 07:17:58","1","False","0.4","not_recovered"
"4980","MERCH030","CUST0152","CARD","HDFC","INSUFFICIENT_FUNDS","BANK_AUTHORIZATION","7080","2026-08-25 22:02:51","0","False","0.45","recovered"
"4981","MERCH025","CUST0467","CARD","SBI","INSUFFICIENT_FUNDS","BANK_AUTHORIZATION","149","2026-08-26 18:59:09","1","True","0.43","not_recovered"
"4982","MERCH033","CUST0625","UPI","ICICI","INSUFFICIENT_FUNDS","BANK_AUTHORIZATION","3687","2026-08-11 06:31:32","1","True","0.43","recovered"
"4983","MERCH037","CUST0183","UPI","HDFC","BANK_TIMEOUT","BANK_RESPONSE","7182","2026-08-20 16:57:32","0","False","0.5","not_recovered"
"4984","MERCH002","CUST0085","CARD","HDFC","PROCESSING_ERROR","PAYMENT_PROCESSING","5431","2026-08-07 16:28:20","1","False","0.5","not_recovered"
"4985","MERCH026","CUST0060","CARD","AXIS","BANK_TIMEOUT","BANK_RESPONSE","1532","2026-08-02 23:11:11","1","True","0.48","recovered"
"4986","MERCH002","CUST0761","UPI","AXIS","PROCESSING_ERROR","PAYMENT_PROCESSING","8020","2026-08-12 12:04:11","1","True","0.53","recovered"
"4987","MERCH015","CUST0910","UPI","HDFC","CUSTOMER_ACTION_REQUIRED","CUSTOMER_AUTHENTICATION","9857","2026-08-18 19:37:38","0","False","0.4","not_recovered"
"4988","MERCH032","CUST0439","UPI","ICICI","PROCESSING_ERROR","PAYMENT_PROCESSING","8720","2026-08-03 06:53:07","1","False","0.5","not_recovered"
"4989","MERCH044","CUST0624","UPI","HDFC","INSUFFICIENT_FUNDS","BANK_AUTHORIZATION","3160","2026-08-19 12:15:15","0","False","0.45","not_recovered"
"4990","MERCH003","CUST0360","CARD","AXIS","CARD_BLOCKED","CARD_AUTHORIZATION","5205","2026-08-05 18:40:51","1","False","0.0","not_recovered"
"4991","MERCH009","CUST0268","UPI","AXIS","INSUFFICIENT_FUNDS","BANK_AUTHORIZATION","889","2026-08-20 01:10:50","0","True","0.48","not_recovered"
"4992","MERCH038","CUST0625","UPI","AXIS","PROCESSING_ERROR","PAYMENT_PROCESSING","9623","2026-08-07 17:04:22","1","False","0.5","not_recovered"
"4993","MERCH020","CUST0626","UPI","AXIS","PROCESSING_ERROR","PAYMENT_PROCESSING","4417","2026-08-31 14:36:05","0","True","0.58","unknown"
"4994","MERCH006","CUST0461","CARD","ICICI","PROCESSING_ERROR","PAYMENT_PROCESSING","1633","2026-08-07 18:31:42","1","False","0.5","recovered"
"4995","MERCH002","CUST0993","UPI","ICICI","INSUFFICIENT_FUNDS","BANK_AUTHORIZATION","8188","2026-08-18 10:57:10","1","True","0.43","not_recovered"
"4996","MERCH022","CUST0839","CARD","ICICI","BANK_TIMEOUT","BANK_RESPONSE","2267","2026-08-10 14:38:34","1","True","0.48","not_recovered"
"4997","MERCH036","CUST0404","UPI","HDFC","CARD_BLOCKED","CARD_AUTHORIZATION","1064","2026-08-12 08:03:23","0","False","0.05","not_recovered"
"4998","MERCH024","CUST0904","CARD","AXIS","CARD_BLOCKED","CARD_AUTHORIZATION","3432","2026-08-17 18:38:30","3","False","0.0","not_recovered"
"4999","MERCH043","CUST0716","CARD","ICICI","INSUFFICIENT_FUNDS","BANK_AUTHORIZATION","2338","2026-08-26 02:25:41","0","True","0.48","recovered"
"5000","MERCH035","CUST0046","UPI","HDFC","PROCESSING_ERROR","PAYMENT_PROCESSING","1558","2026-08-02 02:29:01","0","False","0.55","recovered"
